time(s),target rotor speed(rad/s),rotor speed(rad/s),motor output,equivalent output,battery voltage(V)
0.00021,0.00000,0.00000,0.00000,0.00000,15.12187
0.00124,790.00000,0.00000,0.48329,0.46109,15.12191
0.00219,790.00000,0.00000,0.48329,0.46109,15.12195
0.00319,790.00000,0.00000,0.48329,0.46109,15.12199
0.00419,790.00000,0.00000,0.48329,0.46109,15.12202
0.00519,790.00000,0.00000,0.48329,0.46109,15.12206
0.00619,790.00000,0.00000,0.48329,0.46109,15.12210
0.00719,790.00000,0.00000,0.48329,0.46109,15.12213
0.00819,790.00000,0.00000,0.48329,0.46109,15.12217
0.00919,790.00000,0.00000,0.48328,0.46109,15.12221
0.01019,790.00000,0.00000,0.48328,0.46109,15.12224
0.01119,790.00000,0.00000,0.48328,0.46109,15.12228
0.01219,790.00000,0.00000,0.48328,0.46109,15.12231
0.01319,790.00000,0.00000,0.48328,0.46109,15.12235
0.01419,790.00000,0.00000,0.48328,0.46109,15.12239
0.01528,790.00000,0.00000,0.48328,0.46109,15.12243
0.01620,790.00000,0.00000,0.48328,0.46109,15.12246
0.01727,790.00000,0.00000,0.48328,0.46109,15.12250
0.01823,790.00000,0.00000,0.48327,0.46109,15.12254
0.01923,790.00000,0.00000,0.48327,0.46109,15.12257
0.02023,790.00000,0.00000,0.48327,0.46109,15.12261
0.02120,790.00000,0.00000,0.48327,0.46109,15.12265
0.02227,790.00000,0.00000,0.48327,0.46109,15.12269
0.02320,790.00000,0.00000,0.48327,0.46109,15.12273
0.02422,790.00000,0.00000,0.48327,0.46109,15.12277
0.02519,790.00000,0.00000,0.48327,0.46109,15.12280
0.02619,790.00000,0.00000,0.48326,0.46109,15.12284
0.02719,790.00000,0.00000,0.48326,0.46109,15.12288
0.02819,790.00000,0.00000,0.48326,0.46109,15.12292
0.02919,790.00000,0.00000,0.48326,0.46109,15.12296
0.03019,790.00000,0.00000,0.48326,0.46109,15.12299
0.03119,790.00000,0.00000,0.48326,0.46109,15.12303
0.03219,790.00000,0.00000,0.48326,0.46109,15.12307
0.03319,790.00000,0.00000,0.48326,0.46109,15.12311
0.03419,790.00000,0.00000,0.48325,0.46109,15.12314
0.03520,790.00000,0.00000,0.48325,0.46109,15.12318
0.03619,790.00000,0.00000,0.48325,0.46109,15.12322
0.03719,790.00000,0.00000,0.48325,0.46109,15.12326
0.03819,790.00000,0.00000,0.48325,0.46109,15.12329
0.03919,790.00000,0.00000,0.48325,0.46109,15.12333
0.04019,790.00000,0.00000,0.48325,0.46109,15.12336
0.04119,790.00000,0.00000,0.48325,0.46109,15.12339
0.04219,790.00000,0.00000,0.48325,0.46109,15.12342
0.04319,790.00000,0.00000,0.48325,0.46109,15.12345
0.04419,790.00000,0.00000,0.48324,0.46109,15.12347
0.04519,790.00000,0.00000,0.48324,0.46109,15.12350
0.04619,790.00000,0.00000,0.48324,0.46109,15.12352
0.04719,790.00000,0.00000,0.48324,0.46109,15.12354
0.04819,790.00000,0.00000,0.48324,0.46109,15.12355
0.04919,790.00000,0.00000,0.48324,0.46109,15.12357
0.05019,790.00000,0.00000,0.48324,0.46109,15.12358
0.05119,790.00000,0.00000,0.48324,0.46109,15.12359
0.05219,790.00000,0.00000,0.48324,0.46109,15.12360
0.05319,790.00000,0.00000,0.48324,0.46109,15.12360
0.05419,790.00000,0.00000,0.48324,0.46109,15.12361
0.05519,790.00000,0.00000,0.48324,0.46109,15.12361
0.05619,790.00000,0.00000,0.48324,0.46109,15.12361
0.05719,790.00000,0.00000,0.48324,0.46109,15.12362
0.05819,790.00000,0.00000,0.48324,0.46109,15.12362
0.05919,790.00000,0.00000,0.48324,0.46109,15.12361
0.06019,790.00000,0.00000,0.48324,0.46109,15.12361
0.06119,790.00000,0.00000,0.48324,0.46109,15.12361
0.06219,790.00000,0.00000,0.48324,0.46109,15.12361
0.06319,790.00000,0.00000,0.48324,0.46109,15.12360
0.06419,790.00000,0.00000,0.48324,0.46109,15.12360
0.06519,790.00000,0.00000,0.48324,0.46109,15.12359
0.06619,790.00000,0.00000,0.48324,0.46109,15.12358
0.06719,790.00000,0.00000,0.48324,0.46109,15.12357
0.06819,790.00000,0.00000,0.48324,0.46109,15.12355
0.06920,790.00000,0.00000,0.48324,0.46109,15.12354
0.07019,790.00000,0.00000,0.48324,0.46109,15.12352
0.07119,790.00000,0.00000,0.48324,0.46109,15.12350
0.07219,790.00000,0.00000,0.48324,0.46109,15.12348
0.07319,790.00000,0.00000,0.48324,0.46109,15.12346
0.07419,790.00000,0.00000,0.48325,0.46109,15.12343
0.07519,790.00000,0.00000,0.48325,0.46109,15.12341
0.07618,790.00000,0.00000,0.48325,0.46109,15.12338
0.07719,790.00000,0.00000,0.48325,0.46109,15.12336
0.07819,790.00000,0.00000,0.48325,0.46109,15.12333
0.07919,790.00000,0.00000,0.48325,0.46109,15.12330
0.08019,790.00000,0.00000,0.48325,0.46109,15.12327
0.08119,790.00000,0.00000,0.48325,0.46109,15.12323
0.08219,790.00000,0.00000,0.48325,0.46109,15.12320
0.08319,790.00000,0.00000,0.48325,0.46109,15.12316
0.08419,790.00000,0.00000,0.48326,0.46109,15.12312
0.08519,790.00000,0.00000,0.48326,0.46109,15.12308
0.08619,790.00000,0.00000,0.48326,0.46109,15.12304
0.08719,790.00000,0.00000,0.48326,0.46109,15.12300
0.08819,790.00000,0.00000,0.48326,0.46109,15.12296
0.08919,790.00000,0.00000,0.48326,0.46109,15.12292
0.09019,790.00000,0.00000,0.48326,0.46109,15.12287
0.09119,790.00000,0.00000,0.48327,0.46109,15.12283
0.09219,790.00000,0.00000,0.48327,0.46109,15.12278
0.09319,790.00000,0.00000,0.48327,0.46109,15.12273
0.09419,790.00000,0.00000,0.48327,0.46109,15.12269
0.09519,790.00000,0.00000,0.48327,0.46109,15.12264
0.09619,790.00000,0.00000,0.48327,0.46109,15.12259
0.09719,790.00000,0.00000,0.48327,0.46109,15.12253
0.09819,790.00000,0.00000,0.48328,0.46109,15.12248
0.09919,790.00000,0.00000,0.48328,0.46109,15.12243
0.10019,790.00000,0.00000,0.48328,0.46109,15.12237
0.10119,790.00000,0.00000,0.48328,0.46109,15.12232
0.10219,790.00000,0.00000,0.48328,0.46109,15.12226
0.10320,790.00000,0.00000,0.48329,0.46109,15.12220
0.10419,790.00000,0.00000,0.48329,0.46109,15.12214
0.10519,790.00000,0.00000,0.48329,0.46109,15.12208
0.10619,790.00000,0.00000,0.48329,0.46109,15.12202
0.10719,790.00000,0.00000,0.48329,0.46109,15.12196
0.10819,790.00000,0.00000,0.48329,0.46109,15.12190
0.10919,790.00000,0.00000,0.48330,0.46109,15.12183
0.11019,790.00000,0.00000,0.48330,0.46109,15.12177
0.11119,790.00000,0.00000,0.48330,0.46109,15.12170
0.11219,790.00000,0.00000,0.48330,0.46109,15.12163
0.11319,790.00000,0.00000,0.48331,0.46109,15.12157
0.11419,790.00000,0.00000,0.48331,0.46109,15.12150
0.11519,790.00000,0.00000,0.48331,0.46109,15.12142
0.11619,790.00000,0.00000,0.48331,0.46109,15.12135
0.11719,790.00000,0.00000,0.48331,0.46109,15.12128
0.11819,790.00000,0.00000,0.48332,0.46109,15.12121
0.11919,790.00000,0.00000,0.48332,0.46109,15.12113
0.12019,790.00000,0.00000,0.48332,0.46109,15.12106
0.12119,790.00000,0.00000,0.48332,0.46109,15.12098
0.12219,790.00000,0.00000,0.48333,0.46109,15.12090
0.12319,790.00000,0.00000,0.48333,0.46109,15.12082
0.12419,790.00000,0.00000,0.48333,0.46109,15.12074
0.12519,790.00000,0.00000,0.48333,0.46109,15.12066
0.12619,790.00000,0.00000,0.48334,0.46109,15.12058
0.12719,790.00000,0.00000,0.48334,0.46109,15.12050
0.12819,790.00000,0.00000,0.48334,0.46109,15.12041
0.12919,790.00000,0.00000,0.48334,0.46109,15.12033
0.13019,790.00000,0.00000,0.48335,0.46109,15.12025
0.13119,790.00000,0.00000,0.48335,0.46109,15.12016
0.13219,790.00000,0.00000,0.48335,0.46109,15.12007
0.13319,790.00000,0.00000,0.48336,0.46109,15.11999
0.13419,790.00000,0.00000,0.48336,0.46109,15.11990
0.13519,790.00000,0.00000,0.48336,0.46109,15.11981
0.13619,790.00000,0.00000,0.48336,0.46109,15.11973
0.13720,790.00000,0.00000,0.48337,0.46109,15.11964
0.13819,790.00000,0.00000,0.48337,0.46109,15.11955
0.13919,790.00000,0.00000,0.48337,0.46109,15.11946
0.14019,790.00000,0.00000,0.48338,0.46109,15.11937
0.14119,790.00000,0.00000,0.48338,0.46109,15.11928
0.14219,790.00000,0.00000,0.48338,0.46109,15.11919
0.14319,790.00000,0.00000,0.48338,0.46109,15.11909
0.14419,790.00000,0.00000,0.48339,0.46109,15.11900
0.14519,790.00000,0.00000,0.48339,0.46109,15.11890
0.14619,790.00000,0.00000,0.48339,0.46109,15.11881
0.14719,790.00000,0.00000,0.48340,0.46109,15.11871
0.14819,790.00000,0.00000,0.48340,0.46109,15.11861
0.14919,790.00000,0.00000,0.48340,0.46109,15.11852
0.15019,790.00000,0.00000,0.48341,0.46109,15.11842
0.15119,790.00000,0.00000,0.48341,0.46109,15.11832
0.15219,790.00000,0.00000,0.48341,0.46109,15.11822
0.15319,790.00000,0.00000,0.48342,0.46109,15.11812
0.15419,790.00000,0.00000,0.48342,0.46109,15.11802
0.15519,790.00000,0.00000,0.48342,0.46109,15.11792
0.15619,790.00000,19.64023,0.48343,0.46109,15.11781
0.15719,790.00000,19.64023,0.48343,0.46109,15.11771
0.15819,790.00000,19.64023,0.48343,0.46109,15.11761
0.15922,790.00000,19.64023,0.48344,0.46109,15.11750
0.16019,790.00000,19.64023,0.48344,0.46109,15.11739
0.16119,790.00000,19.64023,0.48344,0.46109,15.11728
0.16219,790.00000,19.64023,0.48345,0.46109,15.11717
0.16319,790.00000,19.64023,0.48345,0.46109,15.11705
0.16419,790.00000,19.64023,0.48345,0.46109,15.11693
0.16519,790.00000,19.64023,0.48346,0.46109,15.11681
0.16619,790.00000,19.64023,0.48346,0.46109,15.11669
0.16719,790.00000,19.64023,0.48347,0.46109,15.11657
0.16819,790.00000,19.64023,0.48347,0.46109,15.11644
0.16919,790.00000,19.64023,0.48347,0.46109,15.11631
0.17019,790.00000,19.64023,0.48348,0.46109,15.11618
0.17120,790.00000,19.64023,0.48348,0.46109,15.11605
0.17219,790.00000,19.64023,0.48349,0.46109,15.11591
0.17319,790.00000,19.64023,0.48349,0.46109,15.11578
0.17419,790.00000,19.64023,0.48349,0.46109,15.11564
0.17519,790.00000,47.36914,0.48350,0.46109,15.11549
0.17619,790.00000,47.36914,0.48350,0.46109,15.11535
0.17719,790.00000,47.36914,0.48351,0.46109,15.11521
0.17819,790.00000,47.36914,0.48351,0.46109,15.11506
0.17919,790.00000,47.36914,0.48352,0.46109,15.11491
0.18019,790.00000,47.36914,0.48352,0.46109,15.11476
0.18119,790.00000,47.36914,0.48353,0.46109,15.11460
0.18219,790.00000,47.36914,0.48353,0.46109,15.11445
0.18320,790.00000,47.36914,0.48354,0.46109,15.11429
0.18419,790.00000,47.36914,0.48354,0.46109,15.11413
0.18519,790.00000,88.12074,0.48355,0.46109,15.11396
0.18619,790.00000,88.12074,0.48355,0.46109,15.11379
0.18719,790.00000,88.12074,0.48356,0.46109,15.11362
0.18819,790.00000,88.12074,0.48357,0.46109,15.11345
0.18919,790.00000,88.12074,0.48357,0.46109,15.11326
0.19019,790.00000,88.12074,0.48358,0.46109,15.11308
0.19119,790.00000,88.12074,0.48358,0.46109,15.11289
0.19219,790.00000,88.12074,0.48359,0.46109,15.11270
0.19319,790.00000,108.09223,0.48359,0.46109,15.11251
0.19419,790.00000,108.09223,0.48360,0.46109,15.11231
0.19519,790.00000,108.09223,0.48361,0.46109,15.11211
0.19619,790.00000,108.09223,0.48361,0.46109,15.11190
0.19719,790.00000,108.09223,0.48362,0.46109,15.11169
0.19819,790.00000,108.09223,0.48363,0.46109,15.11147
0.19919,790.00000,108.09223,0.48364,0.46109,15.11124
0.20019,790.00000,108.09223,0.48364,0.46109,15.11101
0.20119,790.00000,121.13332,0.48365,0.46109,15.11077
0.20219,790.00000,121.13332,0.48366,0.46109,15.11053
0.20319,790.00000,121.13332,0.48367,0.46109,15.11029
0.20419,790.00000,121.13332,0.48367,0.46109,15.11004
0.20520,790.00000,121.13332,0.48368,0.46109,15.10979
0.20619,790.00000,121.13332,0.48369,0.46109,15.10953
0.20719,790.00000,131.98028,0.48370,0.46109,15.10927
0.20819,790.00000,131.98028,0.48371,0.46109,15.10900
0.20919,790.00000,131.98028,0.48372,0.46109,15.10872
0.21019,790.00000,131.98028,0.48373,0.46109,15.10845
0.21119,790.00000,131.98028,0.48373,0.46109,15.10816
0.21219,790.00000,131.98028,0.48374,0.46109,15.10788
0.21319,790.00000,131.98028,0.48375,0.46109,15.10758
0.21419,790.00000,143.75366,0.48376,0.46109,15.10728
0.21519,790.00000,143.75366,0.48377,0.46109,15.10698
0.21619,790.00000,143.75366,0.48378,0.46109,15.10667
0.21719,790.00000,143.75366,0.48379,0.46109,15.10635
0.21819,790.00000,143.75366,0.48380,0.46109,15.10603
0.21919,790.00000,159.06394,0.48381,0.46109,15.10570
0.22019,790.00000,159.06394,0.48382,0.46109,15.10536
0.22119,790.00000,159.06394,0.48383,0.46109,15.10502
0.22219,790.00000,159.06394,0.48385,0.46109,15.10468
0.22319,790.00000,159.06394,0.48386,0.46109,15.10432
0.22419,790.00000,159.06394,0.48387,0.46109,15.10396
0.22519,790.00000,171.06878,0.48388,0.46109,15.10360
0.22619,790.00000,171.06878,0.48389,0.46109,15.10323
0.22719,790.00000,171.06878,0.48390,0.46109,15.10285
0.22819,790.00000,171.06878,0.48392,0.46109,15.10247
0.22919,790.00000,171.06878,0.48393,0.46109,15.10209
0.23019,790.00000,131.98028,0.48394,0.46109,15.10170
0.23119,790.00000,131.98028,0.48395,0.46109,15.10130
0.23219,790.00000,131.98028,0.48397,0.46109,15.10090
0.23319,790.00000,131.98028,0.48398,0.46109,15.10050
0.23419,790.00000,143.75366,0.48399,0.46109,15.10009
0.23519,790.00000,143.75366,0.48401,0.46109,15.09967
0.23619,790.00000,143.75366,0.48402,0.46109,15.09926
0.23719,790.00000,143.75366,0.48403,0.46109,15.09883
0.23819,790.00000,159.06394,0.48405,0.46109,15.09840
0.23920,790.00000,159.06394,0.48406,0.46109,15.09797
0.24019,790.00000,159.06394,0.48407,0.46109,15.09753
0.24119,790.00000,159.06394,0.48409,0.46109,15.09709
0.24219,790.00000,159.06394,0.48410,0.46109,15.09664
0.24319,790.00000,171.06878,0.48412,0.46109,15.09619
0.24419,790.00000,171.06878,0.48413,0.46109,15.09573
0.24519,790.00000,171.06878,0.48415,0.46109,15.09527
0.24619,790.00000,171.06878,0.48416,0.46109,15.09481
0.24719,790.00000,183.70812,0.48418,0.46109,15.09434
0.24819,790.00000,183.70812,0.48419,0.46109,15.09387
0.24919,790.00000,183.70812,0.48421,0.46109,15.09340
0.25019,790.00000,195.46992,0.48422,0.46109,15.09292
0.25119,790.00000,195.46992,0.48424,0.46109,15.09244
0.25219,790.00000,195.46992,0.48425,0.46109,15.09195
0.25319,790.00000,195.46992,0.48427,0.46109,15.09146
0.25419,790.00000,206.91514,0.48429,0.46109,15.09096
0.25519,790.00000,206.91514,0.48430,0.46109,15.09047
0.25619,790.00000,206.91514,0.48432,0.46109,15.08996
0.25719,790.00000,219.03315,0.48433,0.46109,15.08946
0.25819,790.00000,219.03315,0.48435,0.46109,15.08895
0.25919,790.00000,219.03315,0.48437,0.46109,15.08844
0.26019,790.00000,219.03315,0.48438,0.46109,15.08792
0.26119,790.00000,229.03747,0.48440,0.46109,15.08741
0.26219,790.00000,229.03747,0.48442,0.46109,15.08689
0.26319,790.00000,244.31079,0.48443,0.46109,15.08636
0.26419,790.00000,244.31079,0.48445,0.46109,15.08583
0.26519,790.00000,244.31079,0.48447,0.46109,15.08530
0.26619,790.00000,255.94464,0.48448,0.46109,15.08476
0.26719,790.00000,255.94464,0.48450,0.46109,15.08421
0.26819,790.00000,255.94464,0.48452,0.46109,15.08366
0.26919,790.00000,258.89758,0.48454,0.46109,15.08311
0.27019,790.00000,258.89758,0.48456,0.46109,15.08254
0.27119,790.00000,262.68594,0.48457,0.46109,15.08197
0.27219,790.00000,262.68594,0.48459,0.46109,15.08140
0.27320,790.00000,262.68594,0.48461,0.46109,15.08082
0.27419,790.00000,320.34185,0.48463,0.46109,15.08023
0.27519,790.00000,320.34185,0.48465,0.46109,15.07963
0.27619,790.00000,322.41305,0.48467,0.46109,15.07902
0.27719,790.00000,322.41305,0.48469,0.46109,15.07841
0.27819,790.00000,334.67483,0.48471,0.46109,15.07778
0.27919,790.00000,334.67483,0.48473,0.46109,15.07714
0.28019,790.00000,334.67483,0.48475,0.46109,15.07648
0.28119,790.00000,357.89389,0.48477,0.46109,15.07581
0.28219,790.00000,357.89389,0.48479,0.46109,15.07512
0.28319,790.00000,375.09313,0.48482,0.46109,15.07442
0.28419,790.00000,375.09313,0.48484,0.46109,15.07370
0.28519,790.00000,389.75158,0.48486,0.46109,15.07295
0.28619,790.00000,389.75158,0.48489,0.46109,15.07219
0.28719,790.00000,393.51071,0.48491,0.46109,15.07141
0.28819,790.00000,393.51071,0.48494,0.46109,15.07060
0.28919,790.00000,407.62844,0.48497,0.46109,15.06977
0.29019,790.00000,407.62844,0.48499,0.46109,15.06892
0.29119,790.00000,420.42056,0.48502,0.46109,15.06804
0.29219,790.00000,420.42056,0.48505,0.46109,15.06714
0.29319,790.00000,430.70916,0.48508,0.46109,15.06620
0.29419,790.00000,458.89462,0.48511,0.46109,15.06524
0.29519,790.00000,458.89462,0.48514,0.46109,15.06425
0.29619,790.00000,461.48992,0.48518,0.46109,15.06323
0.29719,790.00000,461.48992,0.48521,0.46109,15.06217
0.29819,790.00000,464.35482,0.48525,0.46109,15.06109
0.29919,790.00000,464.35482,0.48528,0.46109,15.05997
0.30019,790.00000,464.35482,0.48532,0.46109,15.05881
0.30119,790.00000,464.35482,0.48536,0.46109,15.05762
0.30219,790.00000,465.55905,0.48540,0.46109,15.05639
0.30319,790.00000,465.55905,0.48544,0.46109,15.05512
0.30420,790.00000,465.55905,0.48548,0.46109,15.05382
0.30522,790.00000,465.55905,0.48552,0.46109,15.05247
0.30619,790.00000,465.55905,0.48557,0.46109,15.05109
0.30720,790.00000,465.55905,0.48561,0.46109,15.04967
0.30819,790.00000,467.25552,0.48566,0.46109,15.04820
0.30919,790.00000,467.25552,0.48571,0.46109,15.04669
0.31019,790.00000,481.28576,0.48576,0.46109,15.04514
0.31119,790.00000,514.08813,0.48581,0.46109,15.04355
0.31219,790.00000,514.08813,0.48586,0.46109,15.04191
0.31319,790.00000,553.73095,0.48592,0.46109,15.04024
0.31419,790.00000,553.73095,0.48597,0.46109,15.03851
0.31519,790.00000,553.73095,0.48603,0.46109,15.03674
0.31619,790.00000,553.73095,0.48609,0.46109,15.03493
0.31719,790.00000,564.88226,0.48615,0.46109,15.03308
0.31819,790.00000,564.88226,0.48621,0.46109,15.03118
0.31919,790.00000,579.84356,0.48627,0.46109,15.02924
0.32019,790.00000,579.84356,0.48634,0.46109,15.02725
0.32119,790.00000,590.13671,0.48640,0.46109,15.02521
0.32219,790.00000,590.13671,0.48647,0.46109,15.02313
0.32319,790.00000,590.13671,0.48654,0.46109,15.02101
0.32419,790.00000,594.04223,0.48661,0.46109,15.01884
0.32519,790.00000,597.60180,0.48668,0.46109,15.01662
0.32619,790.00000,597.60180,0.48676,0.46109,15.01436
0.32719,790.00000,597.60180,0.48683,0.46109,15.01204
0.32819,790.00000,600.39996,0.48691,0.46109,15.00969
0.32919,790.00000,601.20422,0.48699,0.46109,15.00728
0.33019,790.00000,601.20422,0.48707,0.46109,15.00483
0.33119,790.00000,622.46728,0.48715,0.46109,15.00233
0.33219,790.00000,622.46728,0.48723,0.46109,14.99978
0.33319,790.00000,622.46728,0.48731,0.46109,14.99718
0.33419,790.00000,626.37677,0.48740,0.46109,14.99454
0.33519,790.00000,628.13006,0.48749,0.46109,14.99184
0.33619,790.00000,634.34478,0.48758,0.46109,14.98910
0.33719,790.00000,634.34478,0.48767,0.46109,14.98631
0.33819,790.00000,634.34478,0.48776,0.46109,14.98347
0.33919,790.00000,637.95159,0.48785,0.46109,14.98058
0.34019,790.00000,637.95159,0.48795,0.46109,14.97764
0.34120,790.00000,654.22589,0.48805,0.46109,14.97466
0.34219,790.00000,656.13879,0.48815,0.46109,14.97163
0.34319,790.00000,656.13879,0.48825,0.46109,14.96854
0.34419,790.00000,656.13879,0.48835,0.46109,14.96542
0.34519,790.00000,666.36816,0.48845,0.46109,14.96224
0.34619,790.00000,666.36816,0.48856,0.46109,14.95902
0.34719,790.00000,666.36816,0.48866,0.46109,14.95575
0.34819,790.00000,666.36816,0.48877,0.46109,14.95243
0.34919,790.00000,670.34942,0.48888,0.46109,14.94906
0.35019,790.00000,673.87231,0.48899,0.46109,14.94565
0.35119,790.00000,673.87231,0.48911,0.46109,14.94219
0.35219,790.00000,673.87231,0.48922,0.46109,14.93869
0.35319,790.00000,673.87231,0.48934,0.46109,14.93514
0.35419,790.00000,673.87231,0.48946,0.46109,14.93154
0.35519,790.00000,673.87231,0.48958,0.46109,14.92790
0.35619,790.00000,673.87231,0.48970,0.46109,14.92422
0.35719,790.00000,670.34942,0.48982,0.46109,14.92050
0.35819,790.00000,673.87231,0.48994,0.46109,14.91673
0.35919,790.00000,686.23687,0.49007,0.46109,14.91292
0.36019,790.00000,686.23687,0.49019,0.46109,14.90907
0.36119,790.00000,686.23687,0.49032,0.46109,14.90517
0.36219,790.00000,690.45989,0.49045,0.46109,14.90124
0.36319,790.00000,686.23687,0.49058,0.46109,14.89726
0.36419,790.00000,686.23687,0.49071,0.46109,14.89325
0.36519,790.00000,690.45989,0.49085,0.46109,14.88919
0.36619,790.00000,690.99145,0.49098,0.46109,14.88510
0.36719,790.00000,693.12579,0.49112,0.46109,14.88097
0.36819,790.00000,690.99145,0.49126,0.46109,14.87680
0.36919,790.00000,690.99145,0.49140,0.46109,14.87260
0.37019,790.00000,693.12579,0.49154,0.46109,14.86835
0.37119,790.00000,693.12579,0.49168,0.46109,14.86408
0.37219,790.00000,696.35211,0.49182,0.46109,14.85976
0.37319,790.00000,696.89282,0.49196,0.46109,14.85542
0.37419,790.00000,696.89282,0.49211,0.46109,14.85103
0.37520,790.00000,697.43426,0.49226,0.46109,14.84662
0.37619,790.00000,699.06378,0.49240,0.46109,14.84218
0.37719,790.00000,699.06378,0.49255,0.46109,14.83770
0.37819,790.00000,699.06378,0.49270,0.46109,14.83320
0.37919,790.00000,699.06378,0.49285,0.46109,14.82866
0.38019,790.00000,699.06378,0.49300,0.46109,14.82409
0.38119,790.00000,708.44348,0.49316,0.46109,14.81950
0.38219,790.00000,708.44348,0.49331,0.46109,14.81487
0.38319,790.00000,708.44348,0.49347,0.46109,14.81022
0.38419,790.00000,709.56359,0.49362,0.46109,14.80555
0.38519,790.00000,708.44348,0.49378,0.46109,14.80084
0.38619,790.00000,709.56359,0.49394,0.46109,14.79612
0.38719,790.00000,709.56359,0.49409,0.46109,14.79137
0.38819,790.00000,709.56359,0.49425,0.46109,14.78659
0.38919,790.00000,709.56359,0.49441,0.46109,14.78180
0.39019,790.00000,709.56359,0.49458,0.46109,14.77697
0.39119,790.00000,709.56359,0.49474,0.46109,14.77213
0.39219,790.00000,711.25030,0.49490,0.46109,14.76726
0.39319,790.00000,711.25030,0.49507,0.46109,14.76237
0.39419,790.00000,713.51184,0.49523,0.46109,14.75746
0.39519,790.00000,716.93121,0.49540,0.46109,14.75253
0.39619,790.00000,719.22906,0.49556,0.46109,14.74758
0.39719,790.00000,720.38354,0.49573,0.46109,14.74261
0.39819,790.00000,720.38354,0.49590,0.46109,14.73762
0.39919,790.00000,719.22906,0.49606,0.46109,14.73262
0.40019,790.00000,720.38354,0.49623,0.46109,14.72759
0.40119,790.00000,720.38354,0.49640,0.46109,14.72255
0.40219,790.00000,721.54168,0.49657,0.46109,14.71749
0.40319,790.00000,721.54168,0.49675,0.46109,14.71242
0.40419,790.00000,721.54168,0.49692,0.46109,14.70733
0.40519,790.00000,727.97882,0.49709,0.46109,14.70222
0.40619,790.00000,729.75439,0.49726,0.46109,14.69710
0.40719,790.00000,729.75439,0.49744,0.46109,14.69197
0.40819,790.00000,729.75439,0.49761,0.46109,14.68682
0.40920,790.00000,729.75439,0.49779,0.46109,14.68167
0.41019,790.00000,727.97882,0.49796,0.46109,14.67649
0.41119,790.00000,729.75439,0.49814,0.46109,14.67131
0.41219,790.00000,731.53863,0.49831,0.46109,14.66612
0.41319,790.00000,732.73297,0.49849,0.46109,14.66091
0.41419,790.00000,732.73297,0.49867,0.46109,14.65569
0.41519,790.00000,732.73297,0.49885,0.46109,14.65047
0.41619,790.00000,737.54962,0.49903,0.46109,14.64523
0.41719,790.00000,737.54962,0.49920,0.46109,14.63999
0.41819,790.00000,732.73297,0.49938,0.46109,14.63474
0.41919,790.00000,732.73297,0.49956,0.46109,14.62947
0.42019,790.00000,737.54962,0.49974,0.46109,14.62421
0.42119,790.00000,738.15612,0.49992,0.46109,14.61893
0.42219,790.00000,738.15612,0.50010,0.46109,14.61364
0.42319,790.00000,739.37219,0.50028,0.46109,14.60836
0.42419,790.00000,739.37219,0.50047,0.46109,14.60306
0.42519,790.00000,739.37219,0.50065,0.46109,14.59776
0.42619,790.00000,738.15612,0.50083,0.46109,14.59246
0.42719,790.00000,739.37219,0.50101,0.46109,14.58715
0.42820,790.00000,737.54962,0.50119,0.46109,14.58185
0.42919,790.00000,737.54962,0.50138,0.46109,14.57653
0.43019,790.00000,737.54962,0.50156,0.46109,14.57122
0.43119,790.00000,737.54962,0.50174,0.46109,14.56591
0.43219,790.00000,736.94409,0.50193,0.46109,14.56059
0.43319,790.00000,736.94409,0.50211,0.46109,14.55528
0.43419,790.00000,737.54962,0.50229,0.46109,14.54996
0.43519,790.00000,737.54962,0.50248,0.46109,14.54465
0.43619,790.00000,737.54962,0.50266,0.46109,14.53933
0.43719,790.00000,741.81640,0.50284,0.46109,14.53401
0.43819,790.00000,741.81640,0.50303,0.46109,14.52869
0.43919,790.00000,741.81640,0.50321,0.46109,14.52338
0.44019,790.00000,741.81640,0.50340,0.46109,14.51806
0.44119,790.00000,746.13293,0.50358,0.46109,14.51274
0.44219,790.00000,746.13293,0.50377,0.46109,14.50743
0.44320,790.00000,746.13293,0.50395,0.46109,14.50211
0.44419,790.00000,746.13293,0.50413,0.46109,14.49680
0.44519,790.00000,743.04461,0.50432,0.46109,14.49150
0.44619,790.00000,746.13293,0.50450,0.46109,14.48620
0.44719,790.00000,746.13293,0.50469,0.46109,14.48090
0.44819,790.00000,746.13293,0.50487,0.46109,14.47560
0.44919,790.00000,746.13293,0.50506,0.46109,14.47031
0.45019,790.00000,746.13293,0.50524,0.46109,14.46502
0.45120,790.00000,743.04461,0.50543,0.46109,14.45974
0.45222,790.00000,743.04461,0.50561,0.46109,14.45446
0.45319,790.00000,743.04461,0.50580,0.46109,14.44919
0.45419,790.00000,743.04461,0.50598,0.46109,14.44392
0.45519,790.00000,749.24700,0.50616,0.46109,14.43865
0.45619,790.00000,749.24700,0.50635,0.46109,14.43339
0.45719,790.00000,749.24700,0.50653,0.46109,14.42813
0.45819,790.00000,749.24700,0.50672,0.46109,14.42288
0.45919,790.00000,749.24700,0.50690,0.46109,14.41764
0.46019,790.00000,749.24700,0.50709,0.46109,14.41240
0.46119,790.00000,747.37542,0.50727,0.46109,14.40717
0.46219,790.00000,749.24700,0.50746,0.46109,14.40194
0.46319,790.00000,751.12792,0.50764,0.46109,14.39672
0.46419,790.00000,753.65063,0.50782,0.46109,14.39151
0.46519,790.00000,754.28393,0.50801,0.46109,14.38630
0.46619,790.00000,754.28393,0.50819,0.46109,14.38110
0.46719,790.00000,753.65063,0.50837,0.46109,14.37591
0.46819,790.00000,754.28393,0.50856,0.46109,14.37072
0.46919,790.00000,754.28393,0.50874,0.46109,14.36555
0.47019,790.00000,754.91827,0.50892,0.46109,14.36038
0.47119,790.00000,754.91827,0.50911,0.46109,14.35523
0.47219,790.00000,754.91827,0.50929,0.46109,14.35008
0.47319,790.00000,756.19030,0.50947,0.46109,14.34494
0.47419,790.00000,756.19030,0.50965,0.46109,14.33982
0.47519,790.00000,756.82794,0.50984,0.46109,14.33470
0.47619,790.00000,756.82794,0.51002,0.46109,14.32959
0.47720,790.00000,761.32135,0.51020,0.46109,14.32449
0.47819,790.00000,761.32135,0.51038,0.46109,14.31941
0.47919,790.00000,765.21557,0.51056,0.46109,14.31434
0.48019,790.00000,767.83392,0.51074,0.46109,14.30927
0.48119,790.00000,767.83392,0.51092,0.46109,14.30423
0.48219,790.00000,767.83392,0.51110,0.46109,14.29919
0.48319,790.00000,767.83392,0.51128,0.46109,14.29417
0.48419,790.00000,767.83392,0.51146,0.46109,14.28916
0.48519,790.00000,767.83392,0.51164,0.46109,14.28417
0.48619,790.00000,767.17767,0.51182,0.46109,14.27919
0.48719,790.00000,763.91308,0.51200,0.46109,14.27423
0.48819,790.00000,763.91308,0.51217,0.46109,14.26928
0.48919,790.00000,763.91308,0.51235,0.46109,14.26435
0.49019,790.00000,760.67620,0.51253,0.46109,14.25943
0.49119,790.00000,760.67620,0.51270,0.46109,14.25453
0.49219,790.00000,760.67620,0.51288,0.46109,14.24964
0.49319,790.00000,758.10632,0.51305,0.46109,14.24477
0.49419,790.00000,758.10632,0.51323,0.46109,14.23991
0.49519,790.00000,758.10632,0.51340,0.46109,14.23507
0.49619,790.00000,758.10632,0.51358,0.46109,14.23024
0.49719,790.00000,758.10632,0.51375,0.46109,14.22543
0.49819,790.00000,758.10632,0.51393,0.46109,14.22063
0.49919,790.00000,763.26348,0.51410,0.46109,14.21585
0.50019,790.00000,763.26348,0.51427,0.46109,14.21109
0.50119,790.00000,763.26348,0.51444,0.46109,14.20635
0.50219,790.00000,763.26348,0.51461,0.46109,14.20162
0.50319,790.00000,762.61505,0.51478,0.46109,14.19691
0.50419,790.00000,762.61505,0.51495,0.46109,14.19222
0.50519,790.00000,763.26348,0.51512,0.46109,14.18755
0.50619,790.00000,762.61505,0.51529,0.46109,14.18289
0.50719,790.00000,762.61505,0.51546,0.46109,14.17825
0.50819,790.00000,762.61505,0.51563,0.46109,14.17362
0.50919,790.00000,763.26348,0.51580,0.46109,14.16902
0.51019,790.00000,762.61505,0.51596,0.46109,14.16443
0.51120,790.00000,762.61505,0.51613,0.46109,14.15986
0.51219,790.00000,762.61505,0.51630,0.46109,14.15531
0.51319,790.00000,762.61505,0.51646,0.46109,14.15077
0.51419,790.00000,763.26348,0.51663,0.46109,14.14626
0.51519,790.00000,763.26348,0.51679,0.46109,14.14175
0.51619,790.00000,760.67620,0.51696,0.46109,14.13727
0.51719,790.00000,763.26348,0.51712,0.46109,14.13281
0.51819,790.00000,763.26348,0.51728,0.46109,14.12836
0.51919,790.00000,763.26348,0.51744,0.46109,14.12393
0.52019,790.00000,763.26348,0.51761,0.46109,14.11952
0.52119,790.00000,763.26348,0.51777,0.46109,14.11512
0.52219,790.00000,763.26348,0.51793,0.46109,14.11075
0.52319,790.00000,763.26348,0.51809,0.46109,14.10639
0.52419,790.00000,763.26348,0.51825,0.46109,14.10205
0.52519,790.00000,763.26348,0.51841,0.46109,14.09772
0.52619,790.00000,763.26348,0.51856,0.46109,14.09342
0.52719,790.00000,763.91308,0.51872,0.46109,14.08913
0.52819,790.00000,764.56378,0.51888,0.46109,14.08486
0.52919,790.00000,767.83392,0.51904,0.46109,14.08061
0.53019,790.00000,765.86853,0.51919,0.46109,14.07637
0.53119,790.00000,765.86853,0.51935,0.46109,14.07216
0.53219,790.00000,767.83392,0.51950,0.46109,14.06796
0.53319,790.00000,767.83392,0.51966,0.46109,14.06379
0.53419,790.00000,768.49133,0.51981,0.46109,14.05963
0.53519,790.00000,768.49133,0.51996,0.46109,14.05549
0.53619,790.00000,768.49133,0.52012,0.46109,14.05138
0.53719,790.00000,768.49133,0.52027,0.46109,14.04728
0.53819,790.00000,768.49133,0.52042,0.46109,14.04320
0.53919,790.00000,768.49133,0.52057,0.46109,14.03914
0.54019,790.00000,767.83392,0.52072,0.46109,14.03510
0.54119,790.00000,768.49133,0.52087,0.46109,14.03108
0.54219,790.00000,768.49133,0.52102,0.46109,14.02709
0.54319,790.00000,767.83392,0.52116,0.46109,14.02311
0.54419,790.00000,768.49133,0.52131,0.46109,14.01915
0.54520,790.00000,768.49133,0.52146,0.46109,14.01521
0.54619,790.00000,768.49133,0.52160,0.46109,14.01129
0.54719,790.00000,768.49133,0.52175,0.46109,14.00739
0.54819,790.00000,768.49133,0.52189,0.46109,14.00350
0.54919,790.00000,770.47027,0.52204,0.46109,13.99964
0.55019,790.00000,771.13220,0.52218,0.46109,13.99580
0.55119,790.00000,771.13220,0.52232,0.46109,13.99197
0.55219,790.00000,771.13220,0.52247,0.46109,13.98817
0.55319,790.00000,771.13220,0.52261,0.46109,13.98439
0.55419,790.00000,771.13220,0.52275,0.46109,13.98062
0.55519,790.00000,771.13220,0.52289,0.46109,13.97688
0.55619,790.00000,771.13220,0.52303,0.46109,13.97315
0.55719,790.00000,771.13220,0.52317,0.46109,13.96944
0.55819,790.00000,771.13220,0.52330,0.46109,13.96576
0.55919,790.00000,771.13220,0.52344,0.46109,13.96209
0.56019,790.00000,771.13220,0.52358,0.46109,13.95844
0.56119,790.00000,771.13220,0.52371,0.46109,13.95481
0.56219,790.00000,769.14984,0.52385,0.46109,13.95120
0.56319,790.00000,769.14984,0.52398,0.46109,13.94761
0.56419,790.00000,769.14984,0.52412,0.46109,13.94404
0.56519,790.00000,769.14984,0.52425,0.46109,13.94049
0.56619,790.00000,769.14984,0.52439,0.46109,13.93696
0.56719,790.00000,769.14984,0.52452,0.46109,13.93345
0.56819,790.00000,769.14984,0.52465,0.46109,13.92996
0.56919,790.00000,770.47027,0.52478,0.46109,13.92649
0.57019,790.00000,770.47027,0.52491,0.46109,13.92304
0.57119,790.00000,769.14984,0.52504,0.46109,13.91960
0.57219,790.00000,769.14984,0.52517,0.46109,13.91619
0.57319,790.00000,769.14984,0.52530,0.46109,13.91279
0.57419,790.00000,769.14984,0.52542,0.46109,13.90942
0.57519,790.00000,769.14984,0.52555,0.46109,13.90606
0.57619,790.00000,770.47027,0.52568,0.46109,13.90273
0.57719,790.00000,769.14984,0.52580,0.46109,13.89941
0.57819,790.00000,769.14984,0.52593,0.46109,13.89612
0.57920,790.00000,769.14984,0.52605,0.46109,13.89285
0.58019,790.00000,769.14984,0.52617,0.46109,13.88959
0.58119,790.00000,769.14984,0.52630,0.46109,13.88636
0.58219,790.00000,769.14984,0.52642,0.46109,13.88315
0.58319,790.00000,776.46875,0.52654,0.46109,13.87996
0.58419,790.00000,776.46875,0.52666,0.46109,13.87680
0.58519,790.00000,778.48907,0.52678,0.46109,13.87365
0.58619,790.00000,778.48907,0.52690,0.46109,13.87052
0.58719,790.00000,778.48907,0.52702,0.46109,13.86741
0.58819,790.00000,778.48907,0.52713,0.46109,13.86432
0.58919,790.00000,783.24420,0.52725,0.46109,13.86126
0.59019,790.00000,784.61352,0.52737,0.46109,13.85821
0.59119,790.00000,783.24420,0.52748,0.46109,13.85518
0.59219,790.00000,784.61352,0.52760,0.46109,13.85217
0.59319,790.00000,783.24420,0.52771,0.46109,13.84919
0.59419,790.00000,783.24420,0.52782,0.46109,13.84622
0.59519,790.00000,783.24420,0.52793,0.46109,13.84327
0.59619,790.00000,783.24420,0.52805,0.46109,13.84034
0.59720,790.00000,783.24420,0.52816,0.46109,13.83743
0.59822,790.00000,783.24420,0.52827,0.46109,13.83455
0.59919,790.00000,772.45947,0.52838,0.46109,13.83168
0.60019,790.00000,772.45947,0.52849,0.46109,13.82884
0.60119,790.00000,772.45947,0.52859,0.46109,13.82602
0.60219,790.00000,772.45947,0.52870,0.46109,13.82321
0.60319,790.00000,772.45947,0.52881,0.46109,13.82043
0.60419,790.00000,772.45947,0.52891,0.46109,13.81767
0.60519,790.00000,773.12475,0.52902,0.46109,13.81493
0.60619,790.00000,773.12475,0.52912,0.46109,13.81222
0.60719,790.00000,773.12475,0.52922,0.46109,13.80952
0.60819,790.00000,773.12475,0.52933,0.46109,13.80684
0.60919,790.00000,776.46875,0.52943,0.46109,13.80419
0.61019,790.00000,776.46875,0.52953,0.46109,13.80156
0.61119,790.00000,778.48907,0.52963,0.46109,13.79895
0.61219,790.00000,778.48907,0.52973,0.46109,13.79636
0.61320,790.00000,776.46875,0.52983,0.46109,13.79380
0.61419,790.00000,778.48907,0.52993,0.46109,13.79125
0.61519,790.00000,776.46875,0.53002,0.46109,13.78873
0.61619,790.00000,776.46875,0.53012,0.46109,13.78623
0.61719,790.00000,779.16485,0.53021,0.46109,13.78375
0.61819,790.00000,779.16485,0.53031,0.46109,13.78130
0.61919,790.00000,785.29998,0.53040,0.46109,13.77886
0.62019,790.00000,779.16485,0.53050,0.46109,13.77645
0.62119,790.00000,779.16485,0.53059,0.46109,13.77405
0.62219,790.00000,779.16485,0.53068,0.46109,13.77168
0.62319,790.00000,779.16485,0.53077,0.46109,13.76933
0.62419,790.00000,782.56134,0.53086,0.46109,13.76700
0.62519,790.00000,779.16485,0.53095,0.46109,13.76469
0.62619,790.00000,779.16485,0.53104,0.46109,13.76241
0.62719,790.00000,782.56134,0.53112,0.46109,13.76014
0.62819,790.00000,785.29998,0.53121,0.46109,13.75789
0.62919,790.00000,782.56134,0.53130,0.46109,13.75566
0.63019,790.00000,779.16485,0.53138,0.46109,13.75346
0.63119,790.00000,782.56134,0.53147,0.46109,13.75127
0.63219,790.00000,782.56134,0.53155,0.46109,13.74911
0.63319,790.00000,779.16485,0.53163,0.46109,13.74696
0.63419,790.00000,779.16485,0.53172,0.46109,13.74483
0.63519,790.00000,787.36657,0.53180,0.46109,13.74273
0.63619,790.00000,787.36657,0.53188,0.46109,13.74064
0.63719,790.00000,787.36657,0.53196,0.46109,13.73857
0.63819,790.00000,787.36657,0.53204,0.46109,13.73652
0.63919,790.00000,787.36657,0.53212,0.46109,13.73449
0.64019,790.00000,787.36657,0.53219,0.46109,13.73247
0.64119,790.00000,787.36657,0.53227,0.46109,13.73047
0.64219,790.00000,787.36657,0.53235,0.46109,13.72849
0.64319,790.00000,789.44403,0.53242,0.46109,13.72653
0.64419,790.00000,789.44403,0.53250,0.46109,13.72458
0.64519,790.00000,789.44403,0.53257,0.46109,13.72266
0.64619,790.00000,789.44403,0.53265,0.46109,13.72075
0.64720,790.00000,783.92828,0.53272,0.46109,13.71885
0.64819,790.00000,783.92828,0.53280,0.46109,13.71698
0.64919,790.00000,783.92828,0.53287,0.46109,13.71512
0.65019,790.00000,783.92828,0.53294,0.46109,13.71327
0.65119,790.00000,775.79766,0.53301,0.46109,13.71145
0.65219,790.00000,783.92828,0.53308,0.46109,13.70964
0.65319,790.00000,783.92828,0.53315,0.46109,13.70784
0.65419,790.00000,783.92828,0.53322,0.46109,13.70606
0.65519,790.00000,780.51989,0.53329,0.46109,13.70429
0.65619,790.00000,783.92828,0.53336,0.46109,13.70254
0.65719,790.00000,783.92828,0.53342,0.46109,13.70080
0.65819,790.00000,787.36657,0.53349,0.46109,13.69908
0.65919,790.00000,787.36657,0.53356,0.46109,13.69737
0.66019,790.00000,788.05786,0.53362,0.46109,13.69567
0.66119,790.00000,789.44403,0.53369,0.46109,13.69399
0.66219,790.00000,789.44403,0.53375,0.46109,13.69232
0.66319,790.00000,787.36657,0.53382,0.46109,13.69067
0.66419,790.00000,787.36657,0.53388,0.46109,13.68903
0.66519,790.00000,787.36657,0.53395,0.46109,13.68741
0.66619,790.00000,782.56134,0.53401,0.46109,13.68580
0.66719,790.00000,787.36657,0.53407,0.46109,13.68420
0.66819,790.00000,788.05786,0.53413,0.46109,13.68261
0.66919,790.00000,788.05786,0.53419,0.46109,13.68104
0.67019,790.00000,788.05786,0.53426,0.46109,13.67948
0.67119,790.00000,782.56134,0.53432,0.46109,13.67793
0.67219,790.00000,782.56134,0.53438,0.46109,13.67639
0.67319,790.00000,782.56134,0.53444,0.46109,13.67486
0.67419,790.00000,788.05786,0.53450,0.46109,13.67335
0.67519,790.00000,789.44403,0.53455,0.46109,13.67185
0.67619,790.00000,789.44403,0.53461,0.46109,13.67036
0.67719,790.00000,793.63208,0.53467,0.46109,13.66888
0.67819,790.00000,789.44403,0.53473,0.46109,13.66741
0.67919,790.00000,789.44403,0.53478,0.46109,13.66595
0.68019,790.00000,789.44403,0.53484,0.46109,13.66450
0.68120,790.00000,789.44403,0.53490,0.46109,13.66307
0.68219,790.00000,789.44403,0.53495,0.46109,13.66165
0.68319,790.00000,789.44403,0.53501,0.46109,13.66023
0.68419,790.00000,790.13897,0.53506,0.46109,13.65882
0.68519,790.00000,786.67651,0.53512,0.46109,13.65743
0.68619,790.00000,783.92828,0.53517,0.46109,13.65604
0.68719,790.00000,786.67651,0.53523,0.46109,13.65466
0.68819,790.00000,786.67651,0.53528,0.46109,13.65329
0.68919,790.00000,786.67651,0.53533,0.46109,13.65193
0.69019,790.00000,790.13897,0.53539,0.46109,13.65058
0.69119,790.00000,790.13897,0.53544,0.46109,13.64923
0.69219,790.00000,791.53253,0.53549,0.46109,13.64790
0.69319,790.00000,793.63208,0.53554,0.46109,13.64657
0.69419,790.00000,793.63208,0.53560,0.46109,13.64526
0.69519,790.00000,791.53253,0.53565,0.46109,13.64395
0.69619,790.00000,793.63208,0.53570,0.46109,13.64264
0.69719,790.00000,793.63208,0.53575,0.46109,13.64134
0.69819,790.00000,793.63208,0.53580,0.46109,13.64005
0.69919,790.00000,793.63208,0.53585,0.46109,13.63877
0.70019,790.00000,792.23114,0.53590,0.46109,13.63748
0.70119,790.00000,792.23114,0.53595,0.46109,13.63621
0.70219,790.00000,793.63208,0.53600,0.46109,13.63493
0.70319,790.00000,793.63208,0.53605,0.46109,13.63367
0.70419,790.00000,792.23114,0.53610,0.46109,13.63240
0.70519,790.00000,792.23114,0.53615,0.46109,13.63115
0.70619,790.00000,792.23114,0.53620,0.46109,13.62990
0.70719,790.00000,792.23114,0.53625,0.46109,13.62865
0.70819,790.00000,791.53253,0.53630,0.46109,13.62741
0.70919,790.00000,790.83514,0.53635,0.46109,13.62617
0.71019,790.00000,790.83514,0.53639,0.46109,13.62494
0.71119,790.00000,790.83514,0.53644,0.46109,13.62371
0.71218,790.00000,788.75036,0.53649,0.46109,13.62248
0.71319,790.00000,788.75036,0.53654,0.46109,13.62126
0.71419,790.00000,788.75036,0.53659,0.46109,13.62004
0.71520,790.00000,788.05786,0.53664,0.46109,13.61883
0.71619,790.00000,788.75036,0.53668,0.46109,13.61762
0.71719,790.00000,790.83514,0.53673,0.46109,13.61641
0.71819,790.00000,790.83514,0.53678,0.46109,13.61520
0.71919,790.00000,790.83514,0.53683,0.46109,13.61400
0.72019,790.00000,790.83514,0.53687,0.46109,13.61280
0.72119,790.00000,788.75036,0.53692,0.46109,13.61160
0.72219,790.00000,788.75036,0.53697,0.46109,13.61040
0.72319,790.00000,788.75036,0.53701,0.46109,13.60921
0.72419,790.00000,788.75036,0.53706,0.46109,13.60801
0.72519,790.00000,787.36657,0.53711,0.46109,13.60682
0.72619,790.00000,788.75036,0.53716,0.46109,13.60564
0.72719,790.00000,788.75036,0.53720,0.46109,13.60445
0.72819,790.00000,788.75036,0.53725,0.46109,13.60327
0.72919,790.00000,793.63208,0.53730,0.46109,13.60209
0.73019,790.00000,793.63208,0.53734,0.46109,13.60091
0.73119,790.00000,793.63208,0.53739,0.46109,13.59973
0.73219,790.00000,793.63208,0.53744,0.46109,13.59856
0.73319,790.00000,793.63208,0.53748,0.46109,13.59739
0.73419,790.00000,793.63208,0.53753,0.46109,13.59621
0.73519,790.00000,793.63208,0.53757,0.46109,13.59504
0.73619,790.00000,793.63208,0.53762,0.46109,13.59387
0.73719,790.00000,793.63208,0.53767,0.46109,13.59270
0.73819,790.00000,793.63208,0.53771,0.46109,13.59153
0.73919,790.00000,793.63208,0.53776,0.46109,13.59035
0.74019,790.00000,794.33441,0.53781,0.46109,13.58918
0.74119,790.00000,793.63208,0.53785,0.46109,13.58801
0.74219,790.00000,792.93103,0.53790,0.46109,13.58685
0.74321,790.00000,792.93103,0.53794,0.46109,13.58568
0.74422,790.00000,793.63208,0.53799,0.46109,13.58451
0.74519,790.00000,794.33441,0.53804,0.46109,13.58334
0.74619,790.00000,794.33441,0.53808,0.46109,13.58217
0.74719,790.00000,794.33441,0.53813,0.46109,13.58101
0.74819,790.00000,794.33441,0.53818,0.46109,13.57984
0.74920,790.00000,794.33441,0.53822,0.46109,13.57868
0.75019,790.00000,794.33441,0.53827,0.46109,13.57751
0.75119,790.00000,794.33441,0.53831,0.46109,13.57635
0.75219,790.00000,794.33441,0.53836,0.46109,13.57519
0.75319,790.00000,794.33441,0.53841,0.46109,13.57403
0.75419,790.00000,794.33441,0.53845,0.46109,13.57287
0.75519,790.00000,795.03796,0.53850,0.46109,13.57171
0.75619,790.00000,795.03796,0.53854,0.46109,13.57056
0.75719,790.00000,797.15625,0.53859,0.46109,13.56940
0.75819,790.00000,797.15625,0.53864,0.46109,13.56825
0.75919,790.00000,797.15625,0.53868,0.46109,13.56709
0.76019,790.00000,797.86480,0.53873,0.46109,13.56594
0.76119,790.00000,797.86480,0.53877,0.46109,13.56479
0.76219,790.00000,797.86480,0.53882,0.46109,13.56364
0.76319,790.00000,797.15625,0.53886,0.46109,13.56249
0.76419,790.00000,797.15625,0.53891,0.46109,13.56135
0.76519,790.00000,797.86480,0.53896,0.46109,13.56020
0.76619,790.00000,797.15625,0.53900,0.46109,13.55906
0.76719,790.00000,792.93103,0.53905,0.46109,13.55791
0.76819,790.00000,792.93103,0.53909,0.46109,13.55677
0.76919,790.00000,792.93103,0.53914,0.46109,13.55563
0.77019,790.00000,792.93103,0.53918,0.46109,13.55450
0.77119,790.00000,792.93103,0.53923,0.46109,13.55336
0.77219,790.00000,792.93103,0.53927,0.46109,13.55223
0.77319,790.00000,792.93103,0.53932,0.46109,13.55109
0.77419,790.00000,793.63208,0.53936,0.46109,13.54996
0.77519,790.00000,793.63208,0.53941,0.46109,13.54884
0.77619,790.00000,793.63208,0.53945,0.46109,13.54771
0.77719,790.00000,793.63208,0.53950,0.46109,13.54658
0.77819,790.00000,794.33441,0.53954,0.46109,13.54546
0.77919,790.00000,794.33441,0.53959,0.46109,13.54434
0.78019,790.00000,794.33441,0.53963,0.46109,13.54322
0.78119,790.00000,794.33441,0.53968,0.46109,13.54210
0.78219,790.00000,795.03796,0.53972,0.46109,13.54099
0.78320,790.00000,794.33441,0.53976,0.46109,13.53987
0.78419,790.00000,794.33441,0.53981,0.46109,13.53876
0.78519,790.00000,795.74279,0.53985,0.46109,13.53765
0.78619,790.00000,795.74279,0.53990,0.46109,13.53654
0.78719,790.00000,794.33441,0.53994,0.46109,13.53544
0.78819,790.00000,794.33441,0.53999,0.46109,13.53433
0.78919,790.00000,794.33441,0.54003,0.46109,13.53323
0.79019,790.00000,794.33441,0.54007,0.46109,13.53213
0.79119,790.00000,794.33441,0.54012,0.46109,13.53103
0.79219,790.00000,797.15625,0.54016,0.46109,13.52994
0.79319,790.00000,792.23114,0.54020,0.46109,13.52884
0.79419,790.00000,792.23114,0.54025,0.46109,13.52775
0.79519,790.00000,792.23114,0.54029,0.46109,13.52666
0.79619,790.00000,792.23114,0.54034,0.46109,13.52557
0.79719,790.00000,793.63208,0.54038,0.46109,13.52449
0.79819,790.00000,793.63208,0.54042,0.46109,13.52341
0.79919,790.00000,793.63208,0.54046,0.46109,13.52233
0.80019,790.00000,793.63208,0.54051,0.46109,13.52125
0.80119,790.00000,793.63208,0.54055,0.46109,13.52018
0.80219,790.00000,793.63208,0.54059,0.46109,13.51911
0.80319,790.00000,791.53253,0.54064,0.46109,13.51804
0.80419,790.00000,793.63208,0.54068,0.46109,13.51698
0.80519,790.00000,793.63208,0.54072,0.46109,13.51592
0.80619,790.00000,793.63208,0.54076,0.46109,13.51486
0.80719,790.00000,793.63208,0.54081,0.46109,13.51380
0.80819,790.00000,792.93103,0.54085,0.46109,13.51275
0.80919,790.00000,792.93103,0.54089,0.46109,13.51170
0.81019,790.00000,792.93103,0.54093,0.46109,13.51065
0.81119,790.00000,792.93103,0.54097,0.46109,13.50961
0.81219,790.00000,792.93103,0.54102,0.46109,13.50856
0.81319,790.00000,794.33441,0.54106,0.46109,13.50752
0.81419,790.00000,795.74279,0.54110,0.46109,13.50649
0.81519,790.00000,795.74279,0.54114,0.46109,13.50545
0.81619,790.00000,794.33441,0.54118,0.46109,13.50442
0.81720,790.00000,794.33441,0.54122,0.46109,13.50339
0.81819,790.00000,794.33441,0.54126,0.46109,13.50236
0.81919,790.00000,794.33441,0.54130,0.46109,13.50134
0.82019,790.00000,794.33441,0.54135,0.46109,13.50032
0.82119,790.00000,794.33441,0.54139,0.46109,13.49930
0.82219,790.00000,791.53253,0.54143,0.46109,13.49829
0.82318,790.00000,790.13897,0.54147,0.46109,13.49728
0.82419,790.00000,790.13897,0.54151,0.46109,13.49627
0.82519,790.00000,790.13897,0.54155,0.46109,13.49527
0.82619,790.00000,790.13897,0.54159,0.46109,13.49428
0.82719,790.00000,791.53253,0.54163,0.46109,13.49329
0.82819,790.00000,794.33441,0.54167,0.46109,13.49231
0.82919,790.00000,794.33441,0.54171,0.46109,13.49133
0.83019,790.00000,794.33441,0.54175,0.46109,13.49035
0.83119,790.00000,794.33441,0.54178,0.46109,13.48938
0.83219,790.00000,794.33441,0.54182,0.46109,13.48841
0.83319,790.00000,795.74279,0.54186,0.46109,13.48745
0.83419,790.00000,795.74279,0.54190,0.46109,13.48649
0.83519,790.00000,797.86480,0.54194,0.46109,13.48554
0.83619,790.00000,797.86480,0.54198,0.46109,13.48459
0.83719,790.00000,797.86480,0.54202,0.46109,13.48365
0.83819,790.00000,797.86480,0.54205,0.46109,13.48271
0.83919,790.00000,797.86480,0.54209,0.46109,13.48177
0.84019,790.00000,797.86480,0.54213,0.46109,13.48084
0.84119,790.00000,797.86480,0.54217,0.46109,13.47991
0.84219,790.00000,797.86480,0.54220,0.46109,13.47899
0.84319,790.00000,797.86480,0.54224,0.46109,13.47807
0.84419,790.00000,797.86480,0.54228,0.46109,13.47716
0.84519,790.00000,797.86480,0.54231,0.46109,13.47625
0.84619,790.00000,795.74279,0.54235,0.46109,13.47535
0.84719,790.00000,795.74279,0.54239,0.46109,13.47445
0.84819,790.00000,795.74279,0.54242,0.46109,13.47355
0.84919,790.00000,795.74279,0.54246,0.46109,13.47266
0.85019,790.00000,795.74279,0.54249,0.46109,13.47177
0.85120,790.00000,799.28570,0.54253,0.46109,13.47089
0.85219,790.00000,795.74279,0.54256,0.46109,13.47001
0.85319,790.00000,795.74279,0.54260,0.46109,13.46914
0.85419,790.00000,795.74279,0.54263,0.46109,13.46827
0.85519,790.00000,795.74279,0.54267,0.46109,13.46741
0.85619,790.00000,795.74279,0.54270,0.46109,13.46655
0.85719,790.00000,794.33441,0.54274,0.46109,13.46570
0.85819,790.00000,794.33441,0.54277,0.46109,13.46485
0.85919,790.00000,794.33441,0.54281,0.46109,13.46400
0.86019,790.00000,799.28570,0.54284,0.46109,13.46317
0.86119,790.00000,799.28570,0.54287,0.46109,13.46233
0.86219,790.00000,794.33441,0.54291,0.46109,13.46150
0.86319,790.00000,795.03796,0.54294,0.46109,13.46068
0.86419,790.00000,799.28570,0.54297,0.46109,13.45986
0.86519,790.00000,795.03796,0.54301,0.46109,13.45904
0.86619,790.00000,795.03796,0.54304,0.46109,13.45823
0.86719,790.00000,795.03796,0.54307,0.46109,13.45742
0.86819,790.00000,795.03796,0.54310,0.46109,13.45662
0.86919,790.00000,795.03796,0.54314,0.46109,13.45582
0.87019,790.00000,795.03796,0.54317,0.46109,13.45502
0.87119,790.00000,795.03796,0.54320,0.46109,13.45423
0.87219,790.00000,795.03796,0.54323,0.46109,13.45345
0.87319,790.00000,795.74279,0.54326,0.46109,13.45267
0.87419,790.00000,795.74279,0.54329,0.46109,13.45189
0.87519,790.00000,795.03796,0.54333,0.46109,13.45112
0.87619,790.00000,795.03796,0.54336,0.46109,13.45035
0.87719,790.00000,795.74279,0.54339,0.46109,13.44959
0.87819,790.00000,795.74279,0.54342,0.46109,13.44883
0.87919,790.00000,795.74279,0.54345,0.46109,13.44808
0.88019,790.00000,795.74279,0.54348,0.46109,13.44734
0.88119,790.00000,796.44885,0.54351,0.46109,13.44660
0.88219,790.00000,793.63208,0.54354,0.46109,13.44587
0.88319,790.00000,793.63208,0.54357,0.46109,13.44515
0.88419,790.00000,793.63208,0.54360,0.46109,13.44443
0.88520,790.00000,793.63208,0.54363,0.46109,13.44371
0.88619,790.00000,793.63208,0.54365,0.46109,13.44301
0.88719,790.00000,795.03796,0.54368,0.46109,13.44231
0.88819,790.00000,793.63208,0.54371,0.46109,13.44161
0.88919,790.00000,795.03796,0.54374,0.46109,13.44092
0.89020,790.00000,795.03796,0.54377,0.46109,13.44024
0.89123,790.00000,795.03796,0.54379,0.46109,13.43957
0.89219,790.00000,795.03796,0.54382,0.46109,13.43889
0.89319,790.00000,795.03796,0.54385,0.46109,13.43823
0.89419,790.00000,795.03796,0.54387,0.46109,13.43758
0.89519,790.00000,795.03796,0.54390,0.46109,13.43693
0.89619,790.00000,792.23114,0.54393,0.46109,13.43630
0.89719,790.00000,795.74279,0.54395,0.46109,13.43567
0.89819,790.00000,792.23114,0.54398,0.46109,13.43505
0.89919,790.00000,795.74279,0.54400,0.46109,13.43443
0.90019,790.00000,795.74279,0.54403,0.46109,13.43383
0.90119,790.00000,795.74279,0.54405,0.46109,13.43323
0.90219,790.00000,798.57464,0.54407,0.46109,13.43264
0.90319,790.00000,798.57464,0.54410,0.46109,13.43205
0.90419,790.00000,798.57464,0.54412,0.46109,13.43148
0.90519,790.00000,800.71173,0.54414,0.46109,13.43091
0.90619,790.00000,798.57464,0.54417,0.46109,13.43034
0.90719,790.00000,800.71173,0.54419,0.46109,13.42979
0.90819,790.00000,798.57464,0.54421,0.46109,13.42924
0.90919,790.00000,798.57464,0.54423,0.46109,13.42870
0.91019,790.00000,797.15625,0.54425,0.46109,13.42816
0.91119,790.00000,797.15625,0.54428,0.46109,13.42764
0.91219,790.00000,797.15625,0.54430,0.46109,13.42712
0.91319,790.00000,797.15625,0.54432,0.46109,13.42660
0.91419,790.00000,797.15625,0.54434,0.46109,13.42610
0.91519,790.00000,797.15625,0.54436,0.46109,13.42560
0.91619,790.00000,797.15625,0.54438,0.46109,13.42510
0.91719,790.00000,799.99810,0.54440,0.46109,13.42462
0.91819,790.00000,797.15625,0.54442,0.46109,13.42414
0.91920,790.00000,797.15625,0.54444,0.46109,13.42368
0.92019,790.00000,797.15625,0.54446,0.46109,13.42321
0.92119,790.00000,797.15625,0.54447,0.46109,13.42276
0.92219,790.00000,795.74279,0.54449,0.46109,13.42232
0.92319,790.00000,795.74279,0.54451,0.46109,13.42189
0.92419,790.00000,799.28570,0.54453,0.46109,13.42146
0.92519,790.00000,799.28570,0.54454,0.46109,13.42105
0.92619,790.00000,795.74279,0.54456,0.46109,13.42064
0.92719,790.00000,795.03796,0.54458,0.46109,13.42024
0.92819,790.00000,795.03796,0.54459,0.46109,13.41985
0.92919,790.00000,795.74279,0.54461,0.46109,13.41946
0.93019,790.00000,795.74279,0.54462,0.46109,13.41908
0.93119,790.00000,795.03796,0.54464,0.46109,13.41872
0.93219,790.00000,799.28570,0.54465,0.46109,13.41836
0.93319,790.00000,799.28570,0.54467,0.46109,13.41800
0.93419,790.00000,799.28570,0.54468,0.46109,13.41766
0.93519,790.00000,799.28570,0.54469,0.46109,13.41732
0.93619,790.00000,799.28570,0.54471,0.46109,13.41699
0.93719,790.00000,799.28570,0.54472,0.46109,13.41667
0.93819,790.00000,799.28570,0.54473,0.46109,13.41636
0.93919,790.00000,799.28570,0.54475,0.46109,13.41605
0.94019,790.00000,799.28570,0.54476,0.46109,13.41574
0.94119,790.00000,797.86480,0.54477,0.46109,13.41545
0.94219,790.00000,797.86480,0.54478,0.46109,13.41515
0.94319,790.00000,797.86480,0.54479,0.46109,13.41486
0.94419,790.00000,797.86480,0.54481,0.46109,13.41458
0.94519,790.00000,797.86480,0.54482,0.46109,13.41430
0.94619,790.00000,797.86480,0.54483,0.46109,13.41403
0.94719,790.00000,795.74279,0.54484,0.46109,13.41376
0.94819,790.00000,795.74279,0.54485,0.46109,13.41350
0.94919,790.00000,797.86480,0.54486,0.46109,13.41324
0.95019,790.00000,797.86480,0.54487,0.46109,13.41299
0.95119,790.00000,798.57464,0.54488,0.46109,13.41275
0.95219,790.00000,799.28570,0.54489,0.46109,13.41250
0.95320,790.00000,803.57916,0.54490,0.46109,13.41226
0.95419,790.00000,803.57916,0.54491,0.46109,13.41203
0.95519,790.00000,804.29919,0.54492,0.46109,13.41179
0.95619,790.00000,804.29919,0.54493,0.46109,13.41156
0.95719,790.00000,804.29919,0.54494,0.46109,13.41134
0.95819,790.00000,804.29919,0.54495,0.46109,13.41112
0.95919,790.00000,804.29919,0.54496,0.46109,13.41090
0.96019,790.00000,804.29919,0.54496,0.46109,13.41068
0.96119,790.00000,803.57916,0.54497,0.46109,13.41047
0.96219,790.00000,799.99810,0.54498,0.46109,13.41026
0.96319,790.00000,799.99810,0.54499,0.46109,13.41005
0.96419,790.00000,799.99810,0.54500,0.46109,13.40984
0.96519,790.00000,799.99810,0.54501,0.46109,13.40963
0.96619,790.00000,799.99810,0.54502,0.46109,13.40942
0.96719,790.00000,799.99810,0.54502,0.46109,13.40922
0.96819,790.00000,799.99810,0.54503,0.46109,13.40901
0.96919,790.00000,799.99810,0.54504,0.46109,13.40881
0.97019,790.00000,799.99810,0.54505,0.46109,13.40861
0.97119,790.00000,799.99810,0.54506,0.46109,13.40841
0.97219,790.00000,803.57916,0.54506,0.46109,13.40822
0.97319,790.00000,803.57916,0.54507,0.46109,13.40802
0.97419,790.00000,803.57916,0.54508,0.46109,13.40782
0.97519,790.00000,803.57916,0.54509,0.46109,13.40763
0.97619,790.00000,800.71173,0.54510,0.46109,13.40743
0.97719,790.00000,800.71173,0.54510,0.46109,13.40724
0.97819,790.00000,800.71173,0.54511,0.46109,13.40704
0.97919,790.00000,795.74279,0.54512,0.46109,13.40684
0.98019,790.00000,795.74279,0.54513,0.46109,13.40665
0.98119,790.00000,796.44885,0.54514,0.46109,13.40645
0.98219,790.00000,796.44885,0.54514,0.46109,13.40625
0.98319,790.00000,796.44885,0.54515,0.46109,13.40605
0.98419,790.00000,796.44885,0.54516,0.46109,13.40585
0.98519,790.00000,796.44885,0.54517,0.46109,13.40565
0.98619,790.00000,796.44885,0.54518,0.46109,13.40545
0.98720,790.00000,797.15625,0.54519,0.46109,13.40525
0.98819,790.00000,801.42669,0.54519,0.46109,13.40504
0.98919,790.00000,801.42669,0.54520,0.46109,13.40484
0.99019,790.00000,801.42669,0.54521,0.46109,13.40463
0.99119,790.00000,797.15625,0.54522,0.46109,13.40442
0.99219,790.00000,797.15625,0.54523,0.46109,13.40422
0.99319,790.00000,801.42669,0.54524,0.46109,13.40401
0.99419,790.00000,801.42669,0.54524,0.46109,13.40380
0.99519,790.00000,797.15625,0.54525,0.46109,13.40359
0.99619,790.00000,801.42669,0.54526,0.46109,13.40338
0.99719,790.00000,797.15625,0.54527,0.46109,13.40316
0.99819,790.00000,797.15625,0.54528,0.46109,13.40295
0.99919,790.00000,796.44885,0.54529,0.46109,13.40273
1.00019,790.00000,796.44885,0.54530,0.46109,13.40252
1.00119,790.00000,797.15625,0.54530,0.46109,13.40230
1.00219,790.00000,797.15625,0.54531,0.46109,13.40209
1.00319,790.00000,799.28570,0.54532,0.46109,13.40187
1.00419,790.00000,799.99810,0.54533,0.46109,13.40165
1.00519,790.00000,799.28570,0.54534,0.46109,13.40143
1.00619,790.00000,799.28570,0.54535,0.46109,13.40121
1.00719,790.00000,799.28570,0.54536,0.46109,13.40098
1.00819,790.00000,799.28570,0.54537,0.46109,13.40076
1.00919,790.00000,799.28570,0.54538,0.46109,13.40053
1.01019,790.00000,799.28570,0.54539,0.46109,13.40030
1.01119,790.00000,799.28570,0.54540,0.46109,13.40007
1.01219,790.00000,799.28570,0.54541,0.46109,13.39983
1.01319,790.00000,799.28570,0.54542,0.46109,13.39959
1.01419,790.00000,799.28570,0.54542,0.46109,13.39935
1.01519,790.00000,799.28570,0.54543,0.46109,13.39911
1.01619,790.00000,799.28570,0.54544,0.46109,13.39887
1.01719,790.00000,799.28570,0.54545,0.46109,13.39863
1.01819,790.00000,799.28570,0.54546,0.46109,13.39838
1.01919,790.00000,799.28570,0.54547,0.46109,13.39813
1.02019,790.00000,799.28570,0.54548,0.46109,13.39788
1.02120,790.00000,796.44885,0.54550,0.46109,13.39763
1.02219,790.00000,799.28570,0.54551,0.46109,13.39737
1.02319,790.00000,799.28570,0.54552,0.46109,13.39712
1.02419,790.00000,795.74279,0.54553,0.46109,13.39686
1.02519,790.00000,795.74279,0.54554,0.46109,13.39660
1.02619,790.00000,802.14288,0.54555,0.46109,13.39633
1.02719,790.00000,802.14288,0.54556,0.46109,13.39607
1.02819,790.00000,802.14288,0.54557,0.46109,13.39581
1.02919,790.00000,802.14288,0.54558,0.46109,13.39554
1.03019,790.00000,802.14288,0.54559,0.46109,13.39527
1.03119,790.00000,802.86035,0.54560,0.46109,13.39500
1.03219,790.00000,802.86035,0.54561,0.46109,13.39473
1.03319,790.00000,802.14288,0.54562,0.46109,13.39446
1.03419,790.00000,800.71173,0.54564,0.46109,13.39418
1.03519,790.00000,800.71173,0.54565,0.46109,13.39391
1.03620,790.00000,800.71173,0.54566,0.46109,13.39363
1.03722,790.00000,796.44885,0.54567,0.46109,13.39336
1.03819,790.00000,796.44885,0.54568,0.46109,13.39308
1.03919,790.00000,796.44885,0.54569,0.46109,13.39280
1.04019,790.00000,800.71173,0.54570,0.46109,13.39252
1.04119,790.00000,796.44885,0.54571,0.46109,13.39225
1.04219,790.00000,796.44885,0.54573,0.46109,13.39197
1.04319,790.00000,796.44885,0.54574,0.46109,13.39169
1.04419,790.00000,795.74279,0.54575,0.46109,13.39142
1.04519,790.00000,796.44885,0.54576,0.46109,13.39114
1.04619,790.00000,797.86480,0.54577,0.46109,13.39087
1.04719,790.00000,797.86480,0.54578,0.46109,13.39060
1.04819,790.00000,797.86480,0.54579,0.46109,13.39032
1.04919,790.00000,797.86480,0.54580,0.46109,13.39005
1.05019,790.00000,802.14288,0.54581,0.46109,13.38978
1.05119,790.00000,801.42669,0.54583,0.46109,13.38951
1.05219,790.00000,801.42669,0.54584,0.46109,13.38924
1.05319,790.00000,797.86480,0.54585,0.46109,13.38897
1.05419,790.00000,801.42669,0.54586,0.46109,13.38870
1.05521,790.00000,802.14288,0.54587,0.46109,13.38844
1.05619,790.00000,805.02056,0.54588,0.46109,13.38818
1.05719,790.00000,805.02056,0.54589,0.46109,13.38792
1.05819,790.00000,805.02056,0.54590,0.46109,13.38766
1.05919,790.00000,801.42669,0.54591,0.46109,13.38741
1.06019,790.00000,801.42669,0.54592,0.46109,13.38716
1.06119,790.00000,797.86480,0.54593,0.46109,13.38691
1.06219,790.00000,797.15625,0.54594,0.46109,13.38666
1.06319,790.00000,797.15625,0.54595,0.46109,13.38642
1.06419,790.00000,797.86480,0.54596,0.46109,13.38617
1.06519,790.00000,795.74279,0.54597,0.46109,13.38593
1.06619,790.00000,795.74279,0.54598,0.46109,13.38569
1.06719,790.00000,795.74279,0.54599,0.46109,13.38546
1.06819,790.00000,794.33441,0.54600,0.46109,13.38522
1.06919,790.00000,795.74279,0.54601,0.46109,13.38498
1.07019,790.00000,797.86480,0.54602,0.46109,13.38475
1.07119,790.00000,797.86480,0.54603,0.46109,13.38451
1.07219,790.00000,797.15625,0.54604,0.46109,13.38428
1.07319,790.00000,797.15625,0.54605,0.46109,13.38405
1.07419,790.00000,797.15625,0.54606,0.46109,13.38381
1.07519,790.00000,797.15625,0.54607,0.46109,13.38358
1.07619,790.00000,797.15625,0.54608,0.46109,13.38335
1.07719,790.00000,798.57464,0.54609,0.46109,13.38311
1.07819,790.00000,798.57464,0.54610,0.46109,13.38288
1.07919,790.00000,798.57464,0.54611,0.46109,13.38264
1.08019,790.00000,799.99810,0.54612,0.46109,13.38241
1.08119,790.00000,798.57464,0.54613,0.46109,13.38218
1.08219,790.00000,798.57464,0.54613,0.46109,13.38195
1.08319,790.00000,798.57464,0.54614,0.46109,13.38171
1.08419,790.00000,798.57464,0.54615,0.46109,13.38148
1.08519,790.00000,799.99810,0.54616,0.46109,13.38126
1.08619,790.00000,810.10638,0.54617,0.46109,13.38103
1.08719,790.00000,799.99810,0.54618,0.46109,13.38080
1.08819,790.00000,798.57464,0.54619,0.46109,13.38057
1.08920,790.00000,798.57464,0.54620,0.46109,13.38035
1.09019,790.00000,795.03796,0.54621,0.46109,13.38012
1.09119,790.00000,795.03796,0.54622,0.46109,13.37990
1.09219,790.00000,795.03796,0.54623,0.46109,13.37968
1.09319,790.00000,795.74279,0.54624,0.46109,13.37946
1.09419,790.00000,795.74279,0.54624,0.46109,13.37925
1.09519,790.00000,795.74279,0.54625,0.46109,13.37904
1.09619,790.00000,795.74279,0.54626,0.46109,13.37882
1.09719,790.00000,795.03796,0.54627,0.46109,13.37861
1.09819,790.00000,795.74279,0.54628,0.46109,13.37841
1.09919,790.00000,795.74279,0.54629,0.46109,13.37820
1.10019,790.00000,794.33441,0.54630,0.46109,13.37800
1.10119,790.00000,794.33441,0.54630,0.46109,13.37779
1.10219,790.00000,794.33441,0.54631,0.46109,13.37759
1.10319,790.00000,795.74279,0.54632,0.46109,13.37740
1.10419,790.00000,795.74279,0.54633,0.46109,13.37720
1.10519,790.00000,794.33441,0.54634,0.46109,13.37700
1.10619,790.00000,794.33441,0.54634,0.46109,13.37681
1.10719,790.00000,794.33441,0.54635,0.46109,13.37662
1.10819,790.00000,797.86480,0.54636,0.46109,13.37644
1.10919,790.00000,794.33441,0.54637,0.46109,13.37625
1.11019,790.00000,797.15625,0.54637,0.46109,13.37607
1.11119,790.00000,797.86480,0.54638,0.46109,13.37589
1.11219,790.00000,797.86480,0.54639,0.46109,13.37571
1.11319,790.00000,798.57464,0.54640,0.46109,13.37553
1.11419,790.00000,797.86480,0.54640,0.46109,13.37536
1.11519,790.00000,797.15625,0.54641,0.46109,13.37519
1.11619,790.00000,798.57464,0.54642,0.46109,13.37502
1.11719,790.00000,799.28570,0.54642,0.46109,13.37485
1.11819,790.00000,798.57464,0.54643,0.46109,13.37468
1.11919,790.00000,797.15625,0.54644,0.46109,13.37452
1.12019,790.00000,797.15625,0.54644,0.46109,13.37436
1.12119,790.00000,797.15625,0.54645,0.46109,13.37420
1.12219,790.00000,798.57464,0.54646,0.46109,13.37404
1.12320,790.00000,795.03796,0.54646,0.46109,13.37388
1.12419,790.00000,795.03796,0.54647,0.46109,13.37373
1.12519,790.00000,798.57464,0.54648,0.46109,13.37358
1.12619,790.00000,804.29919,0.54648,0.46109,13.37343
1.12719,790.00000,800.71173,0.54649,0.46109,13.37328
1.12819,790.00000,800.71173,0.54649,0.46109,13.37313
1.12919,790.00000,804.29919,0.54650,0.46109,13.37299
1.13019,790.00000,804.29919,0.54651,0.46109,13.37285
1.13119,790.00000,804.29919,0.54651,0.46109,13.37271
1.13219,790.00000,804.29919,0.54652,0.46109,13.37257
1.13319,790.00000,804.29919,0.54652,0.46109,13.37244
1.13419,790.00000,804.29919,0.54653,0.46109,13.37230
1.13519,790.00000,804.29919,0.54653,0.46109,13.37217
1.13619,790.00000,800.71173,0.54654,0.46109,13.37204
1.13719,790.00000,800.71173,0.54654,0.46109,13.37191
1.13819,790.00000,799.99810,0.54655,0.46109,13.37179
1.13919,790.00000,799.99810,0.54655,0.46109,13.37167
1.14019,790.00000,799.99810,0.54656,0.46109,13.37155
1.14119,790.00000,798.57464,0.54656,0.46109,13.37143
1.14219,790.00000,798.57464,0.54657,0.46109,13.37131
1.14319,790.00000,798.57464,0.54657,0.46109,13.37118
1.14419,790.00000,798.57464,0.54658,0.46109,13.37106
1.14519,790.00000,798.57464,0.54658,0.46109,13.37094
1.14619,790.00000,798.57464,0.54659,0.46109,13.37082
1.14719,790.00000,800.71173,0.54659,0.46109,13.37070
1.14819,790.00000,799.28570,0.54660,0.46109,13.37058
1.14919,790.00000,799.28570,0.54660,0.46109,13.37046
1.15019,790.00000,799.28570,0.54661,0.46109,13.37034
1.15119,790.00000,799.28570,0.54661,0.46109,13.37022
1.15219,790.00000,799.28570,0.54662,0.46109,13.37010
1.15319,790.00000,797.15625,0.54662,0.46109,13.36998
1.15419,790.00000,797.15625,0.54663,0.46109,13.36986
1.15519,790.00000,799.28570,0.54663,0.46109,13.36973
1.15619,790.00000,807.91894,0.54664,0.46109,13.36961
1.15720,790.00000,799.28570,0.54664,0.46109,13.36949
1.15819,790.00000,799.28570,0.54665,0.46109,13.36937
1.15919,790.00000,799.28570,0.54665,0.46109,13.36924
1.16019,790.00000,797.15625,0.54666,0.46109,13.36911
1.16119,790.00000,802.14288,0.54666,0.46109,13.36898
1.16219,790.00000,802.14288,0.54667,0.46109,13.36885
1.16319,790.00000,803.57916,0.54667,0.46109,13.36872
1.16419,790.00000,803.57916,0.54668,0.46109,13.36858
1.16519,790.00000,803.57916,0.54669,0.46109,13.36844
1.16619,790.00000,802.14288,0.54669,0.46109,13.36830
1.16719,790.00000,796.44885,0.54670,0.46109,13.36816
1.16819,790.00000,796.44885,0.54670,0.46109,13.36802
1.16919,790.00000,802.14288,0.54671,0.46109,13.36787
1.17019,790.00000,797.15625,0.54672,0.46109,13.36772
1.17119,790.00000,803.57916,0.54672,0.46109,13.36757
1.17219,790.00000,802.14288,0.54673,0.46109,13.36742
1.17319,790.00000,802.14288,0.54673,0.46109,13.36727
1.17419,790.00000,800.71173,0.54674,0.46109,13.36711
1.17519,790.00000,797.15625,0.54675,0.46109,13.36696
1.17619,790.00000,797.15625,0.54675,0.46109,13.36680
1.17719,790.00000,797.15625,0.54676,0.46109,13.36664
1.17819,790.00000,800.71173,0.54677,0.46109,13.36648
1.17919,790.00000,802.14288,0.54677,0.46109,13.36631
1.18019,790.00000,802.14288,0.54678,0.46109,13.36614
1.18119,790.00000,804.29919,0.54679,0.46109,13.36597
1.18220,790.00000,802.14288,0.54679,0.46109,13.36579
1.18322,790.00000,800.71173,0.54680,0.46109,13.36561
1.18419,790.00000,804.29919,0.54681,0.46109,13.36543
1.18519,790.00000,804.29919,0.54682,0.46109,13.36525
1.18619,790.00000,804.29919,0.54682,0.46109,13.36506
1.18719,790.00000,810.10638,0.54683,0.46109,13.36487
1.18819,790.00000,810.10638,0.54684,0.46109,13.36467
1.18919,790.00000,809.37591,0.54685,0.46109,13.36447
1.19019,790.00000,805.74316,0.54686,0.46109,13.36426
1.19119,790.00000,804.29919,0.54687,0.46109,13.36405
1.19219,790.00000,796.44885,0.54687,0.46109,13.36383
1.19319,790.00000,800.71173,0.54688,0.46109,13.36361
1.19419,790.00000,801.42669,0.54689,0.46109,13.36338
1.19519,790.00000,801.42669,0.54690,0.46109,13.36315
1.19619,790.00000,801.42669,0.54691,0.46109,13.36291
1.19719,790.00000,801.42669,0.54692,0.46109,13.36267
1.19819,790.00000,800.71173,0.54693,0.46109,13.36242
1.19919,790.00000,799.99810,0.54694,0.46109,13.36218
1.20019,790.00000,799.99810,0.54695,0.46109,13.36192
1.20119,790.00000,799.99810,0.54696,0.46109,13.36167
1.20219,790.00000,799.99810,0.54697,0.46109,13.36140
1.20319,790.00000,799.99810,0.54699,0.46109,13.36114
1.20419,790.00000,799.99810,0.54700,0.46109,13.36087
1.20519,790.00000,799.99810,0.54701,0.46109,13.36060
1.20619,790.00000,799.28570,0.54702,0.46109,13.36032
1.20719,790.00000,798.57464,0.54703,0.46109,13.36004
1.20819,790.00000,798.57464,0.54704,0.46109,13.35975
1.20919,790.00000,798.57464,0.54705,0.46109,13.35947
1.21019,790.00000,798.57464,0.54707,0.46109,13.35917
1.21119,790.00000,798.57464,0.54708,0.46109,13.35888
1.21219,790.00000,798.57464,0.54709,0.46109,13.35858
1.21319,790.00000,798.57464,0.54710,0.46109,13.35827
1.21419,790.00000,798.57464,0.54712,0.46109,13.35796
1.21519,790.00000,798.57464,0.54713,0.46109,13.35765
1.21619,790.00000,798.57464,0.54714,0.46109,13.35732
1.21719,790.00000,799.99810,0.54715,0.46109,13.35700
1.21819,790.00000,799.99810,0.54717,0.46109,13.35667
1.21919,790.00000,799.99810,0.54718,0.46109,13.35633
1.22019,790.00000,798.57464,0.54720,0.46109,13.35599
1.22119,790.00000,797.86480,0.54721,0.46109,13.35564
1.22219,790.00000,797.86480,0.54722,0.46109,13.35529
1.22319,790.00000,799.99810,0.54724,0.46109,13.35493
1.22419,790.00000,799.99810,0.54725,0.46109,13.35457
1.22520,790.00000,799.99810,0.54727,0.46109,13.35420
1.22619,790.00000,805.74316,0.54728,0.46109,13.35383
1.22719,790.00000,805.74316,0.54730,0.46109,13.35345
1.22819,790.00000,807.19238,0.54732,0.46109,13.35307
1.22919,790.00000,807.19238,0.54733,0.46109,13.35268
1.23019,790.00000,807.19238,0.54735,0.46109,13.35229
1.23119,790.00000,807.91894,0.54736,0.46109,13.35189
1.23219,790.00000,807.91894,0.54738,0.46109,13.35149
1.23319,790.00000,807.91894,0.54740,0.46109,13.35109
1.23419,790.00000,807.91894,0.54741,0.46109,13.35068
1.23519,790.00000,805.74316,0.54743,0.46109,13.35027
1.23619,790.00000,807.91894,0.54745,0.46109,13.34985
1.23719,790.00000,805.74316,0.54746,0.46109,13.34943
1.23819,790.00000,805.74316,0.54748,0.46109,13.34900
1.23919,790.00000,803.57916,0.54750,0.46109,13.34857
1.24019,790.00000,803.57916,0.54752,0.46109,13.34813
1.24119,790.00000,801.42669,0.54754,0.46109,13.34769
1.24219,790.00000,801.42669,0.54755,0.46109,13.34725
1.24319,790.00000,799.99810,0.54757,0.46109,13.34680
1.24419,790.00000,801.42669,0.54759,0.46109,13.34635
1.24519,790.00000,801.42669,0.54761,0.46109,13.34589
1.24619,790.00000,801.42669,0.54763,0.46109,13.34543
1.24719,790.00000,801.42669,0.54765,0.46109,13.34497
1.24819,790.00000,802.86035,0.54767,0.46109,13.34450
1.24919,790.00000,802.86035,0.54769,0.46109,13.34403
1.25019,790.00000,802.86035,0.54771,0.46109,13.34355
1.25119,790.00000,802.86035,0.54773,0.46109,13.34307
1.25219,790.00000,803.57916,0.54775,0.46109,13.34259
1.25319,790.00000,804.29919,0.54777,0.46109,13.34211
1.25419,790.00000,804.29919,0.54779,0.46109,13.34162
1.25519,790.00000,804.29919,0.54781,0.46109,13.34113
1.25619,790.00000,804.29919,0.54783,0.46109,13.34063
1.25719,790.00000,811.57135,0.54785,0.46109,13.34013
1.25819,790.00000,804.29919,0.54787,0.46109,13.33963
1.25920,790.00000,804.29919,0.54789,0.46109,13.33912
1.26019,790.00000,804.29919,0.54791,0.46109,13.33861
1.26119,790.00000,804.29919,0.54793,0.46109,13.33809
1.26219,790.00000,802.86035,0.54795,0.46109,13.33757
1.26319,790.00000,802.14288,0.54797,0.46109,13.33705
1.26419,790.00000,802.14288,0.54799,0.46109,13.33652
1.26519,790.00000,802.86035,0.54802,0.46109,13.33598
1.26619,790.00000,802.14288,0.54804,0.46109,13.33544
1.26719,790.00000,802.14288,0.54806,0.46109,13.33489
1.26819,790.00000,799.99810,0.54808,0.46109,13.33434
1.26919,790.00000,799.99810,0.54811,0.46109,13.33379
1.27019,790.00000,797.15625,0.54813,0.46109,13.33323
1.27119,790.00000,799.28570,0.54815,0.46109,13.33266
1.27219,790.00000,799.28570,0.54818,0.46109,13.33210
1.27319,790.00000,799.28570,0.54820,0.46109,13.33152
1.27419,790.00000,799.28570,0.54822,0.46109,13.33095
1.27519,790.00000,794.33441,0.54825,0.46109,13.33037
1.27619,790.00000,793.63208,0.54827,0.46109,13.32978
1.27719,790.00000,793.63208,0.54830,0.46109,13.32919
1.27819,790.00000,793.63208,0.54832,0.46109,13.32860
1.27919,790.00000,793.63208,0.54834,0.46109,13.32801
1.28019,790.00000,793.63208,0.54837,0.46109,13.32741
1.28119,790.00000,799.28570,0.54839,0.46109,13.32680
1.28219,790.00000,797.86480,0.54842,0.46109,13.32620
1.28319,790.00000,797.86480,0.54844,0.46109,13.32559
1.28419,790.00000,799.99810,0.54847,0.46109,13.32497
1.28519,790.00000,799.99810,0.54849,0.46109,13.32436
1.28619,790.00000,799.99810,0.54852,0.46109,13.32374
1.28719,790.00000,799.99810,0.54855,0.46109,13.32311
1.28819,790.00000,799.99810,0.54857,0.46109,13.32248
1.28919,790.00000,800.71173,0.54860,0.46109,13.32185
1.29019,790.00000,800.71173,0.54862,0.46109,13.32122
1.29119,790.00000,800.71173,0.54865,0.46109,13.32058
1.29219,790.00000,800.71173,0.54868,0.46109,13.31995
1.29319,790.00000,801.42669,0.54870,0.46109,13.31930
1.29419,790.00000,801.42669,0.54873,0.46109,13.31866
1.29519,790.00000,801.42669,0.54876,0.46109,13.31801
1.29619,790.00000,801.42669,0.54878,0.46109,13.31737
1.29719,790.00000,801.42669,0.54881,0.46109,13.31672
1.29819,790.00000,801.42669,0.54884,0.46109,13.31607
1.29919,790.00000,801.42669,0.54886,0.46109,13.31541
1.30019,790.00000,805.74316,0.54889,0.46109,13.31476
1.30119,790.00000,801.42669,0.54892,0.46109,13.31410
1.30219,790.00000,801.42669,0.54894,0.46109,13.31344
1.30319,790.00000,798.57464,0.54897,0.46109,13.31277
1.30419,790.00000,798.57464,0.54900,0.46109,13.31211
1.30519,790.00000,797.86480,0.54903,0.46109,13.31144
1.30619,790.00000,797.86480,0.54905,0.46109,13.31077
1.30719,790.00000,797.86480,0.54908,0.46109,13.31009
1.30819,790.00000,798.57464,0.54911,0.46109,13.30941
1.30919,790.00000,798.57464,0.54914,0.46109,13.30873
1.31019,790.00000,798.57464,0.54917,0.46109,13.30805
1.31119,790.00000,797.86480,0.54920,0.46109,13.30737
1.31219,790.00000,797.86480,0.54922,0.46109,13.30669
1.31319,790.00000,800.71173,0.54925,0.46109,13.30600
1.31419,790.00000,800.71173,0.54928,0.46109,13.30531
1.31519,790.00000,800.71173,0.54931,0.46109,13.30463
1.31619,790.00000,800.71173,0.54934,0.46109,13.30394
1.31719,790.00000,802.14288,0.54937,0.46109,13.30325
1.31819,790.00000,802.14288,0.54939,0.46109,13.30257
1.31919,790.00000,802.14288,0.54942,0.46109,13.30188
1.32019,790.00000,799.99810,0.54945,0.46109,13.30119
1.32119,790.00000,802.14288,0.54948,0.46109,13.30051
1.32219,790.00000,802.14288,0.54951,0.46109,13.29982
1.32319,790.00000,802.14288,0.54954,0.46109,13.29913
1.32419,790.00000,802.14288,0.54956,0.46109,13.29845
1.32519,790.00000,802.14288,0.54959,0.46109,13.29777
1.32619,790.00000,802.14288,0.54962,0.46109,13.29709
1.32720,790.00000,799.99810,0.54965,0.46109,13.29642
1.32821,790.00000,799.99810,0.54968,0.46109,13.29574
1.32922,790.00000,803.57916,0.54970,0.46109,13.29507
1.33019,790.00000,803.57916,0.54973,0.46109,13.29440
1.33119,790.00000,803.57916,0.54976,0.46109,13.29374
1.33219,790.00000,797.86480,0.54979,0.46109,13.29308
1.33319,790.00000,797.86480,0.54981,0.46109,13.29242
1.33419,790.00000,797.86480,0.54984,0.46109,13.29177
1.33519,790.00000,797.86480,0.54987,0.46109,13.29113
1.33619,790.00000,797.15625,0.54989,0.46109,13.29049
1.33719,790.00000,797.15625,0.54992,0.46109,13.28985
1.33819,790.00000,797.15625,0.54995,0.46109,13.28921
1.33919,790.00000,797.15625,0.54997,0.46109,13.28859
1.34019,790.00000,797.15625,0.55000,0.46109,13.28796
1.34119,790.00000,802.86035,0.55002,0.46109,13.28735
1.34219,790.00000,802.86035,0.55005,0.46109,13.28674
1.34319,790.00000,802.86035,0.55007,0.46109,13.28614
1.34419,790.00000,802.86035,0.55010,0.46109,13.28554
1.34519,790.00000,802.86035,0.55012,0.46109,13.28495
1.34619,790.00000,802.86035,0.55015,0.46109,13.28436
1.34719,790.00000,802.86035,0.55017,0.46109,13.28378
1.34819,790.00000,802.86035,0.55019,0.46109,13.28321
1.34919,790.00000,802.86035,0.55022,0.46109,13.28264
1.35019,790.00000,799.99810,0.55024,0.46109,13.28208
1.35119,790.00000,799.99810,0.55026,0.46109,13.28153
1.35219,790.00000,799.28570,0.55029,0.46109,13.28099
1.35319,790.00000,798.57464,0.55031,0.46109,13.28045
1.35419,790.00000,798.57464,0.55033,0.46109,13.27992
1.35519,790.00000,799.99810,0.55035,0.46109,13.27939
1.35619,790.00000,799.99810,0.55037,0.46109,13.27888
1.35719,790.00000,799.99810,0.55039,0.46109,13.27837
1.35819,790.00000,799.99810,0.55042,0.46109,13.27787
1.35919,790.00000,799.99810,0.55044,0.46109,13.27737
1.36019,790.00000,799.99810,0.55046,0.46109,13.27688
1.36120,790.00000,796.44885,0.55048,0.46109,13.27640
1.36219,790.00000,796.44885,0.55050,0.46109,13.27593
1.36319,790.00000,796.44885,0.55052,0.46109,13.27546
1.36419,790.00000,796.44885,0.55053,0.46109,13.27501
1.36519,790.00000,796.44885,0.55055,0.46109,13.27456
1.36619,790.00000,796.44885,0.55057,0.46109,13.27412
1.36719,790.00000,795.03796,0.55059,0.46109,13.27369
1.36819,790.00000,795.03796,0.55061,0.46109,13.27327
1.36919,790.00000,795.03796,0.55062,0.46109,13.27285
1.37019,790.00000,802.14288,0.55064,0.46109,13.27245
1.37119,790.00000,802.14288,0.55066,0.46109,13.27205
1.37219,790.00000,802.14288,0.55067,0.46109,13.27166
1.37319,790.00000,802.14288,0.55069,0.46109,13.27128
1.37419,790.00000,802.14288,0.55070,0.46109,13.27091
1.37519,790.00000,809.37591,0.55072,0.46109,13.27054
1.37619,790.00000,810.10638,0.55073,0.46109,13.27019
1.37719,790.00000,810.10638,0.55075,0.46109,13.26984
1.37819,790.00000,810.10638,0.55076,0.46109,13.26950
1.37919,790.00000,810.10638,0.55078,0.46109,13.26916
1.38019,790.00000,810.10638,0.55079,0.46109,13.26884
1.38119,790.00000,810.10638,0.55080,0.46109,13.26852
1.38219,790.00000,810.10638,0.55082,0.46109,13.26821
1.38319,790.00000,810.10638,0.55083,0.46109,13.26791
1.38419,790.00000,810.10638,0.55084,0.46109,13.26762
1.38519,790.00000,810.10638,0.55085,0.46109,13.26733
1.38619,790.00000,810.10638,0.55086,0.46109,13.26705
1.38719,790.00000,801.42669,0.55088,0.46109,13.26678
1.38819,790.00000,810.10638,0.55089,0.46109,13.26651
1.38919,790.00000,801.42669,0.55090,0.46109,13.26626
1.39019,790.00000,819.72406,0.55091,0.46109,13.26600
1.39119,790.00000,801.42669,0.55092,0.46109,13.26576
1.39219,790.00000,801.42669,0.55093,0.46109,13.26552
1.39319,790.00000,800.71173,0.55094,0.46109,13.26529
1.39419,790.00000,800.71173,0.55095,0.46109,13.26507
1.39520,790.00000,801.42669,0.55096,0.46109,13.26486
1.39619,790.00000,800.71173,0.55096,0.46109,13.26466
1.39719,790.00000,800.71173,0.55097,0.46109,13.26446
1.39819,790.00000,800.71173,0.55098,0.46109,13.26428
1.39919,790.00000,794.33441,0.55099,0.46109,13.26410
1.40019,790.00000,799.99810,0.55099,0.46109,13.26393
1.40119,790.00000,799.99810,0.55100,0.46109,13.26377
1.40219,790.00000,795.74279,0.55101,0.46109,13.26362
1.40319,790.00000,799.99810,0.55101,0.46109,13.26348
1.40419,790.00000,796.44885,0.55102,0.46109,13.26334
1.40519,790.00000,799.99810,0.55102,0.46109,13.26321
1.40619,790.00000,796.44885,0.55103,0.46109,13.26309
1.40719,790.00000,799.99810,0.55103,0.46109,13.26298
1.40820,790.00000,799.99810,0.55104,0.46109,13.26288
1.40919,790.00000,799.99810,0.55104,0.46109,13.26278
1.41019,790.00000,799.99810,0.55105,0.46109,13.26268
1.41119,790.00000,799.99810,0.55105,0.46109,13.26259
1.41219,790.00000,802.14288,0.55105,0.46109,13.26251
1.41319,790.00000,805.02056,0.55106,0.46109,13.26243
1.41419,790.00000,802.14288,0.55106,0.46109,13.26236
1.41519,790.00000,802.14288,0.55106,0.46109,13.26230
1.41619,790.00000,805.02056,0.55106,0.46109,13.26224
1.41719,790.00000,805.02056,0.55107,0.46109,13.26219
1.41819,790.00000,805.02056,0.55107,0.46109,13.26214
1.41919,790.00000,805.02056,0.55107,0.46109,13.26210
1.42019,790.00000,802.14288,0.55107,0.46109,13.26206
1.42119,790.00000,802.14288,0.55107,0.46109,13.26203
1.42219,790.00000,802.14288,0.55107,0.46109,13.26200
1.42319,790.00000,800.71173,0.55107,0.46109,13.26198
1.42419,790.00000,799.99810,0.55108,0.46109,13.26197
1.42519,790.00000,799.99810,0.55108,0.46109,13.26196
1.42619,790.00000,802.14288,0.55108,0.46109,13.26196
1.42719,790.00000,799.99810,0.55108,0.46109,13.26196
1.42819,790.00000,798.57464,0.55108,0.46109,13.26196
1.42920,790.00000,798.57464,0.55107,0.46109,13.26198
1.43019,790.00000,798.57464,0.55107,0.46109,13.26199
1.43119,790.00000,799.99810,0.55107,0.46109,13.26201
1.43219,790.00000,799.99810,0.55107,0.46109,13.26203
1.43319,790.00000,805.74316,0.55107,0.46109,13.26205
1.43419,790.00000,805.74316,0.55107,0.46109,13.26208
1.43519,790.00000,814.51715,0.55107,0.46109,13.26211
1.43619,790.00000,806.46710,0.55107,0.46109,13.26214
1.43719,790.00000,806.46710,0.55107,0.46109,13.26217
1.43819,790.00000,806.46710,0.55107,0.46109,13.26221
1.43919,790.00000,806.46710,0.55106,0.46109,13.26225
1.44019,790.00000,806.46710,0.55106,0.46109,13.26229
1.44119,790.00000,806.46710,0.55106,0.46109,13.26234
1.44219,790.00000,808.64678,0.55106,0.46109,13.26239
1.44319,790.00000,806.46710,0.55106,0.46109,13.26244
1.44419,790.00000,805.74316,0.55105,0.46109,13.26249
1.44519,790.00000,805.74316,0.55105,0.46109,13.26255
1.44619,790.00000,805.74316,0.55105,0.46109,13.26261
1.44719,790.00000,805.74316,0.55105,0.46109,13.26267
1.44819,790.00000,805.74316,0.55104,0.46109,13.26274
1.44919,790.00000,808.64678,0.55104,0.46109,13.26280
1.45019,790.00000,808.64678,0.55104,0.46109,13.26287
1.45119,790.00000,808.64678,0.55103,0.46109,13.26295
1.45219,790.00000,805.74316,0.55103,0.46109,13.26302
1.45319,790.00000,802.14288,0.55103,0.46109,13.26310
1.45419,790.00000,802.14288,0.55103,0.46109,13.26318
1.45519,790.00000,802.14288,0.55102,0.46109,13.26325
1.45619,790.00000,802.14288,0.55102,0.46109,13.26333
1.45719,790.00000,802.14288,0.55102,0.46109,13.26341
1.45819,790.00000,802.14288,0.55101,0.46109,13.26349
1.45919,790.00000,802.14288,0.55101,0.46109,13.26357
1.46019,790.00000,802.14288,0.55101,0.46109,13.26365
1.46119,790.00000,799.99810,0.55100,0.46109,13.26373
1.46219,790.00000,799.99810,0.55100,0.46109,13.26381
1.46320,790.00000,802.14288,0.55100,0.46109,13.26389
1.46419,790.00000,799.99810,0.55099,0.46109,13.26397
1.46519,790.00000,797.86480,0.55099,0.46109,13.26405
1.46619,790.00000,797.86480,0.55099,0.46109,13.26413
1.46719,790.00000,797.15625,0.55098,0.46109,13.26422
1.46819,790.00000,797.15625,0.55098,0.46109,13.26430
1.46919,790.00000,797.86480,0.55097,0.46109,13.26438
1.47019,790.00000,797.86480,0.55097,0.46109,13.26447
1.47119,790.00000,797.86480,0.55097,0.46109,13.26455
1.47219,790.00000,799.28570,0.55096,0.46109,13.26464
1.47319,790.00000,799.28570,0.55096,0.46109,13.26473
1.47419,790.00000,799.28570,0.55096,0.46109,13.26481
1.47520,790.00000,799.28570,0.55095,0.46109,13.26490
1.47623,790.00000,810.10638,0.55095,0.46109,13.26499
1.47719,790.00000,810.10638,0.55095,0.46109,13.26508
1.47819,790.00000,810.10638,0.55094,0.46109,13.26517
1.47919,790.00000,810.10638,0.55094,0.46109,13.26525
1.48019,790.00000,810.10638,0.55094,0.46109,13.26534
1.48119,790.00000,810.10638,0.55093,0.46109,13.26543
1.48219,790.00000,800.71173,0.55093,0.46109,13.26552
1.48319,790.00000,799.28570,0.55092,0.46109,13.26561
1.48419,790.00000,800.71173,0.55092,0.46109,13.26570
1.48519,790.00000,798.57464,0.55092,0.46109,13.26579
1.48619,790.00000,797.86480,0.55091,0.46109,13.26588
1.48719,790.00000,797.86480,0.55091,0.46109,13.26598
1.48819,790.00000,797.86480,0.55090,0.46109,13.26607
1.48919,790.00000,797.86480,0.55090,0.46109,13.26617
1.49019,790.00000,801.42669,0.55090,0.46109,13.26627
1.49119,790.00000,801.42669,0.55089,0.46109,13.26637
1.49219,790.00000,801.42669,0.55089,0.46109,13.26648
1.49319,790.00000,801.42669,0.55088,0.46109,13.26659
1.49419,790.00000,801.42669,0.55088,0.46109,13.26670
1.49519,790.00000,800.71173,0.55087,0.46109,13.26681
1.49619,790.00000,801.42669,0.55087,0.46109,13.26692
1.49720,790.00000,813.77874,0.55086,0.46109,13.26704
1.49819,790.00000,813.77874,0.55086,0.46109,13.26716
1.49919,790.00000,801.42669,0.55085,0.46109,13.26729
1.50019,790.00000,800.71173,0.55085,0.46109,13.26742
1.50119,790.00000,800.71173,0.55084,0.46109,13.26755
1.50219,790.00000,799.99810,0.55084,0.46109,13.26769
1.50319,790.00000,800.71173,0.55083,0.46109,13.26782
1.50419,790.00000,799.99810,0.55083,0.46109,13.26797
1.50519,790.00000,812.30578,0.55082,0.46109,13.26811
1.50619,790.00000,812.30578,0.55081,0.46109,13.26826
1.50719,790.00000,812.30578,0.55081,0.46109,13.26841
1.50819,790.00000,802.14288,0.55080,0.46109,13.26857
1.50919,790.00000,799.99810,0.55079,0.46109,13.26873
1.51019,790.00000,802.14288,0.55079,0.46109,13.26889
1.51119,790.00000,805.02056,0.55078,0.46109,13.26906
1.51219,790.00000,802.14288,0.55077,0.46109,13.26923
1.51319,790.00000,805.02056,0.55077,0.46109,13.26940
1.51419,790.00000,805.02056,0.55076,0.46109,13.26957
1.51519,790.00000,807.91894,0.55075,0.46109,13.26975
1.51619,790.00000,807.91894,0.55074,0.46109,13.26993
1.51719,790.00000,807.91894,0.55074,0.46109,13.27012
1.51819,790.00000,807.91894,0.55073,0.46109,13.27031
1.51919,790.00000,807.91894,0.55072,0.46109,13.27050
1.52019,790.00000,807.91894,0.55071,0.46109,13.27070
1.52119,790.00000,805.02056,0.55070,0.46109,13.27090
1.52219,790.00000,807.91894,0.55070,0.46109,13.27110
1.52319,790.00000,807.91894,0.55069,0.46109,13.27130
1.52419,790.00000,807.91894,0.55068,0.46109,13.27151
1.52519,790.00000,805.02056,0.55067,0.46109,13.27172
1.52619,790.00000,805.02056,0.55066,0.46109,13.27193
1.52719,790.00000,805.02056,0.55065,0.46109,13.27214
1.52819,790.00000,802.86035,0.55064,0.46109,13.27235
1.52919,790.00000,802.86035,0.55064,0.46109,13.27256
1.53019,790.00000,802.86035,0.55063,0.46109,13.27276
1.53119,790.00000,804.29919,0.55062,0.46109,13.27297
1.53219,790.00000,804.29919,0.55061,0.46109,13.27319
1.53319,790.00000,802.86035,0.55060,0.46109,13.27340
1.53419,790.00000,804.29919,0.55059,0.46109,13.27362
1.53519,790.00000,802.86035,0.55058,0.46109,13.27383
1.53619,790.00000,802.86035,0.55057,0.46109,13.27405
1.53719,790.00000,802.86035,0.55056,0.46109,13.27427
1.53819,790.00000,797.86480,0.55056,0.46109,13.27449
1.53919,790.00000,802.86035,0.55055,0.46109,13.27471
1.54019,790.00000,799.99810,0.55054,0.46109,13.27493
1.54119,790.00000,799.99810,0.55053,0.46109,13.27515
1.54219,790.00000,797.86480,0.55052,0.46109,13.27537
1.54319,790.00000,799.99810,0.55051,0.46109,13.27559
1.54419,790.00000,800.71173,0.55050,0.46109,13.27581
1.54519,790.00000,800.71173,0.55049,0.46109,13.27602
1.54619,790.00000,800.71173,0.55048,0.46109,13.27623
1.54719,790.00000,800.71173,0.55047,0.46109,13.27645
1.54819,790.00000,800.71173,0.55047,0.46109,13.27666
1.54919,790.00000,800.71173,0.55046,0.46109,13.27686
1.55019,790.00000,800.71173,0.55045,0.46109,13.27707
1.55119,790.00000,800.71173,0.55044,0.46109,13.27727
1.55219,790.00000,800.71173,0.55043,0.46109,13.27748
1.55319,790.00000,800.71173,0.55042,0.46109,13.27768
1.55419,790.00000,800.71173,0.55041,0.46109,13.27788
1.55519,790.00000,800.71173,0.55041,0.46109,13.27808
1.55619,790.00000,800.71173,0.55040,0.46109,13.27828
1.55719,790.00000,800.71173,0.55039,0.46109,13.27848
1.55819,790.00000,800.71173,0.55038,0.46109,13.27868
1.55919,790.00000,799.99810,0.55037,0.46109,13.27888
1.56019,790.00000,799.99810,0.55037,0.46109,13.27907
1.56119,790.00000,800.71173,0.55036,0.46109,13.27927
1.56219,790.00000,800.71173,0.55035,0.46109,13.27946
1.56319,790.00000,799.99810,0.55034,0.46109,13.27965
1.56419,790.00000,800.71173,0.55033,0.46109,13.27984
1.56520,790.00000,800.71173,0.55033,0.46109,13.28003
1.56619,790.00000,801.42669,0.55032,0.46109,13.28022
1.56719,790.00000,801.42669,0.55031,0.46109,13.28041
1.56819,790.00000,801.42669,0.55030,0.46109,13.28060
1.56919,790.00000,801.42669,0.55029,0.46109,13.28079
1.57019,790.00000,802.86035,0.55029,0.46109,13.28098
1.57119,790.00000,802.86035,0.55028,0.46109,13.28118
1.57219,790.00000,801.42669,0.55027,0.46109,13.28137
1.57319,790.00000,801.42669,0.55026,0.46109,13.28156
1.57419,790.00000,801.42669,0.55025,0.46109,13.28175
1.57519,790.00000,801.42669,0.55025,0.46109,13.28195
1.57619,790.00000,799.99810,0.55024,0.46109,13.28214
1.57719,790.00000,799.99810,0.55023,0.46109,13.28234
1.57819,790.00000,799.99810,0.55022,0.46109,13.28254
1.57919,790.00000,799.99810,0.55021,0.46109,13.28274
1.58019,790.00000,801.42669,0.55021,0.46109,13.28293
1.58119,790.00000,801.42669,0.55020,0.46109,13.28313
1.58219,790.00000,799.99810,0.55019,0.46109,13.28333
1.58319,790.00000,799.99810,0.55018,0.46109,13.28353
1.58419,790.00000,799.99810,0.55017,0.46109,13.28373
1.58519,790.00000,799.28570,0.55016,0.46109,13.28393
1.58619,790.00000,801.42669,0.55016,0.46109,13.28413
1.58719,790.00000,807.91894,0.55015,0.46109,13.28433
1.58819,790.00000,807.91894,0.55014,0.46109,13.28453
1.58919,790.00000,807.91894,0.55013,0.46109,13.28473
1.59019,790.00000,808.64678,0.55012,0.46109,13.28494
1.59119,790.00000,808.64678,0.55011,0.46109,13.28514
1.59219,790.00000,807.91894,0.55011,0.46109,13.28535
1.59319,790.00000,807.91894,0.55010,0.46109,13.28555
1.59419,790.00000,807.91894,0.55009,0.46109,13.28576
1.59519,790.00000,807.91894,0.55008,0.46109,13.28597
1.59619,790.00000,807.91894,0.55007,0.46109,13.28617
1.59719,790.00000,806.46710,0.55006,0.46109,13.28638
1.59819,790.00000,801.42669,0.55005,0.46109,13.28659
1.59920,790.00000,801.42669,0.55005,0.46109,13.28679
1.60019,790.00000,799.28570,0.55004,0.46109,13.28700
1.60119,790.00000,799.28570,0.55003,0.46109,13.28721
1.60219,790.00000,799.28570,0.55002,0.46109,13.28742
1.60319,790.00000,799.28570,0.55001,0.46109,13.28762
1.60419,790.00000,800.71173,0.55000,0.46109,13.28783
1.60519,790.00000,801.42669,0.54999,0.46109,13.28804
1.60619,790.00000,801.42669,0.54999,0.46109,13.28824
1.60719,790.00000,801.42669,0.54998,0.46109,13.28845
1.60819,790.00000,802.14288,0.54997,0.46109,13.28866
1.60919,790.00000,803.57916,0.54996,0.46109,13.28886
1.61019,790.00000,807.91894,0.54995,0.46109,13.28907
1.61119,790.00000,807.91894,0.54994,0.46109,13.28927
1.61219,790.00000,807.19238,0.54993,0.46109,13.28948
1.61319,790.00000,807.19238,0.54993,0.46109,13.28968
1.61419,790.00000,807.91894,0.54992,0.46109,13.28989
1.61519,790.00000,809.37591,0.54991,0.46109,13.29010
1.61619,790.00000,809.37591,0.54990,0.46109,13.29031
1.61719,790.00000,807.91894,0.54989,0.46109,13.29052
1.61819,790.00000,807.91894,0.54988,0.46109,13.29073
1.61919,790.00000,807.91894,0.54987,0.46109,13.29094
1.62019,790.00000,807.19238,0.54987,0.46109,13.29116
1.62120,790.00000,800.71173,0.54986,0.46109,13.29137
1.62222,790.00000,800.71173,0.54985,0.46109,13.29159
1.62319,790.00000,800.71173,0.54984,0.46109,13.29180
1.62419,790.00000,802.14288,0.54983,0.46109,13.29202
1.62519,790.00000,802.14288,0.54982,0.46109,13.29223
1.62619,790.00000,802.14288,0.54981,0.46109,13.29245
1.62719,790.00000,800.71173,0.54980,0.46109,13.29266
1.62819,790.00000,802.14288,0.54979,0.46109,13.29288
1.62919,790.00000,802.14288,0.54979,0.46109,13.29309
1.63019,790.00000,810.10638,0.54978,0.46109,13.29330
1.63119,790.00000,810.10638,0.54977,0.46109,13.29352
1.63219,790.00000,810.10638,0.54976,0.46109,13.29373
1.63320,790.00000,810.10638,0.54975,0.46109,13.29395
1.63419,790.00000,802.86035,0.54974,0.46109,13.29416
1.63519,790.00000,810.10638,0.54973,0.46109,13.29438
1.63619,790.00000,802.86035,0.54972,0.46109,13.29459
1.63719,790.00000,802.14288,0.54971,0.46109,13.29481
1.63819,790.00000,802.14288,0.54971,0.46109,13.29502
1.63919,790.00000,802.14288,0.54970,0.46109,13.29524
1.64019,790.00000,802.14288,0.54969,0.46109,13.29545
1.64119,790.00000,802.14288,0.54968,0.46109,13.29566
1.64219,790.00000,802.14288,0.54967,0.46109,13.29588
1.64319,790.00000,799.99810,0.54966,0.46109,13.29609
1.64419,790.00000,799.99810,0.54965,0.46109,13.29631
1.64519,790.00000,799.99810,0.54964,0.46109,13.29652
1.64619,790.00000,797.15625,0.54963,0.46109,13.29674
1.64719,790.00000,797.86480,0.54963,0.46109,13.29695
1.64819,790.00000,799.99810,0.54962,0.46109,13.29717
1.64919,790.00000,799.99810,0.54961,0.46109,13.29738
1.65019,790.00000,799.99810,0.54960,0.46109,13.29760
1.65119,790.00000,799.99810,0.54959,0.46109,13.29781
1.65219,790.00000,799.99810,0.54958,0.46109,13.29802
1.65319,790.00000,799.99810,0.54957,0.46109,13.29824
1.65419,790.00000,800.71173,0.54956,0.46109,13.29845
1.65519,790.00000,802.14288,0.54955,0.46109,13.29867
1.65619,790.00000,802.14288,0.54955,0.46109,13.29888
1.65719,790.00000,802.14288,0.54954,0.46109,13.29910
1.65819,790.00000,805.02056,0.54953,0.46109,13.29931
1.65919,790.00000,805.02056,0.54952,0.46109,13.29953
1.66019,790.00000,805.02056,0.54951,0.46109,13.29974
1.66119,790.00000,805.02056,0.54950,0.46109,13.29996
1.66219,790.00000,804.29919,0.54949,0.46109,13.30017
1.66319,790.00000,804.29919,0.54948,0.46109,13.30039
1.66419,790.00000,804.29919,0.54947,0.46109,13.30060
1.66519,790.00000,801.42669,0.54947,0.46109,13.30081
1.66619,790.00000,801.42669,0.54946,0.46109,13.30103
1.66720,790.00000,796.44885,0.54945,0.46109,13.30124
1.66819,790.00000,796.44885,0.54944,0.46109,13.30146
1.66919,790.00000,796.44885,0.54943,0.46109,13.30167
1.67019,790.00000,796.44885,0.54942,0.46109,13.30188
1.67119,790.00000,795.03796,0.54941,0.46109,13.30208
1.67219,790.00000,796.44885,0.54940,0.46109,13.30229
1.67319,790.00000,796.44885,0.54940,0.46109,13.30249
1.67419,790.00000,798.57464,0.54939,0.46109,13.30270
1.67519,790.00000,796.44885,0.54938,0.46109,13.30290
1.67619,790.00000,798.57464,0.54937,0.46109,13.30311
1.67719,790.00000,798.57464,0.54936,0.46109,13.30331
1.67819,790.00000,802.86035,0.54935,0.46109,13.30352
1.67919,790.00000,802.86035,0.54935,0.46109,13.30372
1.68019,790.00000,802.86035,0.54934,0.46109,13.30392
1.68119,790.00000,802.86035,0.54933,0.46109,13.30412
1.68219,790.00000,808.64678,0.54932,0.46109,13.30432
1.68319,790.00000,808.64678,0.54931,0.46109,13.30452
1.68419,790.00000,808.64678,0.54930,0.46109,13.30472
1.68519,790.00000,808.64678,0.54930,0.46109,13.30492
1.68619,790.00000,808.64678,0.54929,0.46109,13.30511
1.68719,790.00000,800.71173,0.54928,0.46109,13.30531
1.68819,790.00000,800.71173,0.54927,0.46109,13.30551
1.68919,790.00000,800.71173,0.54926,0.46109,13.30571
1.69019,790.00000,799.99810,0.54926,0.46109,13.30591
1.69119,790.00000,800.71173,0.54925,0.46109,13.30611
1.69219,790.00000,800.71173,0.54924,0.46109,13.30631
1.69319,790.00000,800.71173,0.54923,0.46109,13.30650
1.69419,790.00000,800.71173,0.54922,0.46109,13.30670
1.69519,790.00000,800.71173,0.54921,0.46109,13.30689
1.69619,790.00000,800.71173,0.54921,0.46109,13.30709
1.69719,790.00000,802.14288,0.54920,0.46109,13.30728
1.69819,790.00000,802.14288,0.54919,0.46109,13.30747
1.69919,790.00000,802.14288,0.54918,0.46109,13.30767
1.70019,790.00000,800.71173,0.54917,0.46109,13.30786
1.70119,790.00000,802.14288,0.54917,0.46109,13.30806
1.70219,790.00000,800.71173,0.54916,0.46109,13.30825
1.70319,790.00000,800.71173,0.54915,0.46109,13.30844
1.70419,790.00000,800.71173,0.54914,0.46109,13.30863
1.70519,790.00000,818.97613,0.54914,0.46109,13.30882
1.70619,790.00000,818.97613,0.54913,0.46109,13.30901
1.70719,790.00000,818.97613,0.54912,0.46109,13.30920
1.70819,790.00000,818.97613,0.54911,0.46109,13.30939
1.70919,790.00000,803.57916,0.54910,0.46109,13.30958
1.71019,790.00000,803.57916,0.54910,0.46109,13.30977
1.71119,790.00000,818.97613,0.54909,0.46109,13.30996
1.71219,790.00000,803.57916,0.54908,0.46109,13.31015
1.71319,790.00000,803.57916,0.54907,0.46109,13.31034
1.71419,790.00000,803.57916,0.54906,0.46109,13.31053
1.71519,790.00000,803.57916,0.54906,0.46109,13.31071
1.71619,790.00000,803.57916,0.54905,0.46109,13.31090
1.71719,790.00000,803.57916,0.54904,0.46109,13.31109
1.71819,790.00000,799.28570,0.54903,0.46109,13.31128
1.71919,790.00000,799.28570,0.54903,0.46109,13.31146
1.72019,790.00000,799.28570,0.54902,0.46109,13.31165
1.72119,790.00000,799.28570,0.54901,0.46109,13.31183
1.72219,790.00000,799.28570,0.54900,0.46109,13.31201
1.72319,790.00000,799.28570,0.54900,0.46109,13.31220
1.72419,790.00000,799.28570,0.54899,0.46109,13.31239
1.72519,790.00000,802.86035,0.54898,0.46109,13.31257
1.72619,790.00000,802.86035,0.54897,0.46109,13.31276
1.72719,790.00000,802.86035,0.54896,0.46109,13.31295
1.72819,790.00000,802.86035,0.54896,0.46109,13.31315
1.72919,790.00000,802.86035,0.54895,0.46109,13.31334
1.73019,790.00000,802.86035,0.54894,0.46109,13.31353
1.73119,790.00000,800.71173,0.54893,0.46109,13.31373
1.73219,790.00000,802.86035,0.54892,0.46109,13.31392
1.73319,790.00000,800.71173,0.54892,0.46109,13.31412
1.73419,790.00000,800.71173,0.54891,0.46109,13.31432
1.73520,790.00000,800.71173,0.54890,0.46109,13.31452
1.73619,790.00000,800.71173,0.54889,0.46109,13.31472
1.73719,790.00000,795.74279,0.54888,0.46109,13.31493
1.73819,790.00000,795.74279,0.54888,0.46109,13.31513
1.73919,790.00000,794.33441,0.54887,0.46109,13.31534
1.74019,790.00000,795.74279,0.54886,0.46109,13.31554
1.74119,790.00000,795.74279,0.54885,0.46109,13.31575
1.74219,790.00000,796.44885,0.54884,0.46109,13.31596
1.74319,790.00000,796.44885,0.54883,0.46109,13.31617
1.74419,790.00000,796.44885,0.54882,0.46109,13.31638
1.74519,790.00000,796.44885,0.54882,0.46109,13.31659
1.74619,790.00000,796.44885,0.54881,0.46109,13.31680
1.74719,790.00000,796.44885,0.54880,0.46109,13.31701
1.74819,790.00000,796.44885,0.54879,0.46109,13.31722
1.74919,790.00000,796.44885,0.54878,0.46109,13.31743
1.75019,790.00000,799.99810,0.54877,0.46109,13.31764
1.75119,790.00000,799.99810,0.54876,0.46109,13.31785
1.75219,790.00000,798.57464,0.54875,0.46109,13.31805
1.75319,790.00000,800.71173,0.54875,0.46109,13.31826
1.75419,790.00000,800.71173,0.54874,0.46109,13.31847
1.75519,790.00000,800.71173,0.54873,0.46109,13.31868
1.75619,790.00000,800.71173,0.54872,0.46109,13.31889
1.75719,790.00000,799.28570,0.54871,0.46109,13.31909
1.75819,790.00000,799.28570,0.54870,0.46109,13.31930
1.75919,790.00000,799.99810,0.54869,0.46109,13.31951
1.76019,790.00000,799.99810,0.54869,0.46109,13.31972
1.76119,790.00000,799.99810,0.54868,0.46109,13.31993
1.76219,790.00000,799.28570,0.54867,0.46109,13.32013
1.76319,790.00000,799.99810,0.54866,0.46109,13.32034
1.76419,790.00000,799.99810,0.54865,0.46109,13.32054
1.76519,790.00000,799.99810,0.54864,0.46109,13.32074
1.76619,790.00000,799.99810,0.54864,0.46109,13.32095
1.76720,790.00000,800.71173,0.54863,0.46109,13.32115
1.76822,790.00000,800.71173,0.54862,0.46109,13.32135
1.76919,790.00000,802.14288,0.54861,0.46109,13.32155
1.77019,790.00000,802.14288,0.54860,0.46109,13.32174
1.77119,790.00000,802.14288,0.54859,0.46109,13.32194
1.77219,790.00000,807.19238,0.54859,0.46109,13.32214
1.77319,790.00000,807.19238,0.54858,0.46109,13.32233
1.77419,790.00000,807.19238,0.54857,0.46109,13.32252
1.77519,790.00000,800.71173,0.54856,0.46109,13.32271
1.77619,790.00000,800.71173,0.54855,0.46109,13.32291
1.77719,790.00000,798.57464,0.54855,0.46109,13.32310
1.77819,790.00000,798.57464,0.54854,0.46109,13.32329
1.77919,790.00000,797.86480,0.54853,0.46109,13.32347
1.78019,790.00000,794.33441,0.54852,0.46109,13.32366
1.78119,790.00000,797.86480,0.54852,0.46109,13.32385
1.78219,790.00000,797.86480,0.54851,0.46109,13.32403
1.78319,790.00000,797.86480,0.54850,0.46109,13.32422
1.78419,790.00000,797.86480,0.54849,0.46109,13.32440
1.78519,790.00000,799.99810,0.54849,0.46109,13.32458
1.78619,790.00000,799.99810,0.54848,0.46109,13.32476
1.78719,790.00000,799.99810,0.54847,0.46109,13.32494
1.78819,790.00000,799.99810,0.54846,0.46109,13.32512
1.78919,790.00000,799.99810,0.54846,0.46109,13.32530
1.79019,790.00000,799.99810,0.54845,0.46109,13.32548
1.79119,790.00000,799.99810,0.54844,0.46109,13.32566
1.79219,790.00000,799.99810,0.54843,0.46109,13.32583
1.79319,790.00000,796.44885,0.54843,0.46109,13.32601
1.79419,790.00000,802.14288,0.54842,0.46109,13.32618
1.79519,790.00000,802.14288,0.54841,0.46109,13.32635
1.79619,790.00000,802.14288,0.54841,0.46109,13.32652
1.79719,790.00000,802.14288,0.54840,0.46109,13.32669
1.79819,790.00000,802.14288,0.54839,0.46109,13.32686
1.79919,790.00000,809.37591,0.54838,0.46109,13.32703
1.80019,790.00000,802.14288,0.54838,0.46109,13.32720
1.80119,790.00000,802.14288,0.54837,0.46109,13.32737
1.80219,790.00000,802.14288,0.54836,0.46109,13.32753
1.80319,790.00000,804.29919,0.54836,0.46109,13.32770
1.80419,790.00000,809.37591,0.54835,0.46109,13.32786
1.80519,790.00000,804.29919,0.54834,0.46109,13.32802
1.80619,790.00000,804.29919,0.54834,0.46109,13.32819
1.80719,790.00000,800.71173,0.54833,0.46109,13.32835
1.80820,790.00000,804.29919,0.54832,0.46109,13.32851
1.80919,790.00000,804.29919,0.54832,0.46109,13.32867
1.81019,790.00000,804.29919,0.54831,0.46109,13.32882
1.81119,790.00000,804.29919,0.54830,0.46109,13.32898
1.81219,790.00000,805.74316,0.54830,0.46109,13.32914
1.81319,790.00000,805.74316,0.54829,0.46109,13.32929
1.81419,790.00000,805.74316,0.54829,0.46109,13.32945
1.81519,790.00000,805.74316,0.54828,0.46109,13.32960
1.81619,790.00000,805.74316,0.54827,0.46109,13.32975
1.81719,790.00000,805.74316,0.54827,0.46109,13.32990
1.81819,790.00000,805.74316,0.54826,0.46109,13.33005
1.81919,790.00000,799.28570,0.54825,0.46109,13.33020
1.82019,790.00000,799.28570,0.54825,0.46109,13.33035
1.82119,790.00000,799.28570,0.54824,0.46109,13.33050
1.82219,790.00000,799.28570,0.54824,0.46109,13.33065
1.82319,790.00000,799.28570,0.54823,0.46109,13.33079
1.82419,790.00000,799.28570,0.54822,0.46109,13.33093
1.82519,790.00000,799.28570,0.54822,0.46109,13.33107
1.82619,790.00000,799.28570,0.54821,0.46109,13.33121
1.82719,790.00000,799.28570,0.54821,0.46109,13.33134
1.82819,790.00000,799.99810,0.54820,0.46109,13.33147
1.82919,790.00000,799.99810,0.54820,0.46109,13.33160
1.83019,790.00000,799.99810,0.54819,0.46109,13.33172
1.83119,790.00000,799.99810,0.54819,0.46109,13.33185
1.83219,790.00000,799.99810,0.54818,0.46109,13.33197
1.83319,790.00000,799.99810,0.54818,0.46109,13.33209
1.83419,790.00000,799.99810,0.54817,0.46109,13.33221
1.83519,790.00000,799.99810,0.54817,0.46109,13.33233
1.83619,790.00000,799.99810,0.54816,0.46109,13.33245
1.83720,790.00000,799.99810,0.54816,0.46109,13.33256
1.83819,790.00000,801.42669,0.54815,0.46109,13.33268
1.83919,790.00000,801.42669,0.54815,0.46109,13.33280
1.84019,790.00000,803.57916,0.54814,0.46109,13.33291
1.84119,790.00000,804.29919,0.54814,0.46109,13.33303
1.84219,790.00000,804.29919,0.54813,0.46109,13.33314
1.84319,790.00000,803.57916,0.54813,0.46109,13.33325
1.84419,790.00000,801.42669,0.54812,0.46109,13.33337
1.84519,790.00000,801.42669,0.54812,0.46109,13.33348
1.84619,790.00000,798.57464,0.54812,0.46109,13.33359
1.84719,790.00000,801.42669,0.54811,0.46109,13.33370
1.84819,790.00000,801.42669,0.54811,0.46109,13.33382
1.84919,790.00000,801.42669,0.54810,0.46109,13.33393
1.85019,790.00000,798.57464,0.54810,0.46109,13.33404
1.85119,790.00000,798.57464,0.54809,0.46109,13.33415
1.85219,790.00000,798.57464,0.54809,0.46109,13.33426
1.85319,790.00000,798.57464,0.54808,0.46109,13.33436
1.85419,790.00000,798.57464,0.54808,0.46109,13.33447
1.85519,790.00000,799.99810,0.54807,0.46109,13.33458
1.85619,790.00000,799.99810,0.54807,0.46109,13.33469
1.85719,790.00000,799.99810,0.54807,0.46109,13.33479
1.85819,790.00000,799.99810,0.54806,0.46109,13.33490
1.85919,790.00000,799.99810,0.54806,0.46109,13.33500
1.86019,790.00000,798.57464,0.54805,0.46109,13.33510
1.86119,790.00000,797.15625,0.54805,0.46109,13.33521
1.86219,790.00000,797.15625,0.54804,0.46109,13.33531
1.86319,790.00000,798.57464,0.54804,0.46109,13.33541
1.86419,790.00000,798.57464,0.54804,0.46109,13.33551
1.86519,790.00000,795.03796,0.54803,0.46109,13.33562
1.86619,790.00000,795.03796,0.54803,0.46109,13.33572
1.86719,790.00000,795.03796,0.54802,0.46109,13.33582
1.86819,790.00000,796.44885,0.54802,0.46109,13.33592
1.86919,790.00000,797.86480,0.54802,0.46109,13.33602
1.87019,790.00000,797.86480,0.54801,0.46109,13.33612
1.87120,790.00000,798.57464,0.54801,0.46109,13.33621
1.87219,790.00000,798.57464,0.54800,0.46109,13.33631
1.87319,790.00000,797.86480,0.54800,0.46109,13.33641
1.87419,790.00000,796.44885,0.54800,0.46109,13.33650
1.87519,790.00000,797.86480,0.54799,0.46109,13.33660
1.87619,790.00000,797.86480,0.54799,0.46109,13.33669
1.87719,790.00000,797.86480,0.54798,0.46109,13.33679
1.87819,790.00000,805.02056,0.54798,0.46109,13.33688
1.87919,790.00000,797.86480,0.54798,0.46109,13.33697
1.88019,790.00000,795.03796,0.54797,0.46109,13.33707
1.88119,790.00000,795.03796,0.54797,0.46109,13.33716
1.88219,790.00000,794.33441,0.54796,0.46109,13.33725
1.88319,790.00000,794.33441,0.54796,0.46109,13.33734
1.88419,790.00000,794.33441,0.54796,0.46109,13.33743
1.88519,790.00000,795.03796,0.54795,0.46109,13.33751
1.88619,790.00000,798.57464,0.54795,0.46109,13.33760
1.88719,790.00000,798.57464,0.54795,0.46109,13.33769
1.88819,790.00000,798.57464,0.54794,0.46109,13.33777
1.88919,790.00000,798.57464,0.54794,0.46109,13.33786
1.89019,790.00000,798.57464,0.54794,0.46109,13.33794
1.89119,790.00000,798.57464,0.54793,0.46109,13.33802
1.89219,790.00000,798.57464,0.54793,0.46109,13.33811
1.89319,790.00000,798.57464,0.54793,0.46109,13.33819
1.89419,790.00000,798.57464,0.54792,0.46109,13.33827
1.89519,790.00000,798.57464,0.54792,0.46109,13.33835
1.89619,790.00000,798.57464,0.54792,0.46109,13.33843
1.89719,790.00000,797.15625,0.54791,0.46109,13.33851
1.89819,790.00000,797.15625,0.54791,0.46109,13.33859
1.89919,790.00000,798.57464,0.54791,0.46109,13.33866
1.90019,790.00000,798.57464,0.54790,0.46109,13.33874
1.90119,790.00000,799.99810,0.54790,0.46109,13.33882
1.90219,790.00000,799.99810,0.54790,0.46109,13.33889
1.90319,790.00000,799.99810,0.54789,0.46109,13.33897
1.90419,790.00000,799.99810,0.54789,0.46109,13.33904
1.90520,790.00000,799.99810,0.54789,0.46109,13.33911
1.90619,790.00000,799.99810,0.54789,0.46109,13.33918
1.90719,790.00000,799.99810,0.54788,0.46109,13.33926
1.90819,790.00000,799.99810,0.54788,0.46109,13.33933
1.90919,790.00000,809.37591,0.54788,0.46109,13.33940
1.91019,790.00000,799.99810,0.54787,0.46109,13.33947
1.91119,790.00000,796.44885,0.54787,0.46109,13.33954
1.91219,790.00000,796.44885,0.54787,0.46109,13.33961
1.91319,790.00000,795.03796,0.54787,0.46109,13.33967
1.91420,790.00000,796.44885,0.54786,0.46109,13.33974
1.91522,790.00000,796.44885,0.54786,0.46109,13.33981
1.91619,790.00000,809.37591,0.54786,0.46109,13.33987
1.91719,790.00000,809.37591,0.54785,0.46109,13.33994
1.91819,790.00000,809.37591,0.54785,0.46109,13.34001
1.91919,790.00000,806.46710,0.54785,0.46109,13.34007
1.92019,790.00000,806.46710,0.54785,0.46109,13.34014
1.92119,790.00000,807.19238,0.54784,0.46109,13.34020
1.92219,790.00000,807.19238,0.54784,0.46109,13.34026
1.92319,790.00000,807.19238,0.54784,0.46109,13.34033
1.92419,790.00000,807.19238,0.54784,0.46109,13.34039
1.92519,790.00000,807.19238,0.54783,0.46109,13.34045
1.92619,790.00000,806.46710,0.54783,0.46109,13.34051
1.92719,790.00000,806.46710,0.54783,0.46109,13.34057
1.92819,790.00000,806.46710,0.54783,0.46109,13.34064
1.92919,790.00000,806.46710,0.54782,0.46109,13.34070
1.93019,790.00000,806.46710,0.54782,0.46109,13.34075
1.93119,790.00000,806.46710,0.54782,0.46109,13.34081
1.93219,790.00000,802.86035,0.54782,0.46109,13.34087
1.93319,790.00000,797.86480,0.54781,0.46109,13.34093
1.93419,790.00000,802.86035,0.54781,0.46109,13.34099
1.93519,790.00000,797.86480,0.54781,0.46109,13.34104
1.93619,790.00000,797.86480,0.54781,0.46109,13.34110
1.93719,790.00000,802.86035,0.54780,0.46109,13.34115
1.93819,790.00000,802.86035,0.54780,0.46109,13.34121
1.93919,790.00000,797.86480,0.54780,0.46109,13.34127
1.94019,790.00000,797.86480,0.54780,0.46109,13.34132
1.94119,790.00000,795.74279,0.54780,0.46109,13.34137
1.94219,790.00000,797.86480,0.54779,0.46109,13.34143
1.94319,790.00000,797.86480,0.54779,0.46109,13.34148
1.94419,790.00000,798.57464,0.54779,0.46109,13.34153
1.94519,790.00000,795.74279,0.54779,0.46109,13.34158
1.94619,790.00000,798.57464,0.54778,0.46109,13.34164
1.94719,790.00000,795.74279,0.54778,0.46109,13.34169
1.94819,790.00000,795.03796,0.54778,0.46109,13.34174
1.94919,790.00000,795.74279,0.54778,0.46109,13.34179
1.95019,790.00000,795.74279,0.54778,0.46109,13.34184
1.95119,790.00000,795.74279,0.54777,0.46109,13.34189
1.95219,790.00000,798.57464,0.54777,0.46109,13.34193
1.95319,790.00000,798.57464,0.54777,0.46109,13.34198
1.95419,790.00000,798.57464,0.54777,0.46109,13.34203
1.95519,790.00000,801.42669,0.54777,0.46109,13.34208
1.95619,790.00000,801.42669,0.54776,0.46109,13.34213
1.95719,790.00000,804.29919,0.54776,0.46109,13.34217
1.95819,790.00000,804.29919,0.54776,0.46109,13.34222
1.95919,790.00000,804.29919,0.54776,0.46109,13.34226
1.96019,790.00000,804.29919,0.54776,0.46109,13.34231
1.96119,790.00000,799.99810,0.54776,0.46109,13.34235
1.96219,790.00000,799.99810,0.54775,0.46109,13.34240
1.96319,790.00000,799.99810,0.54775,0.46109,13.34244
1.96419,790.00000,798.57464,0.54775,0.46109,13.34248
1.96519,790.00000,799.28570,0.54775,0.46109,13.34253
1.96619,790.00000,798.57464,0.54775,0.46109,13.34257
1.96719,790.00000,799.28570,0.54774,0.46109,13.34261
1.96819,790.00000,799.28570,0.54774,0.46109,13.34265
1.96919,790.00000,798.57464,0.54774,0.46109,13.34269
1.97019,790.00000,798.57464,0.54774,0.46109,13.34273
1.97119,790.00000,795.03796,0.54774,0.46109,13.34277
1.97219,790.00000,795.03796,0.54774,0.46109,13.34281
1.97319,790.00000,799.28570,0.54773,0.46109,13.34285
1.97419,790.00000,799.28570,0.54773,0.46109,13.34289
1.97519,790.00000,801.42669,0.54773,0.46109,13.34293
1.97619,790.00000,801.42669,0.54773,0.46109,13.34297
1.97719,790.00000,805.02056,0.54773,0.46109,13.34301
1.97819,790.00000,805.02056,0.54773,0.46109,13.34304
1.97919,790.00000,801.42669,0.54773,0.46109,13.34308
1.98019,790.00000,805.02056,0.54772,0.46109,13.34312
1.98119,790.00000,805.02056,0.54772,0.46109,13.34315
1.98219,790.00000,805.02056,0.54772,0.46109,13.34319
1.98319,790.00000,803.57916,0.54772,0.46109,13.34322
1.98419,790.00000,801.42669,0.54772,0.46109,13.34326
1.98519,790.00000,797.15625,0.54772,0.46109,13.34329
1.98619,790.00000,797.15625,0.54772,0.46109,13.34332
1.98719,790.00000,797.15625,0.54771,0.46109,13.34336
1.98819,790.00000,797.15625,0.54771,0.46109,13.34339
1.98919,790.00000,797.15625,0.54771,0.46109,13.34342
1.99019,790.00000,797.15625,0.54771,0.46109,13.34346
1.99119,790.00000,797.15625,0.54771,0.46109,13.34349
1.99219,790.00000,797.15625,0.54771,0.46109,13.34352
1.99319,790.00000,797.15625,0.54771,0.46109,13.34355
1.99419,790.00000,799.28570,0.54770,0.46109,13.34358
1.99519,790.00000,799.28570,0.54770,0.46109,13.34362
1.99619,790.00000,799.28570,0.54770,0.46109,13.34366
1.99719,790.00000,799.28570,0.54770,0.46109,13.34369
1.99819,790.00000,797.15625,0.54770,0.46109,13.34373
1.99919,790.00000,799.28570,0.54770,0.46109,13.34377
2.00019,790.00000,799.28570,0.54770,0.46109,13.34382
2.00119,790.00000,799.28570,0.54769,0.46109,13.34386
2.00219,790.00000,799.28570,0.54769,0.46109,13.34391
2.00319,790.00000,799.28570,0.54769,0.46109,13.34395
2.00419,790.00000,796.44885,0.54769,0.46109,13.34400
2.00519,790.00000,795.74279,0.54769,0.46109,13.34405
2.00619,790.00000,795.74279,0.54768,0.46109,13.34410
2.00719,790.00000,796.44885,0.54768,0.46109,13.34415
2.00819,790.00000,799.99810,0.54768,0.46109,13.34420
2.00919,790.00000,802.86035,0.54768,0.46109,13.34426
2.01019,790.00000,799.99810,0.54767,0.46109,13.34432
2.01119,790.00000,799.99810,0.54767,0.46109,13.34438
2.01219,790.00000,796.44885,0.54767,0.46109,13.34445
2.01319,790.00000,796.44885,0.54767,0.46109,13.34452
2.01419,790.00000,796.44885,0.54766,0.46109,13.34460
2.01519,790.00000,796.44885,0.54766,0.46109,13.34467
2.01619,790.00000,799.99810,0.54766,0.46109,13.34475
2.01719,790.00000,800.71173,0.54765,0.46109,13.34483
2.01819,790.00000,799.99810,0.54765,0.46109,13.34492
2.01919,790.00000,796.44885,0.54765,0.46109,13.34501
2.02019,790.00000,796.44885,0.54764,0.46109,13.34510
2.02119,790.00000,796.44885,0.54764,0.46109,13.34519
2.02219,790.00000,796.44885,0.54763,0.46109,13.34529
2.02319,790.00000,798.57464,0.54763,0.46109,13.34540
2.02419,790.00000,798.57464,0.54763,0.46109,13.34551
2.02519,790.00000,798.57464,0.54762,0.46109,13.34562
2.02619,790.00000,798.57464,0.54762,0.46109,13.34574
2.02719,790.00000,798.57464,0.54761,0.46109,13.34587
2.02819,790.00000,796.44885,0.54761,0.46109,13.34600
2.02919,790.00000,798.57464,0.54760,0.46109,13.34613
2.03019,790.00000,800.71173,0.54759,0.46109,13.34627
2.03119,790.00000,800.71173,0.54759,0.46109,13.34642
2.03219,790.00000,802.86035,0.54758,0.46109,13.34656
2.03319,790.00000,800.71173,0.54758,0.46109,13.34671
2.03419,790.00000,800.71173,0.54757,0.46109,13.34687
2.03519,790.00000,800.71173,0.54756,0.46109,13.34703
2.03619,790.00000,802.86035,0.54756,0.46109,13.34719
2.03719,790.00000,802.86035,0.54755,0.46109,13.34736
2.03819,790.00000,797.86480,0.54754,0.46109,13.34754
2.03919,790.00000,797.86480,0.54753,0.46109,13.34772
2.04019,790.00000,797.15625,0.54753,0.46109,13.34791
2.04119,790.00000,796.44885,0.54752,0.46109,13.34810
2.04219,790.00000,796.44885,0.54751,0.46109,13.34830
2.04319,790.00000,797.15625,0.54750,0.46109,13.34850
2.04419,790.00000,796.44885,0.54749,0.46109,13.34872
2.04519,790.00000,796.44885,0.54749,0.46109,13.34893
2.04619,790.00000,796.44885,0.54748,0.46109,13.34916
2.04719,790.00000,796.44885,0.54747,0.46109,13.34939
2.04819,790.00000,796.44885,0.54746,0.46109,13.34962
2.04919,790.00000,796.44885,0.54745,0.46109,13.34986
2.05019,790.00000,796.44885,0.54744,0.46109,13.35010
2.05119,790.00000,795.03796,0.54743,0.46109,13.35035
2.05219,790.00000,795.03796,0.54742,0.46109,13.35061
2.05319,790.00000,795.03796,0.54741,0.46109,13.35087
2.05419,790.00000,795.03796,0.54739,0.46109,13.35114
2.05519,790.00000,798.57464,0.54738,0.46109,13.35141
2.05619,790.00000,798.57464,0.54737,0.46109,13.35169
2.05719,790.00000,798.57464,0.54736,0.46109,13.35198
2.05819,790.00000,798.57464,0.54735,0.46109,13.35227
2.05919,790.00000,798.57464,0.54734,0.46109,13.35257
2.06020,790.00000,798.57464,0.54732,0.46109,13.35288
2.06126,790.00000,798.57464,0.54731,0.46109,13.35319
2.06220,790.00000,804.29919,0.54730,0.46109,13.35351
2.06323,790.00000,804.29919,0.54728,0.46109,13.35384
2.06420,790.00000,804.29919,0.54727,0.46109,13.35417
2.06523,790.00000,804.29919,0.54726,0.46109,13.35451
2.06620,790.00000,800.71173,0.54724,0.46109,13.35485
2.06727,790.00000,800.71173,0.54723,0.46109,13.35520
2.06823,790.00000,800.71173,0.54721,0.46109,13.35556
2.06919,790.00000,801.42669,0.54720,0.46109,13.35592
2.07019,790.00000,801.42669,0.54718,0.46109,13.35629
2.07119,790.00000,801.42669,0.54717,0.46109,13.35666
2.07219,790.00000,801.42669,0.54715,0.46109,13.35704
2.07319,790.00000,801.42669,0.54714,0.46109,13.35742
2.07419,790.00000,804.29919,0.54712,0.46109,13.35781
2.07520,790.00000,804.29919,0.54711,0.46109,13.35821
2.07619,790.00000,804.29919,0.54709,0.46109,13.35861
2.07719,790.00000,804.29919,0.54707,0.46109,13.35901
2.07820,790.00000,804.29919,0.54706,0.46109,13.35942
2.07919,790.00000,804.29919,0.54704,0.46109,13.35983
2.08019,790.00000,804.29919,0.54702,0.46109,13.36025
2.08119,790.00000,804.29919,0.54700,0.46109,13.36067
2.08219,790.00000,804.29919,0.54699,0.46109,13.36109
2.08319,790.00000,801.42669,0.54697,0.46109,13.36152
2.08419,790.00000,801.42669,0.54695,0.46109,13.36195
2.08519,790.00000,800.71173,0.54693,0.46109,13.36238
2.08619,790.00000,800.71173,0.54692,0.46109,13.36282
2.08719,790.00000,801.42669,0.54690,0.46109,13.36325
2.08819,790.00000,801.42669,0.54688,0.46109,13.36369
2.08919,790.00000,801.42669,0.54686,0.46109,13.36414
2.09019,790.00000,801.42669,0.54684,0.46109,13.36458
2.09119,790.00000,801.42669,0.54683,0.46109,13.36503
2.09219,790.00000,801.42669,0.54681,0.46109,13.36549
2.09319,790.00000,801.42669,0.54679,0.46109,13.36594
2.09419,790.00000,801.42669,0.54677,0.46109,13.36640
2.09519,790.00000,799.99810,0.54675,0.46109,13.36685
2.09619,790.00000,801.42669,0.54673,0.46109,13.36731
2.09719,790.00000,799.99810,0.54671,0.46109,13.36776
2.09819,790.00000,799.99810,0.54670,0.46109,13.36822
2.09919,790.00000,792.23114,0.54668,0.46109,13.36868
2.10019,790.00000,792.23114,0.54666,0.46109,13.36913
2.10119,790.00000,798.57464,0.54664,0.46109,13.36960
2.10219,790.00000,798.57464,0.54662,0.46109,13.37006
2.10319,790.00000,799.99810,0.54660,0.46109,13.37052
2.10419,790.00000,798.57464,0.54658,0.46109,13.37098
2.10519,790.00000,798.57464,0.54656,0.46109,13.37144
2.10619,790.00000,798.57464,0.54654,0.46109,13.37190
2.10719,790.00000,798.57464,0.54653,0.46109,13.37236
2.10819,790.00000,796.44885,0.54651,0.46109,13.37283
2.10919,790.00000,796.44885,0.54649,0.46109,13.37328
2.11019,790.00000,798.57464,0.54647,0.46109,13.37374
2.11119,790.00000,796.44885,0.54645,0.46109,13.37420
2.11219,790.00000,796.44885,0.54643,0.46109,13.37465
2.11319,790.00000,796.44885,0.54641,0.46109,13.37510
2.11419,790.00000,796.44885,0.54640,0.46109,13.37555
2.11519,790.00000,796.44885,0.54638,0.46109,13.37601
2.11619,790.00000,796.44885,0.54636,0.46109,13.37646
2.11719,790.00000,804.29919,0.54634,0.46109,13.37690
2.11819,790.00000,811.57135,0.54632,0.46109,13.37735
2.11919,790.00000,811.57135,0.54630,0.46109,13.37779
2.12019,790.00000,811.57135,0.54629,0.46109,13.37823
2.12119,790.00000,811.57135,0.54627,0.46109,13.37866
2.12219,790.00000,811.57135,0.54625,0.46109,13.37909
2.12319,790.00000,811.57135,0.54623,0.46109,13.37951
2.12419,790.00000,811.57135,0.54622,0.46109,13.37994
2.12519,790.00000,805.02056,0.54620,0.46109,13.38035
2.12619,790.00000,805.02056,0.54618,0.46109,13.38077
2.12719,790.00000,805.02056,0.54617,0.46109,13.38118
2.12819,790.00000,800.71173,0.54615,0.46109,13.38158
2.12919,790.00000,797.15625,0.54613,0.46109,13.38199
2.13019,790.00000,797.15625,0.54612,0.46109,13.38239
2.13119,790.00000,797.15625,0.54610,0.46109,13.38279
2.13219,790.00000,797.15625,0.54608,0.46109,13.38318
2.13319,790.00000,795.74279,0.54607,0.46109,13.38357
2.13419,790.00000,795.74279,0.54605,0.46109,13.38396
2.13519,790.00000,797.15625,0.54604,0.46109,13.38434
2.13619,790.00000,797.15625,0.54602,0.46109,13.38471
2.13719,790.00000,797.15625,0.54601,0.46109,13.38508
2.13819,790.00000,794.33441,0.54599,0.46109,13.38544
2.13919,790.00000,797.15625,0.54598,0.46109,13.38580
2.14019,790.00000,797.15625,0.54596,0.46109,13.38616
2.14119,790.00000,797.86480,0.54595,0.46109,13.38651
2.14219,790.00000,797.86480,0.54593,0.46109,13.38685
2.14319,790.00000,797.15625,0.54592,0.46109,13.38719
2.14419,790.00000,797.15625,0.54591,0.46109,13.38753
2.14519,790.00000,797.86480,0.54589,0.46109,13.38786
2.14619,790.00000,797.86480,0.54588,0.46109,13.38818
2.14719,790.00000,797.86480,0.54587,0.46109,13.38850
2.14819,790.00000,799.28570,0.54585,0.46109,13.38881
2.14919,790.00000,799.28570,0.54584,0.46109,13.38912
2.15019,790.00000,797.86480,0.54583,0.46109,13.38943
2.15119,790.00000,797.86480,0.54582,0.46109,13.38972
2.15219,790.00000,797.86480,0.54581,0.46109,13.39002
2.15319,790.00000,799.28570,0.54579,0.46109,13.39031
2.15419,790.00000,799.28570,0.54578,0.46109,13.39060
2.15519,790.00000,799.28570,0.54577,0.46109,13.39088
2.15619,790.00000,799.28570,0.54576,0.46109,13.39116
2.15719,790.00000,799.28570,0.54575,0.46109,13.39143
2.15819,790.00000,799.28570,0.54574,0.46109,13.39170
2.15919,790.00000,799.28570,0.54573,0.46109,13.39196
2.16019,790.00000,799.28570,0.54572,0.46109,13.39222
2.16119,790.00000,800.71173,0.54571,0.46109,13.39248
2.16219,790.00000,800.71173,0.54569,0.46109,13.39273
2.16319,790.00000,801.42669,0.54568,0.46109,13.39298
2.16419,790.00000,801.42669,0.54567,0.46109,13.39322
2.16519,790.00000,803.57916,0.54567,0.46109,13.39346
2.16619,790.00000,803.57916,0.54566,0.46109,13.39369
2.16719,790.00000,803.57916,0.54565,0.46109,13.39392
2.16819,790.00000,803.57916,0.54564,0.46109,13.39414
2.16919,790.00000,801.42669,0.54563,0.46109,13.39437
2.17019,790.00000,800.71173,0.54562,0.46109,13.39458
2.17119,790.00000,800.71173,0.54561,0.46109,13.39480
2.17219,790.00000,800.71173,0.54560,0.46109,13.39501
2.17319,790.00000,798.57464,0.54559,0.46109,13.39521
2.17419,790.00000,798.57464,0.54559,0.46109,13.39542
2.17519,790.00000,797.86480,0.54558,0.46109,13.39561
2.17619,790.00000,797.15625,0.54557,0.46109,13.39581
2.17721,790.00000,797.15625,0.54556,0.46109,13.39600
2.17819,790.00000,796.44885,0.54555,0.46109,13.39618
2.17919,790.00000,797.15625,0.54555,0.46109,13.39636
2.18019,790.00000,797.15625,0.54554,0.46109,13.39654
2.18119,790.00000,797.86480,0.54553,0.46109,13.39672
2.18219,790.00000,797.86480,0.54553,0.46109,13.39689
2.18319,790.00000,797.86480,0.54552,0.46109,13.39706
2.18419,790.00000,797.86480,0.54551,0.46109,13.39722
2.18519,790.00000,797.86480,0.54551,0.46109,13.39738
2.18619,790.00000,797.86480,0.54550,0.46109,13.39754
2.18719,790.00000,797.86480,0.54549,0.46109,13.39769
2.18819,790.00000,797.86480,0.54549,0.46109,13.39784
2.18919,790.00000,797.86480,0.54548,0.46109,13.39798
2.19019,790.00000,797.86480,0.54548,0.46109,13.39813
2.19119,790.00000,797.86480,0.54547,0.46109,13.39826
2.19219,790.00000,797.86480,0.54546,0.46109,13.39840
2.19319,790.00000,797.15625,0.54546,0.46109,13.39853
2.19419,790.00000,797.15625,0.54545,0.46109,13.39866
2.19519,790.00000,797.86480,0.54545,0.46109,13.39879
2.19619,790.00000,804.29919,0.54544,0.46109,13.39891
2.19719,790.00000,797.86480,0.54544,0.46109,13.39904
2.19819,790.00000,797.86480,0.54543,0.46109,13.39916
2.19919,790.00000,797.15625,0.54543,0.46109,13.39929
2.20019,790.00000,797.15625,0.54542,0.46109,13.39941
2.20119,790.00000,797.15625,0.54542,0.46109,13.39953
2.20219,790.00000,797.15625,0.54541,0.46109,13.39964
2.20319,790.00000,795.74279,0.54541,0.46109,13.39976
2.20419,790.00000,791.53253,0.54540,0.46109,13.39987
2.20519,790.00000,791.53253,0.54540,0.46109,13.39999
2.20620,790.00000,791.53253,0.54539,0.46109,13.40010
2.20722,790.00000,791.53253,0.54539,0.46109,13.40021
2.20819,790.00000,791.53253,0.54539,0.46109,13.40032
2.20919,790.00000,795.74279,0.54538,0.46109,13.40043
2.21019,790.00000,797.86480,0.54538,0.46109,13.40055
2.21119,790.00000,798.57464,0.54537,0.46109,13.40066
2.21219,790.00000,800.71173,0.54537,0.46109,13.40077
2.21319,790.00000,802.14288,0.54536,0.46109,13.40089
2.21419,790.00000,802.14288,0.54536,0.46109,13.40100
2.21519,790.00000,802.14288,0.54535,0.46109,13.40112
2.21619,790.00000,802.14288,0.54535,0.46109,13.40124
2.21719,790.00000,800.71173,0.54534,0.46109,13.40135
2.21819,790.00000,798.57464,0.54534,0.46109,13.40147
2.21919,790.00000,798.57464,0.54533,0.46109,13.40159
2.22019,790.00000,798.57464,0.54533,0.46109,13.40171
2.22119,790.00000,798.57464,0.54532,0.46109,13.40183
2.22219,790.00000,796.44885,0.54532,0.46109,13.40195
2.22319,790.00000,795.74279,0.54531,0.46109,13.40206
2.22418,790.00000,795.74279,0.54531,0.46109,13.40218
2.22519,790.00000,795.74279,0.54531,0.46109,13.40230
2.22619,790.00000,795.74279,0.54530,0.46109,13.40241
2.22719,790.00000,795.74279,0.54530,0.46109,13.40252
2.22819,790.00000,796.44885,0.54529,0.46109,13.40263
2.22919,790.00000,797.86480,0.54529,0.46109,13.40274
2.23019,790.00000,796.44885,0.54528,0.46109,13.40285
2.23119,790.00000,797.86480,0.54528,0.46109,13.40295
2.23219,790.00000,797.86480,0.54527,0.46109,13.40306
2.23319,790.00000,797.86480,0.54527,0.46109,13.40316
2.23419,790.00000,797.86480,0.54527,0.46109,13.40326
2.23519,790.00000,801.42669,0.54526,0.46109,13.40337
2.23619,790.00000,806.46710,0.54526,0.46109,13.40347
2.23719,790.00000,806.46710,0.54525,0.46109,13.40356
2.23819,790.00000,806.46710,0.54525,0.46109,13.40366
2.23919,790.00000,797.86480,0.54525,0.46109,13.40375
2.24019,790.00000,792.93103,0.54524,0.46109,13.40385
2.24119,790.00000,806.46710,0.54524,0.46109,13.40394
2.24219,790.00000,795.74279,0.54523,0.46109,13.40403
2.24319,790.00000,795.74279,0.54523,0.46109,13.40412
2.24419,790.00000,792.93103,0.54523,0.46109,13.40421
2.24519,790.00000,795.74279,0.54522,0.46109,13.40429
2.24619,790.00000,792.93103,0.54522,0.46109,13.40437
2.24719,790.00000,792.93103,0.54522,0.46109,13.40444
2.24819,790.00000,793.63208,0.54521,0.46109,13.40451
2.24919,790.00000,793.63208,0.54521,0.46109,13.40458
2.25019,790.00000,795.74279,0.54521,0.46109,13.40465
2.25119,790.00000,801.42669,0.54521,0.46109,13.40471
2.25219,790.00000,801.42669,0.54520,0.46109,13.40477
2.25319,790.00000,801.42669,0.54520,0.46109,13.40483
2.25419,790.00000,801.42669,0.54520,0.46109,13.40488
2.25519,790.00000,801.42669,0.54520,0.46109,13.40493
2.25619,790.00000,802.14288,0.54520,0.46109,13.40498
2.25719,790.00000,802.14288,0.54519,0.46109,13.40502
2.25819,790.00000,802.14288,0.54519,0.46109,13.40506
2.25919,790.00000,802.14288,0.54519,0.46109,13.40510
2.26019,790.00000,802.14288,0.54519,0.46109,13.40514
2.26119,790.00000,802.14288,0.54519,0.46109,13.40517
2.26219,790.00000,796.44885,0.54519,0.46109,13.40520
2.26319,790.00000,795.74279,0.54519,0.46109,13.40523
2.26419,790.00000,795.74279,0.54518,0.46109,13.40525
2.26519,790.00000,796.44885,0.54518,0.46109,13.40528
2.26619,790.00000,796.44885,0.54518,0.46109,13.40529
2.26719,790.00000,795.74279,0.54518,0.46109,13.40531
2.26819,790.00000,795.03796,0.54518,0.46109,13.40532
2.26919,790.00000,792.23114,0.54518,0.46109,13.40533
2.27019,790.00000,792.23114,0.54518,0.46109,13.40534
2.27119,790.00000,792.23114,0.54518,0.46109,13.40535
2.27219,790.00000,792.93103,0.54518,0.46109,13.40535
2.27319,790.00000,795.03796,0.54518,0.46109,13.40536
2.27419,790.00000,803.57916,0.54518,0.46109,13.40536
2.27519,790.00000,797.15625,0.54518,0.46109,13.40536
2.27619,790.00000,797.15625,0.54518,0.46109,13.40535
2.27719,790.00000,797.15625,0.54518,0.46109,13.40535
2.27819,790.00000,797.15625,0.54518,0.46109,13.40534
2.27920,790.00000,797.15625,0.54518,0.46109,13.40533
2.28019,790.00000,803.57916,0.54518,0.46109,13.40531
2.28119,790.00000,803.57916,0.54518,0.46109,13.40529
2.28219,790.00000,803.57916,0.54518,0.46109,13.40527
2.28319,790.00000,803.57916,0.54519,0.46109,13.40524
2.28419,790.00000,800.71173,0.54519,0.46109,13.40520
2.28519,790.00000,797.15625,0.54519,0.46109,13.40516
2.28619,790.00000,797.15625,0.54519,0.46109,13.40512
2.28719,790.00000,796.44885,0.54519,0.46109,13.40507
2.28819,790.00000,796.44885,0.54519,0.46109,13.40502
2.28919,790.00000,800.71173,0.54520,0.46109,13.40497
2.29019,790.00000,796.44885,0.54520,0.46109,13.40491
2.29119,790.00000,795.74279,0.54520,0.46109,13.40485
2.29219,790.00000,795.74279,0.54520,0.46109,13.40478
2.29319,790.00000,792.23114,0.54521,0.46109,13.40471
2.29419,790.00000,792.23114,0.54521,0.46109,13.40464
2.29519,790.00000,795.74279,0.54521,0.46109,13.40456
2.29619,790.00000,795.74279,0.54522,0.46109,13.40448
2.29719,790.00000,795.74279,0.54522,0.46109,13.40439
2.29819,790.00000,795.74279,0.54522,0.46109,13.40430
2.29919,790.00000,797.15625,0.54523,0.46109,13.40421
2.30019,790.00000,797.15625,0.54523,0.46109,13.40411
2.30119,790.00000,797.15625,0.54524,0.46109,13.40401
2.30219,790.00000,797.15625,0.54524,0.46109,13.40390
2.30319,790.00000,797.86480,0.54524,0.46109,13.40380
2.30419,790.00000,797.86480,0.54525,0.46109,13.40369
2.30519,790.00000,797.15625,0.54525,0.46109,13.40357
2.30619,790.00000,797.15625,0.54526,0.46109,13.40346
2.30719,790.00000,797.15625,0.54526,0.46109,13.40334
2.30819,790.00000,797.15625,0.54527,0.46109,13.40321
2.30919,790.00000,797.15625,0.54527,0.46109,13.40309
2.31019,790.00000,797.15625,0.54528,0.46109,13.40295
2.31119,790.00000,797.86480,0.54528,0.46109,13.40282
2.31219,790.00000,797.86480,0.54529,0.46109,13.40269
2.31319,790.00000,797.86480,0.54530,0.46109,13.40255
2.31419,790.00000,797.86480,0.54530,0.46109,13.40240
2.31519,790.00000,795.74279,0.54531,0.46109,13.40226
2.31619,790.00000,795.74279,0.54531,0.46109,13.40211
2.31719,790.00000,797.86480,0.54532,0.46109,13.40196
2.31819,790.00000,797.86480,0.54533,0.46109,13.40181
2.31919,790.00000,797.86480,0.54533,0.46109,13.40165
2.32019,790.00000,798.57464,0.54534,0.46109,13.40149
2.32119,790.00000,798.57464,0.54534,0.46109,13.40133
2.32219,790.00000,799.28570,0.54535,0.46109,13.40117
2.32319,790.00000,799.28570,0.54536,0.46109,13.40100
2.32419,790.00000,799.28570,0.54536,0.46109,13.40083
2.32519,790.00000,799.28570,0.54537,0.46109,13.40066
2.32619,790.00000,802.14288,0.54538,0.46109,13.40048
2.32719,790.00000,802.14288,0.54539,0.46109,13.40030
2.32819,790.00000,802.14288,0.54539,0.46109,13.40012
2.32919,790.00000,802.14288,0.54540,0.46109,13.39993
2.33019,790.00000,798.57464,0.54541,0.46109,13.39975
2.33119,790.00000,797.15625,0.54542,0.46109,13.39956
2.33219,790.00000,797.15625,0.54542,0.46109,13.39937
2.33319,790.00000,797.15625,0.54543,0.46109,13.39918
2.33419,790.00000,796.44885,0.54544,0.46109,13.39899
2.33519,790.00000,796.44885,0.54545,0.46109,13.39879
2.33619,790.00000,793.63208,0.54546,0.46109,13.39860
2.33719,790.00000,793.63208,0.54546,0.46109,13.39841
2.33819,790.00000,791.53253,0.54547,0.46109,13.39821
2.33919,790.00000,791.53253,0.54548,0.46109,13.39802
2.34019,790.00000,793.63208,0.54549,0.46109,13.39782
2.34119,790.00000,796.44885,0.54550,0.46109,13.39763
2.34219,790.00000,796.44885,0.54550,0.46109,13.39743
2.34319,790.00000,805.74316,0.54551,0.46109,13.39724
2.34419,790.00000,805.74316,0.54552,0.46109,13.39704
2.34519,790.00000,810.83819,0.54553,0.46109,13.39685
2.34619,790.00000,810.83819,0.54554,0.46109,13.39665
2.34720,790.00000,810.83819,0.54554,0.46109,13.39645
2.34819,790.00000,810.10638,0.54555,0.46109,13.39625
2.34919,790.00000,810.10638,0.54556,0.46109,13.39605
2.35019,790.00000,807.91894,0.54557,0.46109,13.39585
2.35119,790.00000,807.91894,0.54558,0.46109,13.39565
2.35220,790.00000,805.74316,0.54558,0.46109,13.39545
2.35322,790.00000,801.42669,0.54559,0.46109,13.39525
2.35419,790.00000,801.42669,0.54560,0.46109,13.39505
2.35519,790.00000,797.15625,0.54561,0.46109,13.39485
2.35619,790.00000,796.44885,0.54562,0.46109,13.39465
2.35719,790.00000,797.15625,0.54562,0.46109,13.39445
2.35819,790.00000,797.15625,0.54563,0.46109,13.39425
2.35919,790.00000,796.44885,0.54564,0.46109,13.39405
2.36019,790.00000,796.44885,0.54565,0.46109,13.39385
2.36119,790.00000,797.15625,0.54566,0.46109,13.39365
2.36219,790.00000,797.86480,0.54567,0.46109,13.39345
2.36319,790.00000,797.86480,0.54567,0.46109,13.39325
2.36419,790.00000,797.86480,0.54568,0.46109,13.39305
2.36519,790.00000,797.86480,0.54569,0.46109,13.39284
2.36619,790.00000,797.86480,0.54570,0.46109,13.39264
2.36719,790.00000,799.99810,0.54571,0.46109,13.39244
2.36819,790.00000,797.86480,0.54571,0.46109,13.39224
2.36919,790.00000,797.86480,0.54572,0.46109,13.39203
2.37019,790.00000,796.44885,0.54573,0.46109,13.39183
2.37119,790.00000,796.44885,0.54574,0.46109,13.39163
2.37219,790.00000,796.44885,0.54575,0.46109,13.39142
2.37319,790.00000,796.44885,0.54576,0.46109,13.39122
2.37419,790.00000,796.44885,0.54576,0.46109,13.39102
2.37519,790.00000,797.86480,0.54577,0.46109,13.39083
2.37618,790.00000,795.03796,0.54578,0.46109,13.39063
2.37719,790.00000,795.03796,0.54579,0.46109,13.39044
2.37819,790.00000,795.03796,0.54580,0.46109,13.39025
2.37919,790.00000,795.03796,0.54580,0.46109,13.39006
2.38019,790.00000,795.03796,0.54581,0.46109,13.38987
2.38119,790.00000,795.03796,0.54582,0.46109,13.38968
2.38219,790.00000,797.86480,0.54583,0.46109,13.38949
2.38319,790.00000,797.86480,0.54583,0.46109,13.38931
2.38419,790.00000,797.86480,0.54584,0.46109,13.38913
2.38519,790.00000,797.86480,0.54585,0.46109,13.38895
2.38619,790.00000,797.86480,0.54586,0.46109,13.38877
2.38719,790.00000,797.86480,0.54586,0.46109,13.38859
2.38819,790.00000,797.86480,0.54587,0.46109,13.38842
2.38919,790.00000,799.99810,0.54588,0.46109,13.38825
2.39019,790.00000,799.99810,0.54588,0.46109,13.38808
2.39119,790.00000,799.99810,0.54589,0.46109,13.38792
2.39219,790.00000,797.86480,0.54590,0.46109,13.38776
2.39319,790.00000,797.15625,0.54590,0.46109,13.38760
2.39419,790.00000,797.15625,0.54591,0.46109,13.38745
2.39519,790.00000,797.15625,0.54592,0.46109,13.38729
2.39619,790.00000,797.15625,0.54592,0.46109,13.38714
2.39719,790.00000,798.57464,0.54593,0.46109,13.38699
2.39819,790.00000,797.15625,0.54593,0.46109,13.38685
2.39919,790.00000,797.15625,0.54594,0.46109,13.38670
2.40019,790.00000,795.03796,0.54595,0.46109,13.38655
2.40119,790.00000,795.03796,0.54595,0.46109,13.38641
2.40219,790.00000,797.15625,0.54596,0.46109,13.38627
2.40319,790.00000,797.15625,0.54596,0.46109,13.38613
2.40419,790.00000,798.57464,0.54597,0.46109,13.38599
2.40519,790.00000,798.57464,0.54598,0.46109,13.38585
2.40619,790.00000,796.44885,0.54598,0.46109,13.38571
2.40719,790.00000,794.33441,0.54599,0.46109,13.38557
2.40819,790.00000,794.33441,0.54599,0.46109,13.38544
2.40919,790.00000,796.44885,0.54600,0.46109,13.38531
2.41019,790.00000,796.44885,0.54600,0.46109,13.38517
2.41119,790.00000,796.44885,0.54601,0.46109,13.38504
2.41219,790.00000,796.44885,0.54601,0.46109,13.38492
2.41319,790.00000,796.44885,0.54602,0.46109,13.38479
2.41419,790.00000,796.44885,0.54602,0.46109,13.38466
2.41519,790.00000,797.86480,0.54603,0.46109,13.38454
2.41619,790.00000,797.86480,0.54603,0.46109,13.38441
2.41719,790.00000,797.86480,0.54604,0.46109,13.38429
2.41819,790.00000,800.71173,0.54604,0.46109,13.38417
2.41919,790.00000,797.86480,0.54605,0.46109,13.38405
2.42019,790.00000,794.33441,0.54605,0.46109,13.38392
2.42119,790.00000,794.33441,0.54606,0.46109,13.38380
2.42219,790.00000,794.33441,0.54606,0.46109,13.38367
2.42319,790.00000,793.63208,0.54607,0.46109,13.38354
2.42419,790.00000,797.86480,0.54607,0.46109,13.38342
2.42519,790.00000,797.86480,0.54608,0.46109,13.38329
2.42619,790.00000,793.63208,0.54608,0.46109,13.38316
2.42719,790.00000,793.63208,0.54609,0.46109,13.38303
2.42819,790.00000,797.86480,0.54610,0.46109,13.38290
2.42919,790.00000,793.63208,0.54610,0.46109,13.38277
2.43019,790.00000,797.86480,0.54611,0.46109,13.38264
2.43119,790.00000,798.57464,0.54611,0.46109,13.38251
2.43218,790.00000,798.57464,0.54612,0.46109,13.38238
2.43319,790.00000,798.57464,0.54612,0.46109,13.38225
2.43419,790.00000,802.86035,0.54613,0.46109,13.38212
2.43519,790.00000,802.86035,0.54613,0.46109,13.38199
2.43619,790.00000,802.86035,0.54614,0.46109,13.38186
2.43719,790.00000,804.29919,0.54614,0.46109,13.38173
2.43819,790.00000,804.29919,0.54615,0.46109,13.38159
2.43919,790.00000,804.29919,0.54615,0.46109,13.38146
2.44019,790.00000,804.29919,0.54616,0.46109,13.38133
2.44119,790.00000,804.29919,0.54617,0.46109,13.38119
2.44219,790.00000,802.86035,0.54617,0.46109,13.38106
2.44319,790.00000,795.74279,0.54618,0.46109,13.38092
2.44419,790.00000,802.14288,0.54618,0.46109,13.38078
2.44519,790.00000,795.74279,0.54619,0.46109,13.38065
2.44619,790.00000,795.74279,0.54619,0.46109,13.38051
2.44719,790.00000,792.93103,0.54620,0.46109,13.38038
2.44819,790.00000,792.23114,0.54620,0.46109,13.38024
2.44919,790.00000,792.23114,0.54621,0.46109,13.38010
2.45019,790.00000,792.23114,0.54622,0.46109,13.37997
2.45119,790.00000,795.74279,0.54622,0.46109,13.37983
2.45219,790.00000,797.86480,0.54623,0.46109,13.37969
2.45319,790.00000,802.14288,0.54623,0.46109,13.37956
2.45419,790.00000,811.57135,0.54624,0.46109,13.37942
2.45519,790.00000,811.57135,0.54624,0.46109,13.37929
2.45619,790.00000,811.57135,0.54625,0.46109,13.37916
2.45719,790.00000,797.86480,0.54625,0.46109,13.37903
2.45819,790.00000,803.57916,0.54626,0.46109,13.37890
2.45919,790.00000,803.57916,0.54626,0.46109,13.37877
2.46019,790.00000,803.57916,0.54627,0.46109,13.37865
2.46119,790.00000,802.86035,0.54627,0.46109,13.37852
2.46219,790.00000,803.57916,0.54628,0.46109,13.37840
2.46319,790.00000,802.86035,0.54628,0.46109,13.37828
2.46419,790.00000,802.86035,0.54629,0.46109,13.37816
2.46519,790.00000,798.57464,0.54629,0.46109,13.37804
2.46619,790.00000,798.57464,0.54630,0.46109,13.37793
2.46719,790.00000,798.57464,0.54630,0.46109,13.37781
2.46819,790.00000,798.57464,0.54631,0.46109,13.37770
2.46919,790.00000,798.57464,0.54631,0.46109,13.37758
2.47019,790.00000,797.86480,0.54632,0.46109,13.37747
2.47119,790.00000,797.86480,0.54632,0.46109,13.37736
2.47219,790.00000,798.57464,0.54633,0.46109,13.37724
2.47319,790.00000,797.86480,0.54633,0.46109,13.37712
2.47419,790.00000,795.03796,0.54634,0.46109,13.37701
2.47519,790.00000,793.63208,0.54634,0.46109,13.37689
2.47619,790.00000,795.03796,0.54635,0.46109,13.37677
2.47719,790.00000,795.03796,0.54635,0.46109,13.37666
2.47819,790.00000,795.03796,0.54636,0.46109,13.37654
2.47919,790.00000,795.03796,0.54636,0.46109,13.37642
2.48019,790.00000,795.03796,0.54636,0.46109,13.37630
2.48119,790.00000,796.44885,0.54637,0.46109,13.37618
2.48219,790.00000,795.74279,0.54637,0.46109,13.37607
2.48321,790.00000,795.03796,0.54638,0.46109,13.37595
2.48419,790.00000,795.03796,0.54638,0.46109,13.37584
2.48519,790.00000,795.74279,0.54639,0.46109,13.37572
2.48619,790.00000,795.74279,0.54639,0.46109,13.37561
2.48719,790.00000,796.44885,0.54640,0.46109,13.37550
2.48819,790.00000,796.44885,0.54640,0.46109,13.37539
2.48919,790.00000,797.15625,0.54641,0.46109,13.37528
2.49019,790.00000,796.44885,0.54641,0.46109,13.37518
2.49119,790.00000,797.15625,0.54642,0.46109,13.37507
2.49219,790.00000,796.44885,0.54642,0.46109,13.37497
2.49319,790.00000,796.44885,0.54642,0.46109,13.37487
2.49419,790.00000,796.44885,0.54643,0.46109,13.37477
2.49519,790.00000,796.44885,0.54643,0.46109,13.37467
2.49619,790.00000,796.44885,0.54644,0.46109,13.37457
2.49719,790.00000,796.44885,0.54644,0.46109,13.37447
2.49819,790.00000,796.44885,0.54644,0.46109,13.37438
2.49919,790.00000,794.33441,0.54645,0.46109,13.37428
2.50022,790.00000,794.33441,0.54645,0.46109,13.37418
2.50119,790.00000,797.86480,0.54646,0.46109,13.37409
2.50219,790.00000,797.86480,0.54646,0.46109,13.37399
2.50319,790.00000,797.86480,0.54646,0.46109,13.37389
2.50419,790.00000,797.86480,0.54647,0.46109,13.37379
2.50519,790.00000,798.57464,0.54647,0.46109,13.37369
2.50619,790.00000,798.57464,0.54648,0.46109,13.37359
2.50719,790.00000,798.57464,0.54648,0.46109,13.37349
2.50819,790.00000,797.86480,0.54648,0.46109,13.37339
2.50919,790.00000,797.86480,0.54649,0.46109,13.37329
2.51019,790.00000,804.29919,0.54649,0.46109,13.37319
2.51119,790.00000,804.29919,0.54650,0.46109,13.37308
2.51219,790.00000,799.99810,0.54650,0.46109,13.37298
2.51319,790.00000,799.99810,0.54650,0.46109,13.37288
2.51419,790.00000,797.15625,0.54651,0.46109,13.37277
2.51519,790.00000,797.15625,0.54651,0.46109,13.37266
2.51619,790.00000,797.15625,0.54652,0.46109,13.37255
2.51720,790.00000,797.15625,0.54652,0.46109,13.37244
2.51819,790.00000,797.15625,0.54653,0.46109,13.37232
2.51919,790.00000,797.15625,0.54653,0.46109,13.37221
2.52019,790.00000,796.44885,0.54654,0.46109,13.37209
2.52119,790.00000,796.44885,0.54654,0.46109,13.37197
2.52219,790.00000,796.44885,0.54655,0.46109,13.37184
2.52319,790.00000,796.44885,0.54655,0.46109,13.37172
2.52419,790.00000,796.44885,0.54656,0.46109,13.37159
2.52519,790.00000,796.44885,0.54656,0.46109,13.37146
2.52619,790.00000,797.15625,0.54657,0.46109,13.37133
2.52719,790.00000,797.15625,0.54657,0.46109,13.37119
2.52819,790.00000,797.15625,0.54658,0.46109,13.37106
2.52919,790.00000,797.15625,0.54658,0.46109,13.37092
2.53019,790.00000,797.15625,0.54659,0.46109,13.37078
2.53119,790.00000,797.15625,0.54660,0.46109,13.37064
2.53219,790.00000,797.86480,0.54660,0.46109,13.37050
2.53319,790.00000,797.86480,0.54661,0.46109,13.37035
2.53419,790.00000,797.86480,0.54661,0.46109,13.37020
2.53519,790.00000,797.86480,0.54662,0.46109,13.37005
2.53619,790.00000,797.86480,0.54663,0.46109,13.36990
2.53719,790.00000,797.86480,0.54663,0.46109,13.36974
2.53819,790.00000,797.86480,0.54664,0.46109,13.36958
2.53919,790.00000,797.86480,0.54665,0.46109,13.36941
2.54019,790.00000,797.86480,0.54665,0.46109,13.36924
2.54119,790.00000,797.86480,0.54666,0.46109,13.36907
2.54219,790.00000,797.86480,0.54667,0.46109,13.36889
2.54319,790.00000,795.74279,0.54668,0.46109,13.36871
2.54419,790.00000,794.33441,0.54668,0.46109,13.36853
2.54519,790.00000,792.93103,0.54669,0.46109,13.36834
2.54619,790.00000,794.33441,0.54670,0.46109,13.36815
2.54719,790.00000,794.33441,0.54671,0.46109,13.36796
2.54819,790.00000,794.33441,0.54671,0.46109,13.36776
2.54919,790.00000,795.74279,0.54672,0.46109,13.36756
2.55019,790.00000,795.74279,0.54673,0.46109,13.36736
2.55120,790.00000,792.93103,0.54674,0.46109,13.36715
2.55219,790.00000,795.74279,0.54675,0.46109,13.36694
2.55319,790.00000,795.74279,0.54676,0.46109,13.36673
2.55419,790.00000,804.29919,0.54676,0.46109,13.36652
2.55519,790.00000,804.29919,0.54677,0.46109,13.36630
2.55619,790.00000,805.02056,0.54678,0.46109,13.36608
2.55719,790.00000,804.29919,0.54679,0.46109,13.36586
2.55819,790.00000,804.29919,0.54680,0.46109,13.36564
2.55919,790.00000,807.19238,0.54681,0.46109,13.36541
2.56019,790.00000,807.19238,0.54682,0.46109,13.36518
2.56119,790.00000,807.19238,0.54683,0.46109,13.36495
2.56219,790.00000,807.19238,0.54684,0.46109,13.36472
2.56319,790.00000,807.19238,0.54685,0.46109,13.36448
2.56419,790.00000,807.19238,0.54686,0.46109,13.36424
2.56519,790.00000,807.19238,0.54687,0.46109,13.36400
2.56619,790.00000,807.19238,0.54688,0.46109,13.36375
2.56719,790.00000,807.19238,0.54689,0.46109,13.36350
2.56819,790.00000,806.46710,0.54690,0.46109,13.36325
2.56919,790.00000,806.46710,0.54691,0.46109,13.36300
2.57019,790.00000,806.46710,0.54692,0.46109,13.36274
2.57119,790.00000,806.46710,0.54693,0.46109,13.36248
2.57219,790.00000,800.71173,0.54694,0.46109,13.36222
2.57319,790.00000,800.71173,0.54695,0.46109,13.36196
2.57419,790.00000,800.71173,0.54696,0.46109,13.36170
2.57519,790.00000,799.99810,0.54697,0.46109,13.36143
2.57619,790.00000,799.99810,0.54698,0.46109,13.36116
2.57719,790.00000,799.99810,0.54700,0.46109,13.36089
2.57819,790.00000,799.99810,0.54701,0.46109,13.36062
2.57919,790.00000,799.99810,0.54702,0.46109,13.36035
2.58019,790.00000,799.99810,0.54703,0.46109,13.36008
2.58119,790.00000,799.99810,0.54704,0.46109,13.35980
2.58219,790.00000,799.99810,0.54705,0.46109,13.35953
2.58319,790.00000,799.99810,0.54706,0.46109,13.35926
2.58419,790.00000,799.99810,0.54707,0.46109,13.35899
2.58519,790.00000,799.28570,0.54708,0.46109,13.35871
2.58619,790.00000,799.28570,0.54710,0.46109,13.35844
2.58719,790.00000,795.74279,0.54711,0.46109,13.35817
2.58819,790.00000,799.28570,0.54712,0.46109,13.35790
2.58919,790.00000,794.33441,0.54713,0.46109,13.35763
2.59019,790.00000,792.93103,0.54714,0.46109,13.35736
2.59119,790.00000,794.33441,0.54715,0.46109,13.35709
2.59219,790.00000,794.33441,0.54716,0.46109,13.35683
2.59319,790.00000,794.33441,0.54717,0.46109,13.35657
2.59418,790.00000,794.33441,0.54718,0.46109,13.35631
2.59519,790.00000,796.44885,0.54719,0.46109,13.35605
2.59619,790.00000,796.44885,0.54720,0.46109,13.35579
2.59719,790.00000,799.28570,0.54721,0.46109,13.35554
2.59819,790.00000,799.28570,0.54722,0.46109,13.35528
2.59919,790.00000,796.44885,0.54724,0.46109,13.35503
2.60019,790.00000,796.44885,0.54725,0.46109,13.35478
2.60119,790.00000,799.28570,0.54726,0.46109,13.35453
2.60219,790.00000,796.44885,0.54727,0.46109,13.35429
2.60319,790.00000,796.44885,0.54728,0.46109,13.35404
2.60419,790.00000,795.74279,0.54729,0.46109,13.35380
2.60519,790.00000,795.74279,0.54730,0.46109,13.35357
2.60619,790.00000,795.03796,0.54730,0.46109,13.35334
2.60719,790.00000,792.93103,0.54731,0.46109,13.35311
2.60819,790.00000,792.93103,0.54732,0.46109,13.35288
2.60919,790.00000,792.93103,0.54733,0.46109,13.35266
2.61019,790.00000,792.93103,0.54734,0.46109,13.35244
2.61119,790.00000,792.93103,0.54735,0.46109,13.35222
2.61219,790.00000,792.93103,0.54736,0.46109,13.35200
2.61319,790.00000,792.93103,0.54737,0.46109,13.35179
2.61419,790.00000,792.93103,0.54738,0.46109,13.35158
2.61519,790.00000,795.74279,0.54738,0.46109,13.35138
2.61619,790.00000,795.74279,0.54739,0.46109,13.35118
2.61719,790.00000,799.28570,0.54740,0.46109,13.35097
2.61819,790.00000,802.14288,0.54741,0.46109,13.35078
2.61919,790.00000,802.14288,0.54742,0.46109,13.35058
2.62019,790.00000,815.25689,0.54743,0.46109,13.35039
2.62119,790.00000,815.25689,0.54743,0.46109,13.35021
2.62219,790.00000,815.25689,0.54744,0.46109,13.35002
2.62319,790.00000,799.99810,0.54745,0.46109,13.34984
2.62419,790.00000,799.99810,0.54746,0.46109,13.34967
2.62519,790.00000,799.99810,0.54746,0.46109,13.34949
2.62619,790.00000,806.46710,0.54747,0.46109,13.34932
2.62719,790.00000,806.46710,0.54748,0.46109,13.34916
2.62819,790.00000,799.99810,0.54748,0.46109,13.34899
2.62919,790.00000,799.99810,0.54749,0.46109,13.34883
2.63019,790.00000,799.99810,0.54750,0.46109,13.34867
2.63119,790.00000,801.42669,0.54750,0.46109,13.34852
2.63219,790.00000,801.42669,0.54751,0.46109,13.34837
2.63319,790.00000,801.42669,0.54751,0.46109,13.34822
2.63419,790.00000,801.42669,0.54752,0.46109,13.34807
2.63519,790.00000,801.42669,0.54753,0.46109,13.34793
2.63619,790.00000,801.42669,0.54753,0.46109,13.34779
2.63719,790.00000,801.42669,0.54754,0.46109,13.34765
2.63819,790.00000,801.42669,0.54754,0.46109,13.34751
2.63919,790.00000,801.42669,0.54755,0.46109,13.34738
2.64019,790.00000,801.42669,0.54755,0.46109,13.34724
2.64119,790.00000,801.42669,0.54756,0.46109,13.34711
2.64219,790.00000,800.71173,0.54757,0.46109,13.34697
2.64319,790.00000,800.71173,0.54757,0.46109,13.34684
2.64419,790.00000,800.71173,0.54758,0.46109,13.34671
2.64520,790.00000,800.71173,0.54758,0.46109,13.34658
2.64622,790.00000,800.71173,0.54759,0.46109,13.34645
2.64719,790.00000,799.28570,0.54759,0.46109,13.34632
2.64819,790.00000,799.28570,0.54760,0.46109,13.34619
2.64919,790.00000,799.28570,0.54760,0.46109,13.34606
2.65019,790.00000,798.57464,0.54761,0.46109,13.34593
2.65119,790.00000,799.28570,0.54761,0.46109,13.34579
2.65219,790.00000,799.28570,0.54762,0.46109,13.34566
2.65319,790.00000,798.57464,0.54763,0.46109,13.34552
2.65419,790.00000,799.28570,0.54763,0.46109,13.34539
2.65519,790.00000,799.28570,0.54764,0.46109,13.34525
2.65619,790.00000,799.28570,0.54764,0.46109,13.34511
2.65719,790.00000,799.28570,0.54765,0.46109,13.34497
2.65819,790.00000,799.99810,0.54765,0.46109,13.34483
2.65919,790.00000,799.99810,0.54766,0.46109,13.34469
2.66019,790.00000,799.28570,0.54767,0.46109,13.34454
2.66119,790.00000,799.28570,0.54767,0.46109,13.34438
2.66219,790.00000,799.28570,0.54768,0.46109,13.34423
2.66319,790.00000,799.99810,0.54768,0.46109,13.34408
2.66419,790.00000,801.42669,0.54769,0.46109,13.34392
2.66519,790.00000,799.99810,0.54770,0.46109,13.34376
2.66619,790.00000,799.99810,0.54770,0.46109,13.34359
2.66719,790.00000,799.99810,0.54771,0.46109,13.34343
2.66819,790.00000,798.57464,0.54772,0.46109,13.34326
2.66919,790.00000,798.57464,0.54772,0.46109,13.34309
2.67019,790.00000,799.99810,0.54773,0.46109,13.34292
2.67119,790.00000,799.99810,0.54774,0.46109,13.34274
2.67219,790.00000,801.42669,0.54775,0.46109,13.34257
2.67319,790.00000,800.71173,0.54775,0.46109,13.34239
2.67419,790.00000,799.99810,0.54776,0.46109,13.34220
2.67519,790.00000,799.99810,0.54777,0.46109,13.34202
2.67619,790.00000,798.57464,0.54778,0.46109,13.34183
2.67719,790.00000,799.99810,0.54778,0.46109,13.34164
2.67819,790.00000,800.71173,0.54779,0.46109,13.34145
2.67919,790.00000,800.71173,0.54780,0.46109,13.34126
2.68019,790.00000,800.71173,0.54781,0.46109,13.34106
2.68119,790.00000,799.28570,0.54782,0.46109,13.34086
2.68219,790.00000,799.28570,0.54782,0.46109,13.34066
2.68319,790.00000,799.28570,0.54783,0.46109,13.34046
2.68419,790.00000,799.28570,0.54784,0.46109,13.34026
2.68519,790.00000,797.86480,0.54785,0.46109,13.34005
2.68619,790.00000,799.28570,0.54786,0.46109,13.33984
2.68719,790.00000,799.28570,0.54787,0.46109,13.33963
2.68819,790.00000,799.28570,0.54788,0.46109,13.33942
2.68919,790.00000,799.28570,0.54788,0.46109,13.33921
2.69019,790.00000,799.28570,0.54789,0.46109,13.33900
2.69119,790.00000,799.99810,0.54790,0.46109,13.33879
2.69219,790.00000,807.91894,0.54791,0.46109,13.33858
2.69319,790.00000,807.91894,0.54792,0.46109,13.33836
2.69419,790.00000,807.91894,0.54793,0.46109,13.33815
2.69519,790.00000,807.91894,0.54794,0.46109,13.33794
2.69619,790.00000,807.91894,0.54794,0.46109,13.33773
2.69719,790.00000,807.91894,0.54795,0.46109,13.33752
2.69819,790.00000,811.57135,0.54796,0.46109,13.33731
2.69919,790.00000,807.91894,0.54797,0.46109,13.33710
2.70019,790.00000,802.14288,0.54798,0.46109,13.33689
2.70119,790.00000,798.57464,0.54799,0.46109,13.33669
2.70219,790.00000,798.57464,0.54800,0.46109,13.33648
2.70319,790.00000,794.33441,0.54800,0.46109,13.33628
2.70419,790.00000,794.33441,0.54801,0.46109,13.33607
2.70519,790.00000,798.57464,0.54802,0.46109,13.33587
2.70619,790.00000,797.15625,0.54803,0.46109,13.33567
2.70719,790.00000,797.15625,0.54804,0.46109,13.33546
2.70819,790.00000,799.28570,0.54805,0.46109,13.33525
2.70919,790.00000,799.28570,0.54806,0.46109,13.33505
2.71019,790.00000,799.99810,0.54806,0.46109,13.33484
2.71119,790.00000,799.99810,0.54807,0.46109,13.33463
2.71219,790.00000,799.99810,0.54808,0.46109,13.33443
2.71319,790.00000,799.99810,0.54809,0.46109,13.33422
2.71419,790.00000,800.71173,0.54810,0.46109,13.33401
2.71519,790.00000,799.99810,0.54811,0.46109,13.33381
2.71619,790.00000,800.71173,0.54811,0.46109,13.33360
2.71719,790.00000,804.29919,0.54812,0.46109,13.33339
2.71820,790.00000,800.71173,0.54813,0.46109,13.33318
2.71919,790.00000,800.71173,0.54814,0.46109,13.33298
2.72019,790.00000,800.71173,0.54815,0.46109,13.33277
2.72119,790.00000,798.57464,0.54816,0.46109,13.33256
2.72219,790.00000,798.57464,0.54817,0.46109,13.33236
2.72319,790.00000,798.57464,0.54817,0.46109,13.33215
2.72419,790.00000,797.15625,0.54818,0.46109,13.33195
2.72519,790.00000,797.15625,0.54819,0.46109,13.33174
2.72619,790.00000,799.99810,0.54820,0.46109,13.33154
2.72720,790.00000,799.99810,0.54821,0.46109,13.33134
2.72819,790.00000,797.15625,0.54822,0.46109,13.33113
2.72919,790.00000,797.15625,0.54822,0.46109,13.33093
2.73019,790.00000,797.15625,0.54823,0.46109,13.33072
2.73119,790.00000,797.15625,0.54824,0.46109,13.33052
2.73219,790.00000,798.57464,0.54825,0.46109,13.33031
2.73319,790.00000,798.57464,0.54826,0.46109,13.33010
2.73419,790.00000,801.42669,0.54827,0.46109,13.32988
2.73519,790.00000,801.42669,0.54828,0.46109,13.32967
2.73619,790.00000,798.57464,0.54829,0.46109,13.32945
2.73719,790.00000,798.57464,0.54829,0.46109,13.32923
2.73819,790.00000,798.57464,0.54830,0.46109,13.32901
2.73919,790.00000,796.44885,0.54831,0.46109,13.32878
2.74019,790.00000,798.57464,0.54832,0.46109,13.32856
2.74119,790.00000,798.57464,0.54833,0.46109,13.32834
2.74219,790.00000,799.99810,0.54834,0.46109,13.32811
2.74319,790.00000,799.99810,0.54835,0.46109,13.32789
2.74419,790.00000,799.99810,0.54836,0.46109,13.32766
2.74519,790.00000,799.99810,0.54837,0.46109,13.32744
2.74619,790.00000,802.86035,0.54838,0.46109,13.32721
2.74719,790.00000,804.29919,0.54839,0.46109,13.32698
2.74819,790.00000,804.29919,0.54840,0.46109,13.32675
2.74919,790.00000,802.86035,0.54841,0.46109,13.32652
2.75019,790.00000,802.86035,0.54842,0.46109,13.32629
2.75119,790.00000,802.86035,0.54843,0.46109,13.32605
2.75219,790.00000,802.86035,0.54843,0.46109,13.32582
2.75319,790.00000,802.14288,0.54844,0.46109,13.32558
2.75419,790.00000,802.14288,0.54845,0.46109,13.32534
2.75520,790.00000,802.14288,0.54846,0.46109,13.32511
2.75619,790.00000,802.14288,0.54847,0.46109,13.32487
2.75719,790.00000,802.14288,0.54848,0.46109,13.32463
2.75819,790.00000,798.57464,0.54849,0.46109,13.32439
2.75919,790.00000,798.57464,0.54850,0.46109,13.32414
2.76019,790.00000,801.42669,0.54851,0.46109,13.32389
2.76119,790.00000,801.42669,0.54852,0.46109,13.32364
2.76219,790.00000,801.42669,0.54853,0.46109,13.32339
2.76319,790.00000,801.42669,0.54855,0.46109,13.32313
2.76419,790.00000,801.42669,0.54856,0.46109,13.32287
2.76519,790.00000,801.42669,0.54857,0.46109,13.32260
2.76619,790.00000,801.42669,0.54858,0.46109,13.32234
2.76719,790.00000,801.42669,0.54859,0.46109,13.32207
2.76819,790.00000,801.42669,0.54860,0.46109,13.32180
2.76919,790.00000,801.42669,0.54861,0.46109,13.32153
2.77019,790.00000,801.42669,0.54862,0.46109,13.32125
2.77119,790.00000,795.03796,0.54863,0.46109,13.32098
2.77219,790.00000,799.99810,0.54865,0.46109,13.32070
2.77319,790.00000,795.03796,0.54866,0.46109,13.32041
2.77419,790.00000,794.33441,0.54867,0.46109,13.32013
2.77519,790.00000,794.33441,0.54868,0.46109,13.31984
2.77619,790.00000,795.03796,0.54869,0.46109,13.31955
2.77719,790.00000,797.86480,0.54870,0.46109,13.31926
2.77819,790.00000,795.03796,0.54872,0.46109,13.31897
2.77919,790.00000,797.86480,0.54873,0.46109,13.31868
2.78019,790.00000,797.86480,0.54874,0.46109,13.31838
2.78119,790.00000,797.86480,0.54875,0.46109,13.31808
2.78219,790.00000,799.28570,0.54877,0.46109,13.31778
2.78319,790.00000,797.86480,0.54878,0.46109,13.31748
2.78419,790.00000,797.86480,0.54879,0.46109,13.31717
2.78519,790.00000,799.28570,0.54880,0.46109,13.31686
2.78619,790.00000,799.28570,0.54882,0.46109,13.31656
2.78719,790.00000,799.28570,0.54883,0.46109,13.31624
2.78819,790.00000,799.28570,0.54884,0.46109,13.31593
2.78919,790.00000,799.99810,0.54886,0.46109,13.31561
2.79019,790.00000,799.99810,0.54887,0.46109,13.31529
2.79120,790.00000,799.99810,0.54888,0.46109,13.31497
2.79222,790.00000,799.28570,0.54889,0.46109,13.31465
2.79319,790.00000,797.86480,0.54891,0.46109,13.31433
2.79419,790.00000,797.86480,0.54892,0.46109,13.31400
2.79519,790.00000,799.28570,0.54893,0.46109,13.31368
2.79619,790.00000,799.28570,0.54895,0.46109,13.31335
2.79719,790.00000,801.42669,0.54896,0.46109,13.31303
2.79819,790.00000,801.42669,0.54898,0.46109,13.31270
2.79919,790.00000,801.42669,0.54899,0.46109,13.31237
2.80019,790.00000,797.15625,0.54900,0.46109,13.31204
2.80119,790.00000,801.42669,0.54902,0.46109,13.31172
2.80219,790.00000,801.42669,0.54903,0.46109,13.31139
2.80319,790.00000,801.42669,0.54904,0.46109,13.31106
2.80419,790.00000,801.42669,0.54906,0.46109,13.31073
2.80519,790.00000,801.42669,0.54907,0.46109,13.31041
2.80619,790.00000,799.99810,0.54908,0.46109,13.31008
2.80719,790.00000,799.99810,0.54910,0.46109,13.30976
2.80819,790.00000,799.99810,0.54911,0.46109,13.30943
2.80919,790.00000,801.42669,0.54912,0.46109,13.30911
2.81019,790.00000,799.99810,0.54914,0.46109,13.30878
2.81119,790.00000,801.42669,0.54915,0.46109,13.30846
2.81219,790.00000,801.42669,0.54916,0.46109,13.30814
2.81319,790.00000,799.99810,0.54918,0.46109,13.30781
2.81419,790.00000,801.42669,0.54919,0.46109,13.30749
2.81519,790.00000,801.42669,0.54920,0.46109,13.30717
2.81619,790.00000,801.42669,0.54922,0.46109,13.30685
2.81719,790.00000,808.64678,0.54923,0.46109,13.30653
2.81819,790.00000,801.42669,0.54924,0.46109,13.30621
2.81919,790.00000,797.86480,0.54926,0.46109,13.30589
2.82019,790.00000,795.74279,0.54927,0.46109,13.30557
2.82119,790.00000,795.74279,0.54928,0.46109,13.30525
2.82219,790.00000,797.86480,0.54930,0.46109,13.30493
2.82319,790.00000,795.74279,0.54931,0.46109,13.30461
2.82419,790.00000,795.74279,0.54932,0.46109,13.30430
2.82519,790.00000,795.74279,0.54934,0.46109,13.30397
2.82619,790.00000,795.74279,0.54935,0.46109,13.30365
2.82719,790.00000,795.74279,0.54936,0.46109,13.30333
2.82819,790.00000,795.03796,0.54938,0.46109,13.30300
2.82919,790.00000,795.03796,0.54939,0.46109,13.30268
2.83019,790.00000,795.03796,0.54940,0.46109,13.30235
2.83119,790.00000,795.74279,0.54942,0.46109,13.30202
2.83219,790.00000,795.74279,0.54943,0.46109,13.30169
2.83319,790.00000,795.03796,0.54944,0.46109,13.30136
2.83419,790.00000,795.03796,0.54946,0.46109,13.30102
2.83519,790.00000,795.03796,0.54947,0.46109,13.30069
2.83619,790.00000,795.74279,0.54948,0.46109,13.30035
2.83719,790.00000,795.74279,0.54950,0.46109,13.30002
2.83819,790.00000,798.57464,0.54951,0.46109,13.29968
2.83919,790.00000,798.57464,0.54953,0.46109,13.29934
2.84019,790.00000,798.57464,0.54954,0.46109,13.29900
2.84119,790.00000,798.57464,0.54955,0.46109,13.29866
2.84219,790.00000,801.42669,0.54957,0.46109,13.29832
2.84319,790.00000,801.42669,0.54958,0.46109,13.29798
2.84419,790.00000,801.42669,0.54960,0.46109,13.29763
2.84519,790.00000,801.42669,0.54961,0.46109,13.29729
2.84619,790.00000,801.42669,0.54963,0.46109,13.29694
2.84719,790.00000,801.42669,0.54964,0.46109,13.29660
2.84819,790.00000,801.42669,0.54965,0.46109,13.29625
2.84919,790.00000,801.42669,0.54967,0.46109,13.29590
2.85019,790.00000,801.42669,0.54968,0.46109,13.29555
2.85119,790.00000,801.42669,0.54970,0.46109,13.29520
2.85219,790.00000,797.86480,0.54971,0.46109,13.29485
2.85319,790.00000,792.23114,0.54973,0.46109,13.29449
2.85419,790.00000,792.23114,0.54974,0.46109,13.29414
2.85519,790.00000,786.67651,0.54976,0.46109,13.29379
2.85619,790.00000,786.67651,0.54977,0.46109,13.29343
2.85719,790.00000,786.67651,0.54979,0.46109,13.29308
2.85819,790.00000,797.86480,0.54980,0.46109,13.29272
2.85919,790.00000,799.99810,0.54981,0.46109,13.29237
2.86019,790.00000,802.14288,0.54983,0.46109,13.29201
2.86119,790.00000,802.14288,0.54984,0.46109,13.29165
2.86219,790.00000,808.64678,0.54986,0.46109,13.29129
2.86319,790.00000,808.64678,0.54987,0.46109,13.29093
2.86419,790.00000,808.64678,0.54989,0.46109,13.29057
2.86519,790.00000,808.64678,0.54990,0.46109,13.29021
2.86619,790.00000,808.64678,0.54992,0.46109,13.28985
2.86719,790.00000,808.64678,0.54993,0.46109,13.28949
2.86819,790.00000,808.64678,0.54995,0.46109,13.28913
2.86919,790.00000,808.64678,0.54996,0.46109,13.28878
2.87019,790.00000,802.14288,0.54998,0.46109,13.28842
2.87119,790.00000,798.57464,0.54999,0.46109,13.28807
2.87219,790.00000,798.57464,0.55001,0.46109,13.28772
2.87319,790.00000,797.86480,0.55002,0.46109,13.28737
2.87419,790.00000,797.86480,0.55004,0.46109,13.28702
2.87519,790.00000,797.86480,0.55005,0.46109,13.28667
2.87619,790.00000,797.86480,0.55007,0.46109,13.28632
2.87719,790.00000,797.86480,0.55008,0.46109,13.28598
2.87819,790.00000,797.86480,0.55009,0.46109,13.28564
2.87919,790.00000,797.86480,0.55011,0.46109,13.28530
2.88019,790.00000,802.14288,0.55012,0.46109,13.28496
2.88119,790.00000,802.86035,0.55014,0.46109,13.28463
2.88219,790.00000,802.86035,0.55015,0.46109,13.28431
2.88319,790.00000,802.14288,0.55016,0.46109,13.28398
2.88419,790.00000,802.14288,0.55018,0.46109,13.28366
2.88519,790.00000,802.14288,0.55019,0.46109,13.28334
2.88619,790.00000,802.14288,0.55020,0.46109,13.28303
2.88719,790.00000,802.14288,0.55021,0.46109,13.28272
2.88819,790.00000,802.14288,0.55023,0.46109,13.28241
2.88919,790.00000,795.74279,0.55024,0.46109,13.28211
2.89019,790.00000,795.74279,0.55025,0.46109,13.28181
2.89119,790.00000,795.03796,0.55026,0.46109,13.28152
2.89219,790.00000,795.03796,0.55028,0.46109,13.28123
2.89319,790.00000,794.33441,0.55029,0.46109,13.28095
2.89419,790.00000,794.33441,0.55030,0.46109,13.28067
2.89519,790.00000,794.33441,0.55031,0.46109,13.28040
2.89619,790.00000,795.03796,0.55032,0.46109,13.28013
2.89719,790.00000,795.03796,0.55033,0.46109,13.27986
2.89819,790.00000,795.03796,0.55034,0.46109,13.27960
2.89919,790.00000,795.03796,0.55035,0.46109,13.27935
2.90019,790.00000,795.03796,0.55036,0.46109,13.27911
2.90119,790.00000,795.03796,0.55037,0.46109,13.27887
2.90219,790.00000,795.03796,0.55038,0.46109,13.27864
2.90319,790.00000,794.33441,0.55039,0.46109,13.27841
2.90419,790.00000,794.33441,0.55040,0.46109,13.27819
2.90519,790.00000,795.03796,0.55041,0.46109,13.27798
2.90619,790.00000,795.03796,0.55042,0.46109,13.27777
2.90719,790.00000,794.33441,0.55043,0.46109,13.27756
2.90819,790.00000,793.63208,0.55044,0.46109,13.27737
2.90919,790.00000,795.03796,0.55044,0.46109,13.27718
2.91019,790.00000,795.03796,0.55045,0.46109,13.27699
2.91119,790.00000,798.57464,0.55046,0.46109,13.27681
2.91219,790.00000,798.57464,0.55047,0.46109,13.27664
2.91319,790.00000,799.99810,0.55047,0.46109,13.27648
2.91419,790.00000,801.42669,0.55048,0.46109,13.27632
2.91519,790.00000,801.42669,0.55049,0.46109,13.27617
2.91619,790.00000,801.42669,0.55049,0.46109,13.27603
2.91719,790.00000,801.42669,0.55050,0.46109,13.27589
2.91819,790.00000,801.42669,0.55050,0.46109,13.27577
2.91919,790.00000,818.97613,0.55051,0.46109,13.27565
2.92019,790.00000,818.97613,0.55051,0.46109,13.27554
2.92119,790.00000,818.97613,0.55052,0.46109,13.27544
2.92219,790.00000,818.97613,0.55052,0.46109,13.27534
2.92319,790.00000,813.77874,0.55052,0.46109,13.27525
2.92419,790.00000,805.74316,0.55053,0.46109,13.27517
2.92519,790.00000,804.29919,0.55053,0.46109,13.27511
2.92619,790.00000,802.14288,0.55053,0.46109,13.27505
2.92719,790.00000,802.14288,0.55053,0.46109,13.27499
2.92819,790.00000,802.14288,0.55054,0.46109,13.27495
2.92919,790.00000,802.14288,0.55054,0.46109,13.27492
2.93019,790.00000,802.14288,0.55054,0.46109,13.27489
2.93119,790.00000,802.14288,0.55054,0.46109,13.27488
2.93219,790.00000,802.14288,0.55054,0.46109,13.27487
2.93319,790.00000,799.28570,0.55054,0.46109,13.27487
2.93419,790.00000,799.28570,0.55054,0.46109,13.27488
2.93519,790.00000,799.28570,0.55054,0.46109,13.27490
2.93619,790.00000,799.28570,0.55054,0.46109,13.27493
2.93719,790.00000,799.28570,0.55054,0.46109,13.27497
2.93820,790.00000,799.28570,0.55053,0.46109,13.27501
2.93922,790.00000,799.28570,0.55053,0.46109,13.27506
2.94019,790.00000,799.28570,0.55053,0.46109,13.27512
2.94119,790.00000,799.28570,0.55053,0.46109,13.27519
2.94219,790.00000,799.28570,0.55052,0.46109,13.27527
2.94319,790.00000,797.86480,0.55052,0.46109,13.27535
2.94419,790.00000,797.15625,0.55052,0.46109,13.27544
2.94519,790.00000,797.15625,0.55051,0.46109,13.27553
2.94619,790.00000,797.15625,0.55051,0.46109,13.27564
2.94719,790.00000,797.15625,0.55050,0.46109,13.27574
2.94819,790.00000,798.57464,0.55050,0.46109,13.27586
2.94919,790.00000,798.57464,0.55049,0.46109,13.27597
2.95019,790.00000,798.57464,0.55049,0.46109,13.27610
2.95119,790.00000,798.57464,0.55048,0.46109,13.27623
2.95219,790.00000,798.57464,0.55048,0.46109,13.27637
2.95319,790.00000,797.15625,0.55047,0.46109,13.27651
2.95419,790.00000,798.57464,0.55047,0.46109,13.27665
2.95519,790.00000,803.57916,0.55046,0.46109,13.27680
2.95619,790.00000,802.86035,0.55045,0.46109,13.27696
2.95719,790.00000,802.86035,0.55045,0.46109,13.27712
2.95819,790.00000,802.86035,0.55044,0.46109,13.27728
2.95919,790.00000,802.86035,0.55043,0.46109,13.27744
2.96019,790.00000,797.15625,0.55043,0.46109,13.27761
2.96119,790.00000,797.15625,0.55042,0.46109,13.27778
2.96219,790.00000,799.28570,0.55041,0.46109,13.27796
2.96319,790.00000,802.86035,0.55040,0.46109,13.27813
2.96419,790.00000,803.57916,0.55040,0.46109,13.27831
2.96519,790.00000,803.57916,0.55039,0.46109,13.27849
2.96619,790.00000,802.86035,0.55038,0.46109,13.27866
2.96719,790.00000,803.57916,0.55037,0.46109,13.27884
2.96819,790.00000,803.57916,0.55037,0.46109,13.27902
2.96919,790.00000,803.57916,0.55036,0.46109,13.27920
2.97019,790.00000,803.57916,0.55035,0.46109,13.27938
2.97119,790.00000,803.57916,0.55034,0.46109,13.27957
2.97219,790.00000,803.57916,0.55034,0.46109,13.27975
2.97319,790.00000,804.29919,0.55033,0.46109,13.27993
2.97419,790.00000,803.57916,0.55032,0.46109,13.28012
2.97519,790.00000,798.57464,0.55031,0.46109,13.28030
2.97619,790.00000,798.57464,0.55031,0.46109,13.28049
2.97719,790.00000,798.57464,0.55030,0.46109,13.28067
2.97819,790.00000,798.57464,0.55029,0.46109,13.28086
2.97919,790.00000,798.57464,0.55028,0.46109,13.28105
2.98019,790.00000,798.57464,0.55028,0.46109,13.28124
2.98119,790.00000,797.86480,0.55027,0.46109,13.28144
2.98219,790.00000,798.57464,0.55026,0.46109,13.28163
2.98319,790.00000,797.86480,0.55025,0.46109,13.28182
2.98419,790.00000,797.86480,0.55024,0.46109,13.28200
2.98519,790.00000,796.44885,0.55024,0.46109,13.28219
2.98619,790.00000,796.44885,0.55023,0.46109,13.28237
2.98719,790.00000,795.74279,0.55022,0.46109,13.28256
2.98819,790.00000,796.44885,0.55021,0.46109,13.28274
2.98919,790.00000,795.74279,0.55021,0.46109,13.28292
2.99019,790.00000,796.44885,0.55020,0.46109,13.28310
2.99119,790.00000,796.44885,0.55019,0.46109,13.28328
2.99219,790.00000,798.57464,0.55018,0.46109,13.28346
2.99319,790.00000,798.57464,0.55018,0.46109,13.28363
2.99419,790.00000,798.57464,0.55017,0.46109,13.28381
2.99519,790.00000,798.57464,0.55016,0.46109,13.28398
2.99619,790.00000,798.57464,0.55016,0.46109,13.28415
2.99719,790.00000,798.57464,0.55015,0.46109,13.28432
2.99819,790.00000,801.42669,0.55014,0.46109,13.28449
2.99919,790.00000,798.57464,0.55013,0.46109,13.28466
3.00019,790.00000,798.57464,0.55013,0.46109,13.28483
3.00120,800.00000,795.74279,0.55910,0.46862,13.28499
3.00221,800.00000,798.57464,0.55909,0.46862,13.28516
3.00320,800.00000,802.14288,0.55908,0.46862,13.28532
3.00423,800.00000,802.14288,0.55908,0.46862,13.28548
3.00523,800.00000,805.02056,0.55907,0.46862,13.28563
3.00623,800.00000,805.02056,0.55906,0.46862,13.28579
3.00721,800.00000,802.14288,0.55906,0.46862,13.28594
3.00828,800.00000,802.14288,0.55905,0.46862,13.28608
3.00920,800.00000,797.86480,0.55905,0.46862,13.28623
3.01022,800.00000,805.02056,0.55904,0.46862,13.28637
3.01119,800.00000,806.46710,0.55903,0.46862,13.28651
3.01219,800.00000,817.48443,0.55903,0.46862,13.28664
3.01319,800.00000,806.46710,0.55902,0.46862,13.28677
3.01419,800.00000,806.46710,0.55902,0.46862,13.28690
3.01519,800.00000,805.02056,0.55901,0.46862,13.28703
3.01619,800.00000,797.86480,0.55901,0.46862,13.28715
3.01719,800.00000,797.86480,0.55900,0.46862,13.28727
3.01819,800.00000,799.99810,0.55900,0.46862,13.28739
3.01919,800.00000,799.99810,0.55899,0.46862,13.28750
3.02019,800.00000,817.48443,0.55899,0.46862,13.28762
3.02119,800.00000,799.99810,0.55898,0.46862,13.28772
3.02219,800.00000,799.99810,0.55898,0.46862,13.28783
3.02319,800.00000,798.57464,0.55897,0.46862,13.28794
3.02419,800.00000,798.57464,0.55897,0.46862,13.28804
3.02519,800.00000,798.57464,0.55897,0.46862,13.28814
3.02619,800.00000,799.99810,0.55896,0.46862,13.28823
3.02719,800.00000,799.99810,0.55896,0.46862,13.28833
3.02819,800.00000,798.57464,0.55895,0.46862,13.28842
3.02919,800.00000,798.57464,0.55895,0.46862,13.28851
3.03019,800.00000,812.30578,0.55895,0.46862,13.28859
3.03119,800.00000,797.86480,0.55894,0.46862,13.28868
3.03219,800.00000,802.14288,0.55894,0.46862,13.28876
3.03319,800.00000,802.14288,0.55894,0.46862,13.28884
3.03419,800.00000,799.28570,0.55893,0.46862,13.28891
3.03519,800.00000,802.14288,0.55893,0.46862,13.28899
3.03619,800.00000,804.29919,0.55893,0.46862,13.28906
3.03719,800.00000,802.14288,0.55892,0.46862,13.28913
3.03819,800.00000,802.14288,0.55892,0.46862,13.28919
3.03919,800.00000,804.29919,0.55892,0.46862,13.28926
3.04019,800.00000,802.14288,0.55892,0.46862,13.28932
3.04119,800.00000,799.99810,0.55891,0.46862,13.28938
3.04219,800.00000,799.99810,0.55891,0.46862,13.28944
3.04319,800.00000,799.99810,0.55891,0.46862,13.28949
3.04419,800.00000,799.99810,0.55891,0.46862,13.28955
3.04519,800.00000,800.71173,0.55890,0.46862,13.28960
3.04619,800.00000,799.99810,0.55890,0.46862,13.28965
3.04719,800.00000,799.99810,0.55890,0.46862,13.28970
3.04819,800.00000,800.71173,0.55890,0.46862,13.28974
3.04919,800.00000,804.29919,0.55890,0.46862,13.28979
3.05019,800.00000,804.29919,0.55889,0.46862,13.28983
3.05119,800.00000,804.29919,0.55889,0.46862,13.28986
3.05219,800.00000,813.04156,0.55889,0.46862,13.28990
3.05319,800.00000,813.04156,0.55889,0.46862,13.28993
3.05419,800.00000,813.04156,0.55889,0.46862,13.28996
3.05519,800.00000,813.04156,0.55889,0.46862,13.28999
3.05619,800.00000,813.77874,0.55889,0.46862,13.29001
3.05719,800.00000,813.77874,0.55889,0.46862,13.29002
3.05819,800.00000,813.04156,0.55889,0.46862,13.29004
3.05919,800.00000,813.04156,0.55888,0.46862,13.29005
3.06019,800.00000,813.77874,0.55888,0.46862,13.29005
3.06120,800.00000,813.77874,0.55888,0.46862,13.29005
3.06219,800.00000,813.77874,0.55888,0.46862,13.29005
3.06319,800.00000,813.77874,0.55889,0.46862,13.29004
3.06419,800.00000,813.77874,0.55889,0.46862,13.29003
3.06519,800.00000,813.77874,0.55889,0.46862,13.29002
3.06619,800.00000,806.46710,0.55889,0.46862,13.29000
3.06719,800.00000,806.46710,0.55889,0.46862,13.28998
3.06819,800.00000,806.46710,0.55889,0.46862,13.28995
3.06919,800.00000,806.46710,0.55889,0.46862,13.28992
3.07019,800.00000,817.48443,0.55889,0.46862,13.28989
3.07119,800.00000,806.46710,0.55889,0.46862,13.28985
3.07219,800.00000,806.46710,0.55889,0.46862,13.28982
3.07319,800.00000,799.99810,0.55890,0.46862,13.28977
3.07419,800.00000,799.99810,0.55890,0.46862,13.28973
3.07519,800.00000,799.99810,0.55890,0.46862,13.28968
3.07619,800.00000,799.99810,0.55890,0.46862,13.28963
3.07719,800.00000,802.14288,0.55890,0.46862,13.28957
3.07819,800.00000,799.99810,0.55891,0.46862,13.28951
3.07919,800.00000,802.14288,0.55891,0.46862,13.28945
3.08019,800.00000,811.57135,0.55891,0.46862,13.28938
3.08119,800.00000,807.19238,0.55892,0.46862,13.28931
3.08219,800.00000,807.19238,0.55892,0.46862,13.28924
3.08319,800.00000,807.19238,0.55892,0.46862,13.28917
3.08419,800.00000,811.57135,0.55893,0.46862,13.28909
3.08522,800.00000,811.57135,0.55893,0.46862,13.28901
3.08619,800.00000,811.57135,0.55893,0.46862,13.28892
3.08719,800.00000,811.57135,0.55894,0.46862,13.28883
3.08819,800.00000,813.04156,0.55894,0.46862,13.28874
3.08919,800.00000,813.04156,0.55894,0.46862,13.28865
3.09019,800.00000,813.04156,0.55895,0.46862,13.28855
3.09119,800.00000,813.04156,0.55895,0.46862,13.28846
3.09219,800.00000,813.04156,0.55896,0.46862,13.28835
3.09319,800.00000,813.04156,0.55896,0.46862,13.28825
3.09419,800.00000,813.04156,0.55897,0.46862,13.28814
3.09519,800.00000,812.30578,0.55897,0.46862,13.28802
3.09619,800.00000,811.57135,0.55897,0.46862,13.28791
3.09719,800.00000,811.57135,0.55898,0.46862,13.28779
3.09819,800.00000,811.57135,0.55898,0.46862,13.28767
3.09919,800.00000,806.46710,0.55899,0.46862,13.28754
3.10019,800.00000,806.46710,0.55900,0.46862,13.28741
3.10119,800.00000,804.29919,0.55900,0.46862,13.28728
3.10219,800.00000,804.29919,0.55901,0.46862,13.28715
3.10319,800.00000,803.57916,0.55901,0.46862,13.28701
3.10419,800.00000,803.57916,0.55902,0.46862,13.28688
3.10519,800.00000,803.57916,0.55902,0.46862,13.28674
3.10619,800.00000,799.28570,0.55903,0.46862,13.28659
3.10719,800.00000,799.28570,0.55904,0.46862,13.28645
3.10819,800.00000,799.28570,0.55904,0.46862,13.28630
3.10919,800.00000,799.28570,0.55905,0.46862,13.28615
3.11019,800.00000,799.28570,0.55906,0.46862,13.28599
3.11119,800.00000,799.99810,0.55906,0.46862,13.28584
3.11219,800.00000,799.99810,0.55907,0.46862,13.28568
3.11319,800.00000,799.99810,0.55908,0.46862,13.28552
3.11419,800.00000,810.83819,0.55908,0.46862,13.28536
3.11519,800.00000,810.83819,0.55909,0.46862,13.28520
3.11619,800.00000,805.02056,0.55910,0.46862,13.28503
3.11719,800.00000,805.02056,0.55910,0.46862,13.28487
3.11819,800.00000,805.02056,0.55911,0.46862,13.28470
3.11919,800.00000,805.02056,0.55912,0.46862,13.28453
3.12019,800.00000,813.04156,0.55912,0.46862,13.28436
3.12119,800.00000,813.04156,0.55913,0.46862,13.28418
3.12219,800.00000,813.04156,0.55914,0.46862,13.28400
3.12319,800.00000,813.04156,0.55915,0.46862,13.28383
3.12419,800.00000,813.04156,0.55915,0.46862,13.28364
3.12519,800.00000,813.04156,0.55916,0.46862,13.28346
3.12619,800.00000,813.04156,0.55917,0.46862,13.28328
3.12719,800.00000,813.04156,0.55918,0.46862,13.28309
3.12819,800.00000,814.51715,0.55919,0.46862,13.28290
3.12919,800.00000,814.51715,0.55919,0.46862,13.28271
3.13019,800.00000,813.04156,0.55920,0.46862,13.28252
3.13119,800.00000,813.04156,0.55921,0.46862,13.28233
3.13219,800.00000,813.04156,0.55922,0.46862,13.28213
3.13319,800.00000,813.04156,0.55923,0.46862,13.28194
3.13419,800.00000,813.04156,0.55923,0.46862,13.28174
3.13519,800.00000,814.51715,0.55924,0.46862,13.28154
3.13619,800.00000,813.04156,0.55925,0.46862,13.28134
3.13719,800.00000,813.04156,0.55926,0.46862,13.28114
3.13819,800.00000,813.04156,0.55927,0.46862,13.28094
3.13919,800.00000,809.37591,0.55928,0.46862,13.28073
3.14019,800.00000,808.64678,0.55929,0.46862,13.28053
3.14119,800.00000,808.64678,0.55929,0.46862,13.28032
3.14219,800.00000,809.37591,0.55930,0.46862,13.28011
3.14319,800.00000,809.37591,0.55931,0.46862,13.27989
3.14419,800.00000,809.37591,0.55932,0.46862,13.27968
3.14519,800.00000,808.64678,0.55933,0.46862,13.27946
3.14619,800.00000,808.64678,0.55934,0.46862,13.27925
3.14719,800.00000,807.19238,0.55935,0.46862,13.27902
3.14819,800.00000,807.19238,0.55936,0.46862,13.27880
3.14919,800.00000,807.19238,0.55937,0.46862,13.27858
3.15019,800.00000,807.19238,0.55938,0.46862,13.27835
3.15119,800.00000,807.19238,0.55939,0.46862,13.27812
3.15219,800.00000,807.19238,0.55940,0.46862,13.27790
3.15319,800.00000,803.57916,0.55941,0.46862,13.27767
3.15419,800.00000,803.57916,0.55942,0.46862,13.27744
3.15519,800.00000,801.42669,0.55943,0.46862,13.27721
3.15619,800.00000,799.99810,0.55943,0.46862,13.27698
3.15719,800.00000,799.99810,0.55944,0.46862,13.27675
3.15819,800.00000,799.99810,0.55945,0.46862,13.27651
3.15919,800.00000,803.57916,0.55946,0.46862,13.27628
3.16019,800.00000,803.57916,0.55947,0.46862,13.27604
3.16119,800.00000,803.57916,0.55948,0.46862,13.27580
3.16219,800.00000,803.57916,0.55950,0.46862,13.27555
3.16319,800.00000,808.64678,0.55951,0.46862,13.27530
3.16419,800.00000,808.64678,0.55952,0.46862,13.27505
3.16519,800.00000,808.64678,0.55953,0.46862,13.27480
3.16619,800.00000,808.64678,0.55954,0.46862,13.27454
3.16719,800.00000,809.37591,0.55955,0.46862,13.27428
3.16819,800.00000,810.10638,0.55956,0.46862,13.27401
3.16919,800.00000,810.10638,0.55957,0.46862,13.27375
3.17019,800.00000,810.10638,0.55958,0.46862,13.27348
3.17119,800.00000,808.64678,0.55959,0.46862,13.27321
3.17219,800.00000,810.10638,0.55961,0.46862,13.27293
3.17319,800.00000,810.10638,0.55962,0.46862,13.27265
3.17419,800.00000,824.99804,0.55963,0.46862,13.27237
3.17519,800.00000,824.99804,0.55964,0.46862,13.27209
3.17619,800.00000,824.99804,0.55965,0.46862,13.27181
3.17719,800.00000,824.99804,0.55967,0.46862,13.27152
3.17819,800.00000,802.14288,0.55968,0.46862,13.27123
3.17919,800.00000,802.14288,0.55969,0.46862,13.27094
3.18019,800.00000,802.14288,0.55970,0.46862,13.27064
3.18119,800.00000,802.14288,0.55971,0.46862,13.27035
3.18219,800.00000,802.14288,0.55973,0.46862,13.27005
3.18319,800.00000,802.14288,0.55974,0.46862,13.26975
3.18419,800.00000,802.14288,0.55975,0.46862,13.26944
3.18519,800.00000,802.14288,0.55977,0.46862,13.26914
3.18619,800.00000,802.14288,0.55978,0.46862,13.26883
3.18719,800.00000,802.14288,0.55979,0.46862,13.26852
3.18819,800.00000,810.10638,0.55980,0.46862,13.26821
3.18919,800.00000,812.30578,0.55982,0.46862,13.26789
3.19019,800.00000,812.30578,0.55983,0.46862,13.26757
3.19119,800.00000,810.10638,0.55985,0.46862,13.26725
3.19219,800.00000,810.10638,0.55986,0.46862,13.26692
3.19319,800.00000,810.10638,0.55987,0.46862,13.26659
3.19419,800.00000,810.10638,0.55989,0.46862,13.26626
3.19519,800.00000,810.10638,0.55990,0.46862,13.26592
3.19619,800.00000,812.30578,0.55992,0.46862,13.26558
3.19720,800.00000,812.30578,0.55993,0.46862,13.26524
3.19819,800.00000,812.30578,0.55994,0.46862,13.26489
3.19919,800.00000,812.30578,0.55996,0.46862,13.26454
3.20019,800.00000,799.99810,0.55997,0.46862,13.26418
3.20119,800.00000,812.30578,0.55999,0.46862,13.26382
3.20219,800.00000,813.77874,0.56001,0.46862,13.26345
3.20319,800.00000,813.77874,0.56002,0.46862,13.26307
3.20419,800.00000,812.30578,0.56004,0.46862,13.26270
3.20519,800.00000,812.30578,0.56005,0.46862,13.26231
3.20619,800.00000,813.77874,0.56007,0.46862,13.26192
3.20719,800.00000,813.77874,0.56009,0.46862,13.26153
3.20819,800.00000,804.29919,0.56010,0.46862,13.26113
3.20919,800.00000,813.77874,0.56012,0.46862,13.26072
3.21019,800.00000,816.74053,0.56014,0.46862,13.26032
3.21119,800.00000,816.74053,0.56016,0.46862,13.25990
3.21219,800.00000,813.04156,0.56017,0.46862,13.25948
3.21319,800.00000,808.64678,0.56019,0.46862,13.25906
3.21419,800.00000,808.64678,0.56021,0.46862,13.25863
3.21519,800.00000,808.64678,0.56023,0.46862,13.25820
3.21619,800.00000,813.04156,0.56025,0.46862,13.25776
3.21719,800.00000,808.64678,0.56026,0.46862,13.25732
3.21819,800.00000,808.64678,0.56028,0.46862,13.25687
3.21919,800.00000,813.04156,0.56030,0.46862,13.25642
3.22019,800.00000,813.04156,0.56032,0.46862,13.25596
3.22119,800.00000,808.64678,0.56034,0.46862,13.25549
3.22219,800.00000,813.04156,0.56036,0.46862,13.25502
3.22319,800.00000,815.25689,0.56038,0.46862,13.25454
3.22419,800.00000,815.25689,0.56040,0.46862,13.25406
3.22519,800.00000,815.25689,0.56042,0.46862,13.25357
3.22619,800.00000,816.74053,0.56044,0.46862,13.25308
3.22719,800.00000,815.25689,0.56047,0.46862,13.25258
3.22819,800.00000,815.25689,0.56049,0.46862,13.25207
3.22919,800.00000,815.25689,0.56051,0.46862,13.25156
3.23020,800.00000,821.97613,0.56053,0.46862,13.25105
3.23123,800.00000,821.97613,0.56055,0.46862,13.25053
3.23219,800.00000,821.97613,0.56057,0.46862,13.25000
3.23319,800.00000,821.97613,0.56060,0.46862,13.24947
3.23419,800.00000,821.97613,0.56062,0.46862,13.24894
3.23519,800.00000,802.14288,0.56064,0.46862,13.24840
3.23619,800.00000,818.22955,0.56066,0.46862,13.24786
3.23719,800.00000,802.14288,0.56069,0.46862,13.24731
3.23819,800.00000,818.22955,0.56071,0.46862,13.24675
3.23919,800.00000,823.48431,0.56073,0.46862,13.24620
3.24019,800.00000,823.48431,0.56076,0.46862,13.24564
3.24119,800.00000,818.97613,0.56078,0.46862,13.24507
3.24219,800.00000,818.22955,0.56081,0.46862,13.24450
3.24319,800.00000,818.22955,0.56083,0.46862,13.24393
3.24419,800.00000,818.22955,0.56086,0.46862,13.24335
3.24519,800.00000,818.22955,0.56088,0.46862,13.24277
3.24619,800.00000,818.97613,0.56090,0.46862,13.24219
3.24719,800.00000,818.97613,0.56093,0.46862,13.24161
3.24819,800.00000,818.97613,0.56095,0.46862,13.24103
3.24919,800.00000,809.37591,0.56098,0.46862,13.24044
3.25019,800.00000,809.37591,0.56100,0.46862,13.23985
3.25119,800.00000,813.77874,0.56103,0.46862,13.23926
3.25219,800.00000,809.37591,0.56105,0.46862,13.23867
3.25319,800.00000,813.77874,0.56108,0.46862,13.23807
3.25419,800.00000,813.77874,0.56110,0.46862,13.23748
3.25519,800.00000,816.74053,0.56113,0.46862,13.23688
3.25619,800.00000,816.74053,0.56116,0.46862,13.23628
3.25719,800.00000,813.77874,0.56118,0.46862,13.23568
3.25819,800.00000,813.77874,0.56121,0.46862,13.23507
3.25919,800.00000,814.51715,0.56123,0.46862,13.23446
3.26019,800.00000,814.51715,0.56126,0.46862,13.23385
3.26119,800.00000,814.51715,0.56128,0.46862,13.23324
3.26219,800.00000,814.51715,0.56131,0.46862,13.23263
3.26319,800.00000,814.51715,0.56134,0.46862,13.23202
3.26419,800.00000,814.51715,0.56136,0.46862,13.23140
3.26519,800.00000,812.30578,0.56139,0.46862,13.23078
3.26619,800.00000,812.30578,0.56141,0.46862,13.23016
3.26719,800.00000,805.02056,0.56144,0.46862,13.22954
3.26819,800.00000,805.02056,0.56147,0.46862,13.22892
3.26919,800.00000,810.83819,0.56149,0.46862,13.22830
3.27019,800.00000,805.02056,0.56152,0.46862,13.22767
3.27119,800.00000,810.83819,0.56155,0.46862,13.22704
3.27219,800.00000,810.10638,0.56157,0.46862,13.22642
3.27319,800.00000,810.10638,0.56160,0.46862,13.22579
3.27419,800.00000,810.10638,0.56163,0.46862,13.22517
3.27519,800.00000,810.83819,0.56165,0.46862,13.22454
3.27619,800.00000,815.99810,0.56168,0.46862,13.22392
3.27719,800.00000,810.83819,0.56171,0.46862,13.22329
3.27819,800.00000,810.83819,0.56173,0.46862,13.22267
3.27919,800.00000,815.25689,0.56176,0.46862,13.22205
3.28019,800.00000,815.25689,0.56179,0.46862,13.22142
3.28119,800.00000,815.99810,0.56181,0.46862,13.22080
3.28219,800.00000,815.25689,0.56184,0.46862,13.22018
3.28319,800.00000,815.99810,0.56186,0.46862,13.21957
3.28419,800.00000,815.99810,0.56189,0.46862,13.21895
3.28519,800.00000,815.25689,0.56192,0.46862,13.21833
3.28619,800.00000,815.25689,0.56194,0.46862,13.21771
3.28719,800.00000,815.25689,0.56197,0.46862,13.21709
3.28819,800.00000,815.99810,0.56200,0.46862,13.21648
3.28919,800.00000,815.99810,0.56202,0.46862,13.21586
3.29019,800.00000,815.99810,0.56205,0.46862,13.21525
3.29119,800.00000,815.99810,0.56207,0.46862,13.21463
3.29219,800.00000,810.10638,0.56210,0.46862,13.21402
3.29319,800.00000,813.77874,0.56213,0.46862,13.21341
3.29419,800.00000,813.77874,0.56215,0.46862,13.21280
3.29519,800.00000,813.77874,0.56218,0.46862,13.21219
3.29619,800.00000,813.77874,0.56220,0.46862,13.21158
3.29719,800.00000,810.83819,0.56223,0.46862,13.21097
3.29819,800.00000,810.10638,0.56226,0.46862,13.21037
3.29919,800.00000,810.10638,0.56228,0.46862,13.20976
3.30019,800.00000,810.10638,0.56231,0.46862,13.20916
3.30119,800.00000,810.83819,0.56233,0.46862,13.20855
3.30219,800.00000,810.83819,0.56236,0.46862,13.20795
3.30319,800.00000,813.77874,0.56238,0.46862,13.20735
3.30419,800.00000,815.25689,0.56241,0.46862,13.20675
3.30519,800.00000,815.25689,0.56244,0.46862,13.20615
3.30619,800.00000,814.51715,0.56246,0.46862,13.20555
3.30719,800.00000,815.25689,0.56249,0.46862,13.20495
3.30819,800.00000,816.74053,0.56251,0.46862,13.20436
3.30919,800.00000,817.48443,0.56254,0.46862,13.20376
3.31019,800.00000,816.74053,0.56256,0.46862,13.20316
3.31119,800.00000,816.74053,0.56259,0.46862,13.20257
3.31219,800.00000,815.25689,0.56261,0.46862,13.20198
3.31319,800.00000,815.25689,0.56264,0.46862,13.20139
3.31419,800.00000,816.74053,0.56266,0.46862,13.20080
3.31519,800.00000,815.25689,0.56269,0.46862,13.20021
3.31619,800.00000,815.25689,0.56271,0.46862,13.19962
3.31719,800.00000,815.25689,0.56274,0.46862,13.19904
3.31819,800.00000,815.25689,0.56276,0.46862,13.19845
3.31919,800.00000,804.29919,0.56279,0.46862,13.19787
3.32019,800.00000,804.29919,0.56281,0.46862,13.19729
3.32119,800.00000,804.29919,0.56284,0.46862,13.19670
3.32219,800.00000,804.29919,0.56286,0.46862,13.19612
3.32319,800.00000,804.29919,0.56289,0.46862,13.19555
3.32419,800.00000,816.74053,0.56291,0.46862,13.19497
3.32519,800.00000,804.29919,0.56294,0.46862,13.19439
3.32619,800.00000,804.29919,0.56296,0.46862,13.19382
3.32719,800.00000,818.22955,0.56299,0.46862,13.19325
3.32819,800.00000,819.72406,0.56301,0.46862,13.19268
3.32919,800.00000,819.72406,0.56303,0.46862,13.19211
3.33019,800.00000,823.48431,0.56306,0.46862,13.19154
3.33119,800.00000,823.48431,0.56308,0.46862,13.19098
3.33219,800.00000,823.48431,0.56311,0.46862,13.19041
3.33319,800.00000,823.48431,0.56313,0.46862,13.18985
3.33419,800.00000,823.48431,0.56315,0.46862,13.18929
3.33519,800.00000,823.48431,0.56318,0.46862,13.18873
3.33619,800.00000,823.48431,0.56320,0.46862,13.18817
3.33719,800.00000,823.48431,0.56323,0.46862,13.18762
3.33819,800.00000,821.22412,0.56325,0.46862,13.18706
3.33919,800.00000,811.57135,0.56327,0.46862,13.18651
3.34019,800.00000,808.64678,0.56330,0.46862,13.18596
3.34119,800.00000,808.64678,0.56332,0.46862,13.18541
3.34219,800.00000,808.64678,0.56334,0.46862,13.18486
3.34319,800.00000,808.64678,0.56337,0.46862,13.18431
3.34419,800.00000,808.64678,0.56339,0.46862,13.18376
3.34519,800.00000,808.64678,0.56341,0.46862,13.18322
3.34619,800.00000,808.64678,0.56344,0.46862,13.18268
3.34719,800.00000,809.37591,0.56346,0.46862,13.18214
3.34819,800.00000,811.57135,0.56348,0.46862,13.18160
3.34919,800.00000,813.04156,0.56351,0.46862,13.18106
3.35019,800.00000,815.25689,0.56353,0.46862,13.18052
3.35119,800.00000,815.25689,0.56355,0.46862,13.17998
3.35219,800.00000,821.22412,0.56357,0.46862,13.17945
3.35319,800.00000,821.22412,0.56360,0.46862,13.17892
3.35419,800.00000,821.22412,0.56362,0.46862,13.17839
3.35519,800.00000,821.22412,0.56364,0.46862,13.17786
3.35619,800.00000,821.22412,0.56367,0.46862,13.17733
3.35719,800.00000,821.22412,0.56369,0.46862,13.17680
3.35819,800.00000,810.10638,0.56371,0.46862,13.17628
3.35919,800.00000,810.10638,0.56373,0.46862,13.17575
3.36019,800.00000,807.91894,0.56376,0.46862,13.17523
3.36119,800.00000,807.91894,0.56378,0.46862,13.17471
3.36219,800.00000,802.86035,0.56380,0.46862,13.17419
3.36319,800.00000,802.86035,0.56382,0.46862,13.17368
3.36419,800.00000,802.86035,0.56384,0.46862,13.17316
3.36519,800.00000,805.02056,0.56387,0.46862,13.17265
3.36619,800.00000,805.02056,0.56389,0.46862,13.17214
3.36720,800.00000,805.02056,0.56391,0.46862,13.17162
3.36819,800.00000,805.02056,0.56393,0.46862,13.17112
3.36919,800.00000,805.74316,0.56395,0.46862,13.17061
3.37019,800.00000,805.74316,0.56397,0.46862,13.17010
3.37119,800.00000,805.74316,0.56400,0.46862,13.16960
3.37219,800.00000,805.74316,0.56402,0.46862,13.16910
3.37319,800.00000,805.74316,0.56404,0.46862,13.16860
3.37419,800.00000,805.74316,0.56406,0.46862,13.16810
3.37519,800.00000,805.74316,0.56408,0.46862,13.16760
3.37620,800.00000,805.74316,0.56410,0.46862,13.16711
3.37722,800.00000,805.74316,0.56412,0.46862,13.16661
3.37819,800.00000,805.74316,0.56415,0.46862,13.16612
3.37919,800.00000,815.25689,0.56417,0.46862,13.16563
3.38019,800.00000,815.25689,0.56419,0.46862,13.16514
3.38119,800.00000,805.74316,0.56421,0.46862,13.16466
3.38219,800.00000,815.25689,0.56423,0.46862,13.16417
3.38319,800.00000,815.25689,0.56425,0.46862,13.16369
3.38419,800.00000,807.91894,0.56427,0.46862,13.16321
3.38519,800.00000,815.25689,0.56429,0.46862,13.16274
3.38619,800.00000,807.91894,0.56431,0.46862,13.16227
3.38719,800.00000,815.25689,0.56433,0.46862,13.16180
3.38819,800.00000,815.25689,0.56435,0.46862,13.16134
3.38919,800.00000,807.91894,0.56437,0.46862,13.16088
3.39019,800.00000,807.91894,0.56439,0.46862,13.16043
3.39119,800.00000,829.57287,0.56441,0.46862,13.15998
3.39219,800.00000,829.57287,0.56443,0.46862,13.15953
3.39319,800.00000,814.51715,0.56445,0.46862,13.15909
3.39419,800.00000,825.75701,0.56447,0.46862,13.15864
3.39519,800.00000,825.75701,0.56448,0.46862,13.15821
3.39619,800.00000,818.97613,0.56450,0.46862,13.15777
3.39719,800.00000,818.97613,0.56452,0.46862,13.15734
3.39819,800.00000,818.97613,0.56454,0.46862,13.15691
3.39919,800.00000,818.97613,0.56456,0.46862,13.15649
3.40019,800.00000,820.47338,0.56458,0.46862,13.15607
3.40119,800.00000,818.97613,0.56459,0.46862,13.15566
3.40219,800.00000,818.97613,0.56461,0.46862,13.15525
3.40319,800.00000,818.97613,0.56463,0.46862,13.15485
3.40419,800.00000,818.97613,0.56465,0.46862,13.15445
3.40519,800.00000,818.97613,0.56466,0.46862,13.15406
3.40619,800.00000,820.47338,0.56468,0.46862,13.15367
3.40719,800.00000,820.47338,0.56470,0.46862,13.15329
3.40819,800.00000,820.47338,0.56471,0.46862,13.15291
3.40919,800.00000,820.47338,0.56473,0.46862,13.15254
3.41019,800.00000,810.83819,0.56474,0.46862,13.15218
3.41119,800.00000,810.10638,0.56476,0.46862,13.15181
3.41219,800.00000,810.83819,0.56477,0.46862,13.15146
3.41319,800.00000,810.83819,0.56479,0.46862,13.15111
3.41419,800.00000,810.83819,0.56480,0.46862,13.15076
3.41519,800.00000,817.48443,0.56482,0.46862,13.15042
3.41619,800.00000,810.83819,0.56483,0.46862,13.15008
3.41719,800.00000,810.83819,0.56485,0.46862,13.14975
3.41819,800.00000,810.83819,0.56486,0.46862,13.14942
3.41919,800.00000,810.83819,0.56488,0.46862,13.14910
3.42019,800.00000,805.02056,0.56489,0.46862,13.14878
3.42119,800.00000,805.02056,0.56490,0.46862,13.14847
3.42219,800.00000,817.48443,0.56492,0.46862,13.14816
3.42319,800.00000,817.48443,0.56493,0.46862,13.14786
3.42419,800.00000,805.02056,0.56494,0.46862,13.14757
3.42519,800.00000,817.48443,0.56495,0.46862,13.14727
3.42619,800.00000,818.22955,0.56497,0.46862,13.14698
3.42719,800.00000,818.22955,0.56498,0.46862,13.14670
3.42819,800.00000,808.64678,0.56499,0.46862,13.14643
3.42919,800.00000,811.57135,0.56500,0.46862,13.14616
3.43019,800.00000,811.57135,0.56501,0.46862,13.14589
3.43119,800.00000,811.57135,0.56502,0.46862,13.14564
3.43219,800.00000,818.97613,0.56504,0.46862,13.14539
3.43319,800.00000,817.48443,0.56505,0.46862,13.14515
3.43419,800.00000,811.57135,0.56506,0.46862,13.14491
3.43519,800.00000,811.57135,0.56507,0.46862,13.14468
3.43619,800.00000,811.57135,0.56508,0.46862,13.14445
3.43719,800.00000,811.57135,0.56508,0.46862,13.14423
3.43819,800.00000,811.57135,0.56509,0.46862,13.14402
3.43919,800.00000,813.04156,0.56510,0.46862,13.14381
3.44019,800.00000,813.04156,0.56511,0.46862,13.14360
3.44119,800.00000,813.04156,0.56512,0.46862,13.14341
3.44219,800.00000,817.48443,0.56513,0.46862,13.14322
3.44319,800.00000,813.04156,0.56514,0.46862,13.14303
3.44419,800.00000,813.04156,0.56514,0.46862,13.14286
3.44519,800.00000,813.04156,0.56515,0.46862,13.14269
3.44619,800.00000,813.04156,0.56516,0.46862,13.14253
3.44719,800.00000,807.19238,0.56516,0.46862,13.14238
3.44820,800.00000,807.19238,0.56517,0.46862,13.14223
3.44919,800.00000,817.48443,0.56518,0.46862,13.14209
3.45019,800.00000,817.48443,0.56518,0.46862,13.14196
3.45119,800.00000,807.19238,0.56519,0.46862,13.14184
3.45219,800.00000,817.48443,0.56519,0.46862,13.14172
3.45319,800.00000,807.19238,0.56520,0.46862,13.14161
3.45419,800.00000,807.19238,0.56520,0.46862,13.14151
3.45519,800.00000,802.86035,0.56521,0.46862,13.14141
3.45619,800.00000,807.19238,0.56521,0.46862,13.14132
3.45719,800.00000,821.22412,0.56521,0.46862,13.14123
3.45819,800.00000,827.27917,0.56522,0.46862,13.14115
3.45919,800.00000,821.22412,0.56522,0.46862,13.14108
3.46019,800.00000,817.48443,0.56522,0.46862,13.14103
3.46119,800.00000,817.48443,0.56522,0.46862,13.14097
3.46219,800.00000,817.48443,0.56523,0.46862,13.14093
3.46319,800.00000,809.37591,0.56523,0.46862,13.14089
3.46419,800.00000,817.48443,0.56523,0.46862,13.14087
3.46519,800.00000,817.48443,0.56523,0.46862,13.14085
3.46619,800.00000,821.22412,0.56523,0.46862,13.14084
3.46719,800.00000,822.72949,0.56523,0.46862,13.14084
3.46819,800.00000,817.48443,0.56523,0.46862,13.14084
3.46921,800.00000,817.48443,0.56523,0.46862,13.14085
3.47019,800.00000,817.48443,0.56523,0.46862,13.14087
3.47119,800.00000,822.72949,0.56523,0.46862,13.14090
3.47219,800.00000,822.72949,0.56523,0.46862,13.14094
3.47319,800.00000,822.72949,0.56522,0.46862,13.14098
3.47419,800.00000,822.72949,0.56522,0.46862,13.14103
3.47519,800.00000,822.72949,0.56522,0.46862,13.14109
3.47619,800.00000,822.72949,0.56522,0.46862,13.14115
3.47719,800.00000,822.72949,0.56521,0.46862,13.14123
3.47819,800.00000,815.25689,0.56521,0.46862,13.14130
3.47919,800.00000,822.72949,0.56521,0.46862,13.14139
3.48019,800.00000,825.75701,0.56520,0.46862,13.14149
3.48119,800.00000,825.75701,0.56520,0.46862,13.14159
3.48219,800.00000,827.27917,0.56519,0.46862,13.14170
3.48319,800.00000,827.27917,0.56519,0.46862,13.14181
3.48419,800.00000,827.27917,0.56518,0.46862,13.14193
3.48519,800.00000,825.75701,0.56518,0.46862,13.14206
3.48619,800.00000,825.75701,0.56517,0.46862,13.14220
3.48719,800.00000,825.75701,0.56517,0.46862,13.14234
3.48819,800.00000,820.47338,0.56516,0.46862,13.14249
3.48919,800.00000,825.75701,0.56515,0.46862,13.14264
3.49019,800.00000,827.27917,0.56515,0.46862,13.14281
3.49119,800.00000,820.47338,0.56514,0.46862,13.14297
3.49219,800.00000,815.25689,0.56513,0.46862,13.14315
3.49319,800.00000,815.25689,0.56512,0.46862,13.14333
3.49419,800.00000,815.25689,0.56512,0.46862,13.14351
3.49519,800.00000,820.47338,0.56511,0.46862,13.14371
3.49619,800.00000,820.47338,0.56510,0.46862,13.14391
3.49719,800.00000,820.47338,0.56509,0.46862,13.14411
3.49819,800.00000,821.22412,0.56508,0.46862,13.14433
3.49919,800.00000,821.22412,0.56507,0.46862,13.14455
3.50019,800.00000,821.22412,0.56506,0.46862,13.14477
3.50119,800.00000,815.99810,0.56505,0.46862,13.14500
3.50219,800.00000,815.99810,0.56504,0.46862,13.14524
3.50319,800.00000,815.99810,0.56503,0.46862,13.14549
3.50419,800.00000,815.99810,0.56502,0.46862,13.14574
3.50519,800.00000,812.30578,0.56501,0.46862,13.14599
3.50619,800.00000,812.30578,0.56500,0.46862,13.14625
3.50719,800.00000,815.99810,0.56499,0.46862,13.14652
3.50819,800.00000,817.48443,0.56497,0.46862,13.14679
3.50919,800.00000,805.02056,0.56496,0.46862,13.14707
3.51019,800.00000,807.19238,0.56495,0.46862,13.14735
3.51119,800.00000,807.19238,0.56494,0.46862,13.14764
3.51219,800.00000,813.77874,0.56493,0.46862,13.14793
3.51319,800.00000,813.77874,0.56491,0.46862,13.14822
3.51419,800.00000,817.48443,0.56490,0.46862,13.14852
3.51519,800.00000,817.48443,0.56489,0.46862,13.14882
3.51619,800.00000,817.48443,0.56487,0.46862,13.14913
3.51719,800.00000,815.25689,0.56486,0.46862,13.14944
3.51819,800.00000,813.77874,0.56485,0.46862,13.14975
3.51919,800.00000,807.19238,0.56483,0.46862,13.15006
3.52019,800.00000,813.77874,0.56482,0.46862,13.15038
3.52119,800.00000,813.77874,0.56481,0.46862,13.15070
3.52219,800.00000,815.25689,0.56479,0.46862,13.15102
3.52320,800.00000,808.64678,0.56478,0.46862,13.15135
3.52422,800.00000,814.51715,0.56476,0.46862,13.15168
3.52519,800.00000,808.64678,0.56475,0.46862,13.15201
3.52619,800.00000,808.64678,0.56474,0.46862,13.15235
3.52719,800.00000,806.46710,0.56472,0.46862,13.15268
3.52819,800.00000,808.64678,0.56471,0.46862,13.15302
3.52919,800.00000,808.64678,0.56469,0.46862,13.15336
3.53019,800.00000,813.77874,0.56468,0.46862,13.15370
3.53119,800.00000,813.77874,0.56466,0.46862,13.15404
3.53219,800.00000,813.77874,0.56465,0.46862,13.15438
3.53319,800.00000,813.77874,0.56463,0.46862,13.15472
3.53419,800.00000,813.77874,0.56462,0.46862,13.15505
3.53519,800.00000,813.77874,0.56461,0.46862,13.15539
3.53619,800.00000,813.77874,0.56459,0.46862,13.15573
3.53719,800.00000,813.77874,0.56458,0.46862,13.15606
3.53819,800.00000,815.25689,0.56456,0.46862,13.15640
3.53919,800.00000,815.25689,0.56455,0.46862,13.15673
3.54019,800.00000,815.25689,0.56453,0.46862,13.15706
3.54119,800.00000,815.99810,0.56452,0.46862,13.15739
3.54219,800.00000,815.25689,0.56451,0.46862,13.15771
3.54319,800.00000,815.99810,0.56449,0.46862,13.15804
3.54419,800.00000,815.25689,0.56448,0.46862,13.15836
3.54519,800.00000,815.99810,0.56446,0.46862,13.15868
3.54619,800.00000,815.99810,0.56445,0.46862,13.15900
3.54719,800.00000,815.99810,0.56444,0.46862,13.15931
3.54819,800.00000,815.99810,0.56442,0.46862,13.15962
3.54919,800.00000,820.47338,0.56441,0.46862,13.15993
3.55019,800.00000,820.47338,0.56440,0.46862,13.16023
3.55119,800.00000,820.47338,0.56438,0.46862,13.16053
3.55219,800.00000,815.99810,0.56437,0.46862,13.16083
3.55319,800.00000,815.99810,0.56436,0.46862,13.16112
3.55419,800.00000,815.99810,0.56435,0.46862,13.16142
3.55519,800.00000,820.47338,0.56433,0.46862,13.16170
3.55619,800.00000,820.47338,0.56432,0.46862,13.16199
3.55719,800.00000,820.47338,0.56431,0.46862,13.16227
3.55819,800.00000,820.47338,0.56430,0.46862,13.16255
3.55919,800.00000,820.47338,0.56429,0.46862,13.16283
3.56019,800.00000,821.22412,0.56427,0.46862,13.16310
3.56119,800.00000,820.47338,0.56426,0.46862,13.16337
3.56219,800.00000,820.47338,0.56425,0.46862,13.16364
3.56319,800.00000,820.47338,0.56424,0.46862,13.16391
3.56419,800.00000,821.22412,0.56423,0.46862,13.16417
3.56519,800.00000,821.97613,0.56422,0.46862,13.16442
3.56619,800.00000,821.97613,0.56421,0.46862,13.16467
3.56719,800.00000,821.97613,0.56420,0.46862,13.16492
3.56819,800.00000,821.97613,0.56419,0.46862,13.16516
3.56919,800.00000,821.97613,0.56418,0.46862,13.16540
3.57019,800.00000,821.97613,0.56417,0.46862,13.16563
3.57119,800.00000,813.77874,0.56416,0.46862,13.16586
3.57219,800.00000,813.77874,0.56415,0.46862,13.16609
3.57319,800.00000,813.77874,0.56414,0.46862,13.16631
3.57419,800.00000,813.77874,0.56413,0.46862,13.16652
3.57519,800.00000,813.04156,0.56412,0.46862,13.16674
3.57619,800.00000,813.04156,0.56411,0.46862,13.16695
3.57719,800.00000,813.04156,0.56410,0.46862,13.16715
3.57819,800.00000,813.04156,0.56409,0.46862,13.16736
3.57919,800.00000,813.04156,0.56408,0.46862,13.16756
3.58019,800.00000,804.29919,0.56408,0.46862,13.16776
3.58119,800.00000,813.04156,0.56407,0.46862,13.16796
3.58219,800.00000,804.29919,0.56406,0.46862,13.16815
3.58319,800.00000,813.04156,0.56405,0.46862,13.16835
3.58419,800.00000,813.04156,0.56404,0.46862,13.16854
3.58519,800.00000,818.22955,0.56403,0.46862,13.16873
3.58619,800.00000,818.22955,0.56403,0.46862,13.16892
3.58719,800.00000,811.57135,0.56402,0.46862,13.16910
3.58819,800.00000,804.29919,0.56401,0.46862,13.16928
3.58919,800.00000,804.29919,0.56400,0.46862,13.16946
3.59019,800.00000,806.46710,0.56399,0.46862,13.16963
3.59119,800.00000,811.57135,0.56399,0.46862,13.16981
3.59219,800.00000,811.57135,0.56398,0.46862,13.16998
3.59319,800.00000,818.22955,0.56397,0.46862,13.17015
3.59419,800.00000,818.22955,0.56397,0.46862,13.17032
3.59519,800.00000,818.22955,0.56396,0.46862,13.17048
3.59619,800.00000,819.72406,0.56395,0.46862,13.17064
3.59719,800.00000,819.72406,0.56394,0.46862,13.17080
3.59819,800.00000,819.72406,0.56394,0.46862,13.17096
3.59919,800.00000,823.48431,0.56393,0.46862,13.17112
3.60019,800.00000,823.48431,0.56392,0.46862,13.17127
3.60119,800.00000,823.48431,0.56392,0.46862,13.17142
3.60219,800.00000,819.72406,0.56391,0.46862,13.17157
3.60319,800.00000,817.48443,0.56391,0.46862,13.17171
3.60419,800.00000,817.48443,0.56390,0.46862,13.17185
3.60519,800.00000,817.48443,0.56389,0.46862,13.17198
3.60619,800.00000,817.48443,0.56389,0.46862,13.17211
3.60719,800.00000,815.25689,0.56388,0.46862,13.17224
3.60819,800.00000,809.37591,0.56388,0.46862,13.17236
3.60919,800.00000,817.48443,0.56387,0.46862,13.17248
3.61019,800.00000,817.48443,0.56387,0.46862,13.17259
3.61119,800.00000,817.48443,0.56386,0.46862,13.17270
3.61219,800.00000,820.47338,0.56386,0.46862,13.17281
3.61319,800.00000,820.47338,0.56385,0.46862,13.17292
3.61419,800.00000,820.47338,0.56385,0.46862,13.17302
3.61519,800.00000,812.30578,0.56385,0.46862,13.17311
3.61619,800.00000,807.19238,0.56384,0.46862,13.17321
3.61719,800.00000,804.29919,0.56384,0.46862,13.17330
3.61819,800.00000,812.30578,0.56383,0.46862,13.17339
3.61919,800.00000,820.47338,0.56383,0.46862,13.17347
3.62019,800.00000,812.30578,0.56383,0.46862,13.17355
3.62119,800.00000,812.30578,0.56382,0.46862,13.17362
3.62219,800.00000,812.30578,0.56382,0.46862,13.17369
3.62319,800.00000,812.30578,0.56382,0.46862,13.17376
3.62419,800.00000,812.30578,0.56382,0.46862,13.17383
3.62519,800.00000,813.04156,0.56381,0.46862,13.17389
3.62619,800.00000,813.04156,0.56381,0.46862,13.17394
3.62719,800.00000,815.99810,0.56381,0.46862,13.17400
3.62819,800.00000,820.47338,0.56381,0.46862,13.17405
3.62919,800.00000,815.99810,0.56380,0.46862,13.17410
3.63019,800.00000,815.99810,0.56380,0.46862,13.17414
3.63119,800.00000,815.99810,0.56380,0.46862,13.17418
3.63219,800.00000,815.99810,0.56380,0.46862,13.17422
3.63319,800.00000,813.04156,0.56380,0.46862,13.17426
3.63419,800.00000,810.83819,0.56380,0.46862,13.17429
3.63519,800.00000,811.57135,0.56379,0.46862,13.17433
3.63619,800.00000,810.83819,0.56379,0.46862,13.17436
3.63719,800.00000,811.57135,0.56379,0.46862,13.17439
3.63819,800.00000,802.86035,0.56379,0.46862,13.17442
3.63919,800.00000,802.86035,0.56379,0.46862,13.17445
3.64019,800.00000,806.46710,0.56379,0.46862,13.17448
3.64119,800.00000,806.46710,0.56379,0.46862,13.17450
3.64219,800.00000,806.46710,0.56379,0.46862,13.17453
3.64319,800.00000,806.46710,0.56378,0.46862,13.17455
3.64419,800.00000,811.57135,0.56378,0.46862,13.17458
3.64519,800.00000,814.51715,0.56378,0.46862,13.17460
3.64619,800.00000,814.51715,0.56378,0.46862,13.17463
3.64719,800.00000,820.47338,0.56378,0.46862,13.17466
3.64819,800.00000,814.51715,0.56378,0.46862,13.17469
3.64919,800.00000,821.22412,0.56378,0.46862,13.17472
3.65019,800.00000,821.22412,0.56378,0.46862,13.17475
3.65119,800.00000,825.75701,0.56377,0.46862,13.17478
3.65219,800.00000,825.75701,0.56377,0.46862,13.17481
3.65319,800.00000,821.22412,0.56377,0.46862,13.17485
3.65419,800.00000,825.75701,0.56377,0.46862,13.17488
3.65519,800.00000,821.22412,0.56377,0.46862,13.17492
3.65619,800.00000,821.22412,0.56377,0.46862,13.17496
3.65719,800.00000,821.22412,0.56377,0.46862,13.17500
3.65819,800.00000,813.77874,0.56376,0.46862,13.17504
3.65919,800.00000,818.97613,0.56376,0.46862,13.17509
3.66019,800.00000,818.97613,0.56376,0.46862,13.17514
3.66119,800.00000,818.97613,0.56376,0.46862,13.17519
3.66219,800.00000,818.97613,0.56375,0.46862,13.17524
3.66319,800.00000,818.97613,0.56375,0.46862,13.17530
3.66419,800.00000,818.97613,0.56375,0.46862,13.17536
3.66519,800.00000,818.97613,0.56375,0.46862,13.17542
3.66619,800.00000,818.97613,0.56374,0.46862,13.17548
3.66719,800.00000,818.97613,0.56374,0.46862,13.17555
3.66819,800.00000,818.97613,0.56374,0.46862,13.17562
3.66919,800.00000,818.97613,0.56374,0.46862,13.17568
3.67022,800.00000,818.97613,0.56373,0.46862,13.17576
3.67119,800.00000,818.97613,0.56373,0.46862,13.17583
3.67219,800.00000,819.72406,0.56373,0.46862,13.17590
3.67319,800.00000,815.25689,0.56372,0.46862,13.17598
3.67419,800.00000,815.25689,0.56372,0.46862,13.17606
3.67519,800.00000,815.25689,0.56372,0.46862,13.17615
3.67619,800.00000,819.72406,0.56371,0.46862,13.17624
3.67719,800.00000,819.72406,0.56371,0.46862,13.17634
3.67819,800.00000,819.72406,0.56370,0.46862,13.17643
3.67919,800.00000,819.72406,0.56370,0.46862,13.17654
3.68019,800.00000,819.72406,0.56369,0.46862,13.17664
3.68119,800.00000,815.25689,0.56369,0.46862,13.17675
3.68219,800.00000,815.25689,0.56369,0.46862,13.17686
3.68319,800.00000,813.77874,0.56368,0.46862,13.17698
3.68419,800.00000,813.77874,0.56368,0.46862,13.17710
3.68519,800.00000,815.25689,0.56367,0.46862,13.17722
3.68619,800.00000,815.25689,0.56366,0.46862,13.17735
3.68719,800.00000,813.77874,0.56366,0.46862,13.17748
3.68819,800.00000,815.25689,0.56365,0.46862,13.17761
3.68919,800.00000,815.25689,0.56365,0.46862,13.17774
3.69019,800.00000,821.22412,0.56364,0.46862,13.17788
3.69119,800.00000,821.22412,0.56364,0.46862,13.17803
3.69219,800.00000,826.51739,0.56363,0.46862,13.17817
3.69319,800.00000,821.22412,0.56362,0.46862,13.17832
3.69419,800.00000,821.22412,0.56362,0.46862,13.17848
3.69519,800.00000,821.22412,0.56361,0.46862,13.17863
3.69619,800.00000,816.74053,0.56360,0.46862,13.17879
3.69719,800.00000,816.74053,0.56360,0.46862,13.17895
3.69819,800.00000,816.74053,0.56359,0.46862,13.17912
3.69919,800.00000,810.10638,0.56358,0.46862,13.17928
3.70019,800.00000,809.37591,0.56357,0.46862,13.17946
3.70119,800.00000,809.37591,0.56357,0.46862,13.17963
3.70219,800.00000,807.91894,0.56356,0.46862,13.17981
3.70319,800.00000,807.91894,0.56355,0.46862,13.17999
3.70419,800.00000,807.91894,0.56354,0.46862,13.18017
3.70519,800.00000,806.46710,0.56354,0.46862,13.18036
3.70619,800.00000,807.91894,0.56353,0.46862,13.18055
3.70719,800.00000,810.10638,0.56352,0.46862,13.18074
3.70819,800.00000,813.04156,0.56351,0.46862,13.18093
3.70919,800.00000,813.77874,0.56350,0.46862,13.18112
3.71019,800.00000,813.77874,0.56350,0.46862,13.18131
3.71119,800.00000,820.47338,0.56349,0.46862,13.18150
3.71219,800.00000,820.47338,0.56348,0.46862,13.18170
3.71319,800.00000,820.47338,0.56347,0.46862,13.18189
3.71419,800.00000,813.77874,0.56346,0.46862,13.18209
3.71519,800.00000,820.47338,0.56345,0.46862,13.18229
3.71619,800.00000,820.47338,0.56345,0.46862,13.18249
3.71719,800.00000,820.47338,0.56344,0.46862,13.18268
3.71819,800.00000,820.47338,0.56343,0.46862,13.18288
3.71919,800.00000,823.48431,0.56342,0.46862,13.18308
3.72019,800.00000,820.47338,0.56341,0.46862,13.18328
3.72119,800.00000,820.47338,0.56340,0.46862,13.18348
3.72219,800.00000,823.48431,0.56339,0.46862,13.18368
3.72319,800.00000,815.99810,0.56339,0.46862,13.18388
3.72419,800.00000,815.99810,0.56338,0.46862,13.18409
3.72519,800.00000,823.48431,0.56337,0.46862,13.18429
3.72619,800.00000,823.48431,0.56336,0.46862,13.18449
3.72719,800.00000,823.48431,0.56335,0.46862,13.18470
3.72819,800.00000,823.48431,0.56334,0.46862,13.18491
3.72919,800.00000,815.99810,0.56333,0.46862,13.18511
3.73019,800.00000,815.99810,0.56332,0.46862,13.18532
3.73119,800.00000,815.99810,0.56332,0.46862,13.18552
3.73219,800.00000,812.30578,0.56331,0.46862,13.18573
3.73319,800.00000,807.19238,0.56330,0.46862,13.18593
3.73419,800.00000,812.30578,0.56329,0.46862,13.18613
3.73519,800.00000,812.30578,0.56328,0.46862,13.18633
3.73619,800.00000,812.30578,0.56327,0.46862,13.18652
3.73719,800.00000,812.30578,0.56326,0.46862,13.18672
3.73819,800.00000,808.64678,0.56326,0.46862,13.18691
3.73919,800.00000,808.64678,0.56325,0.46862,13.18710
3.74019,800.00000,812.30578,0.56324,0.46862,13.18729
3.74119,800.00000,808.64678,0.56323,0.46862,13.18748
3.74219,800.00000,812.30578,0.56322,0.46862,13.18767
3.74319,800.00000,812.30578,0.56322,0.46862,13.18785
3.74419,800.00000,812.30578,0.56321,0.46862,13.18804
3.74519,800.00000,808.64678,0.56320,0.46862,13.18822
3.74619,800.00000,812.30578,0.56319,0.46862,13.18840
3.74719,800.00000,812.30578,0.56318,0.46862,13.18859
3.74819,800.00000,808.64678,0.56318,0.46862,13.18877
3.74919,800.00000,812.30578,0.56317,0.46862,13.18894
3.75019,800.00000,818.22955,0.56316,0.46862,13.18912
3.75119,800.00000,812.30578,0.56315,0.46862,13.18930
3.75219,800.00000,821.22412,0.56315,0.46862,13.18947
3.75319,800.00000,821.22412,0.56314,0.46862,13.18965
3.75419,800.00000,821.22412,0.56313,0.46862,13.18982
3.75519,800.00000,821.22412,0.56312,0.46862,13.18999
3.75619,800.00000,821.22412,0.56312,0.46862,13.19015
3.75719,800.00000,818.97613,0.56311,0.46862,13.19032
3.75819,800.00000,818.97613,0.56310,0.46862,13.19047
3.75919,800.00000,818.97613,0.56310,0.46862,13.19063
3.76019,800.00000,816.74053,0.56309,0.46862,13.19078
3.76119,800.00000,816.74053,0.56308,0.46862,13.19093
3.76219,800.00000,818.97613,0.56308,0.46862,13.19108
3.76319,800.00000,818.97613,0.56307,0.46862,13.19122
3.76419,800.00000,816.74053,0.56307,0.46862,13.19137
3.76519,800.00000,816.74053,0.56306,0.46862,13.19150
3.76619,800.00000,816.74053,0.56305,0.46862,13.19164
3.76719,800.00000,814.51715,0.56305,0.46862,13.19177
3.76819,800.00000,814.51715,0.56304,0.46862,13.19190
3.76919,800.00000,803.57916,0.56304,0.46862,13.19202
3.77019,800.00000,803.57916,0.56303,0.46862,13.19214
3.77119,800.00000,814.51715,0.56303,0.46862,13.19225
3.77219,800.00000,806.46710,0.56302,0.46862,13.19236
3.77319,800.00000,806.46710,0.56302,0.46862,13.19247
3.77419,800.00000,806.46710,0.56301,0.46862,13.19257
3.77519,800.00000,814.51715,0.56301,0.46862,13.19267
3.77619,800.00000,810.83819,0.56301,0.46862,13.19276
3.77719,800.00000,814.51715,0.56300,0.46862,13.19285
3.77819,800.00000,815.99810,0.56300,0.46862,13.19293
3.77919,800.00000,817.48443,0.56300,0.46862,13.19301
3.78019,800.00000,817.48443,0.56299,0.46862,13.19309
3.78119,800.00000,817.48443,0.56299,0.46862,13.19316
3.78219,800.00000,815.99810,0.56299,0.46862,13.19323
3.78319,800.00000,815.99810,0.56298,0.46862,13.19329
3.78419,800.00000,817.48443,0.56298,0.46862,13.19335
3.78519,800.00000,815.99810,0.56298,0.46862,13.19340
3.78619,800.00000,811.57135,0.56298,0.46862,13.19345
3.78719,800.00000,811.57135,0.56297,0.46862,13.19350
3.78819,800.00000,810.83819,0.56297,0.46862,13.19354
3.78919,800.00000,810.83819,0.56297,0.46862,13.19358
3.79019,800.00000,810.83819,0.56297,0.46862,13.19362
3.79119,800.00000,810.83819,0.56297,0.46862,13.19366
3.79219,800.00000,804.29919,0.56297,0.46862,13.19369
3.79319,800.00000,804.29919,0.56297,0.46862,13.19372
3.79419,800.00000,804.29919,0.56296,0.46862,13.19375
3.79519,800.00000,802.86035,0.56296,0.46862,13.19378
3.79619,800.00000,804.29919,0.56296,0.46862,13.19381
3.79719,800.00000,802.86035,0.56296,0.46862,13.19383
3.79819,800.00000,804.29919,0.56296,0.46862,13.19385
3.79919,800.00000,807.91894,0.56296,0.46862,13.19387
3.80019,800.00000,807.91894,0.56296,0.46862,13.19389
3.80119,800.00000,814.51715,0.56296,0.46862,13.19391
3.80219,800.00000,807.91894,0.56296,0.46862,13.19392
3.80319,800.00000,814.51715,0.56296,0.46862,13.19393
3.80419,800.00000,808.64678,0.56296,0.46862,13.19394
3.80519,800.00000,809.37591,0.56296,0.46862,13.19395
3.80619,800.00000,809.37591,0.56296,0.46862,13.19396
3.80719,800.00000,809.37591,0.56295,0.46862,13.19396
3.80819,800.00000,809.37591,0.56295,0.46862,13.19397
3.80919,800.00000,809.37591,0.56295,0.46862,13.19397
3.81019,800.00000,809.37591,0.56295,0.46862,13.19398
3.81119,800.00000,809.37591,0.56295,0.46862,13.19398
3.81219,800.00000,808.64678,0.56295,0.46862,13.19398
3.81319,800.00000,808.64678,0.56295,0.46862,13.19398
3.81419,800.00000,806.46710,0.56295,0.46862,13.19398
3.81520,800.00000,806.46710,0.56295,0.46862,13.19398
3.81622,800.00000,806.46710,0.56295,0.46862,13.19398
3.81719,800.00000,806.46710,0.56295,0.46862,13.19398
3.81819,800.00000,806.46710,0.56295,0.46862,13.19397
3.81919,800.00000,806.46710,0.56295,0.46862,13.19397
3.82019,800.00000,806.46710,0.56295,0.46862,13.19396
3.82119,800.00000,806.46710,0.56296,0.46862,13.19396
3.82219,800.00000,806.46710,0.56296,0.46862,13.19395
3.82319,800.00000,806.46710,0.56296,0.46862,13.19394
3.82419,800.00000,806.46710,0.56296,0.46862,13.19393
3.82519,800.00000,806.46710,0.56296,0.46862,13.19392
3.82619,800.00000,806.46710,0.56296,0.46862,13.19391
3.82719,800.00000,805.02056,0.56296,0.46862,13.19390
3.82819,800.00000,805.02056,0.56296,0.46862,13.19388
3.82919,800.00000,805.02056,0.56296,0.46862,13.19386
3.83019,800.00000,805.02056,0.56296,0.46862,13.19384
3.83119,800.00000,805.02056,0.56296,0.46862,13.19382
3.83219,800.00000,803.57916,0.56296,0.46862,13.19380
3.83319,800.00000,805.02056,0.56296,0.46862,13.19377
3.83419,800.00000,805.02056,0.56296,0.46862,13.19375
3.83519,800.00000,813.04156,0.56297,0.46862,13.19372
3.83619,800.00000,813.04156,0.56297,0.46862,13.19369
3.83719,800.00000,799.28570,0.56297,0.46862,13.19366
3.83819,800.00000,817.48443,0.56297,0.46862,13.19363
3.83919,800.00000,817.48443,0.56297,0.46862,13.19359
3.84019,800.00000,818.22955,0.56297,0.46862,13.19356
3.84119,800.00000,818.22955,0.56297,0.46862,13.19352
3.84218,800.00000,827.27917,0.56298,0.46862,13.19348
3.84319,800.00000,827.27917,0.56298,0.46862,13.19344
3.84419,800.00000,818.22955,0.56298,0.46862,13.19339
3.84519,800.00000,818.22955,0.56298,0.46862,13.19335
3.84619,800.00000,816.74053,0.56298,0.46862,13.19331
3.84719,800.00000,816.74053,0.56298,0.46862,13.19327
3.84819,800.00000,816.74053,0.56299,0.46862,13.19323
3.84919,800.00000,815.99810,0.56299,0.46862,13.19319
3.85019,800.00000,815.99810,0.56299,0.46862,13.19316
3.85119,800.00000,815.99810,0.56299,0.46862,13.19312
3.85219,800.00000,815.99810,0.56299,0.46862,13.19308
3.85319,800.00000,815.99810,0.56299,0.46862,13.19304
3.85419,800.00000,811.57135,0.56300,0.46862,13.19300
3.85519,800.00000,811.57135,0.56300,0.46862,13.19297
3.85619,800.00000,815.99810,0.56300,0.46862,13.19293
3.85719,800.00000,811.57135,0.56300,0.46862,13.19290
3.85819,800.00000,821.97613,0.56300,0.46862,13.19286
3.85919,800.00000,821.97613,0.56300,0.46862,13.19283
3.86019,800.00000,821.97613,0.56300,0.46862,13.19280
3.86119,800.00000,819.72406,0.56301,0.46862,13.19277
3.86219,800.00000,819.72406,0.56301,0.46862,13.19274
3.86319,800.00000,810.83819,0.56301,0.46862,13.19272
3.86419,800.00000,810.83819,0.56301,0.46862,13.19270
3.86519,800.00000,811.57135,0.56301,0.46862,13.19268
3.86619,800.00000,819.72406,0.56301,0.46862,13.19266
3.86719,800.00000,819.72406,0.56301,0.46862,13.19264
3.86819,800.00000,819.72406,0.56301,0.46862,13.19263
3.86919,800.00000,819.72406,0.56301,0.46862,13.19262
3.87019,800.00000,819.72406,0.56301,0.46862,13.19262
3.87119,800.00000,819.72406,0.56301,0.46862,13.19261
3.87219,800.00000,819.72406,0.56301,0.46862,13.19261
3.87319,800.00000,811.57135,0.56301,0.46862,13.19261
3.87419,800.00000,812.30578,0.56301,0.46862,13.19262
3.87519,800.00000,811.57135,0.56301,0.46862,13.19263
3.87619,800.00000,811.57135,0.56301,0.46862,13.19264
3.87719,800.00000,803.57916,0.56301,0.46862,13.19266
3.87819,800.00000,803.57916,0.56301,0.46862,13.19269
3.87919,800.00000,811.57135,0.56301,0.46862,13.19272
3.88019,800.00000,811.57135,0.56301,0.46862,13.19275
3.88119,800.00000,811.57135,0.56301,0.46862,13.19278
3.88218,800.00000,811.57135,0.56300,0.46862,13.19282
3.88319,800.00000,803.57916,0.56300,0.46862,13.19286
3.88419,800.00000,812.30578,0.56300,0.46862,13.19291
3.88519,800.00000,806.46710,0.56300,0.46862,13.19297
3.88619,800.00000,806.46710,0.56299,0.46862,13.19303
3.88719,800.00000,814.51715,0.56299,0.46862,13.19309
3.88819,800.00000,818.97613,0.56299,0.46862,13.19316
3.88919,800.00000,814.51715,0.56299,0.46862,13.19324
3.89019,800.00000,811.57135,0.56298,0.46862,13.19332
3.89119,800.00000,811.57135,0.56298,0.46862,13.19340
3.89219,800.00000,821.22412,0.56297,0.46862,13.19349
3.89319,800.00000,821.22412,0.56297,0.46862,13.19359
3.89419,800.00000,821.22412,0.56297,0.46862,13.19369
3.89519,800.00000,815.99810,0.56296,0.46862,13.19380
3.89619,800.00000,820.47338,0.56296,0.46862,13.19391
3.89719,800.00000,820.47338,0.56295,0.46862,13.19402
3.89819,800.00000,818.97613,0.56295,0.46862,13.19414
3.89919,800.00000,815.99810,0.56294,0.46862,13.19426
3.90019,800.00000,815.99810,0.56294,0.46862,13.19439
3.90119,800.00000,815.99810,0.56293,0.46862,13.19452
3.90219,800.00000,815.99810,0.56293,0.46862,13.19466
3.90319,800.00000,815.99810,0.56292,0.46862,13.19480
3.90419,800.00000,815.99810,0.56291,0.46862,13.19495
3.90519,800.00000,818.97613,0.56291,0.46862,13.19510
3.90619,800.00000,818.97613,0.56290,0.46862,13.19525
3.90719,800.00000,818.97613,0.56289,0.46862,13.19540
3.90819,800.00000,819.72406,0.56289,0.46862,13.19556
3.90919,800.00000,819.72406,0.56288,0.46862,13.19571
3.91019,800.00000,820.47338,0.56287,0.46862,13.19587
3.91119,800.00000,820.47338,0.56287,0.46862,13.19603
3.91219,800.00000,822.72949,0.56286,0.46862,13.19620
3.91319,800.00000,822.72949,0.56285,0.46862,13.19637
3.91419,800.00000,822.72949,0.56285,0.46862,13.19653
3.91519,800.00000,820.47338,0.56284,0.46862,13.19671
3.91619,800.00000,819.72406,0.56283,0.46862,13.19688
3.91719,800.00000,819.72406,0.56282,0.46862,13.19706
3.91819,800.00000,820.47338,0.56282,0.46862,13.19724
3.91919,800.00000,820.47338,0.56281,0.46862,13.19742
3.92019,800.00000,820.47338,0.56280,0.46862,13.19760
3.92119,800.00000,820.47338,0.56279,0.46862,13.19779
3.92219,800.00000,820.47338,0.56278,0.46862,13.19797
3.92319,800.00000,820.47338,0.56278,0.46862,13.19816
3.92419,800.00000,820.47338,0.56277,0.46862,13.19836
3.92519,800.00000,820.47338,0.56276,0.46862,13.19855
3.92619,800.00000,819.72406,0.56275,0.46862,13.19875
3.92719,800.00000,820.47338,0.56274,0.46862,13.19895
3.92819,800.00000,820.47338,0.56273,0.46862,13.19915
3.92919,800.00000,820.47338,0.56273,0.46862,13.19935
3.93019,800.00000,819.72406,0.56272,0.46862,13.19956
3.93119,800.00000,810.10638,0.56271,0.46862,13.19977
3.93219,800.00000,803.57916,0.56270,0.46862,13.19999
3.93319,800.00000,803.57916,0.56269,0.46862,13.20021
3.93419,800.00000,804.29919,0.56268,0.46862,13.20044
3.93519,800.00000,804.29919,0.56267,0.46862,13.20067
3.93619,800.00000,813.77874,0.56266,0.46862,13.20090
3.93719,800.00000,806.46710,0.56265,0.46862,13.20113
3.93819,800.00000,804.29919,0.56264,0.46862,13.20137
3.93919,800.00000,799.99810,0.56263,0.46862,13.20161
3.94019,800.00000,804.29919,0.56262,0.46862,13.20186
3.94119,800.00000,806.46710,0.56261,0.46862,13.20211
3.94219,800.00000,807.91894,0.56260,0.46862,13.20236
3.94319,800.00000,807.91894,0.56259,0.46862,13.20262
3.94419,800.00000,807.91894,0.56258,0.46862,13.20287
3.94519,800.00000,807.91894,0.56256,0.46862,13.20313
3.94619,800.00000,807.91894,0.56255,0.46862,13.20340
3.94719,800.00000,806.46710,0.56254,0.46862,13.20367
3.94819,800.00000,805.74316,0.56253,0.46862,13.20394
3.94919,800.00000,807.91894,0.56252,0.46862,13.20421
3.95019,800.00000,809.37591,0.56251,0.46862,13.20448
3.95119,800.00000,816.74053,0.56249,0.46862,13.20476
3.95219,800.00000,809.37591,0.56248,0.46862,13.20504
3.95319,800.00000,809.37591,0.56247,0.46862,13.20533
3.95419,800.00000,809.37591,0.56246,0.46862,13.20562
3.95519,800.00000,809.37591,0.56245,0.46862,13.20591
3.95619,800.00000,818.22955,0.56243,0.46862,13.20620
3.95719,800.00000,809.37591,0.56242,0.46862,13.20649
3.95819,800.00000,816.74053,0.56241,0.46862,13.20679
3.95919,800.00000,818.22955,0.56240,0.46862,13.20708
3.96019,800.00000,819.72406,0.56238,0.46862,13.20738
3.96119,800.00000,819.72406,0.56237,0.46862,13.20768
3.96220,800.00000,823.48431,0.56236,0.46862,13.20797
3.96322,800.00000,824.24047,0.56235,0.46862,13.20827
3.96419,800.00000,825.75701,0.56233,0.46862,13.20857
3.96519,800.00000,825.75701,0.56232,0.46862,13.20887
3.96619,800.00000,825.75701,0.56231,0.46862,13.20917
3.96719,800.00000,825.75701,0.56229,0.46862,13.20947
3.96819,800.00000,825.75701,0.56228,0.46862,13.20977
3.96919,800.00000,825.75701,0.56227,0.46862,13.21008
3.97019,800.00000,825.75701,0.56226,0.46862,13.21038
3.97119,800.00000,824.24047,0.56224,0.46862,13.21068
3.97219,800.00000,824.24047,0.56223,0.46862,13.21099
3.97319,800.00000,824.24047,0.56222,0.46862,13.21130
3.97419,800.00000,820.47338,0.56220,0.46862,13.21161
3.97519,800.00000,802.86035,0.56219,0.46862,13.21192
3.97619,800.00000,802.86035,0.56218,0.46862,13.21223
3.97719,800.00000,803.57916,0.56216,0.46862,13.21255
3.97819,800.00000,802.86035,0.56215,0.46862,13.21287
3.97919,800.00000,802.86035,0.56214,0.46862,13.21319
3.98019,800.00000,802.86035,0.56212,0.46862,13.21351
3.98119,800.00000,803.57916,0.56211,0.46862,13.21383
3.98219,800.00000,803.57916,0.56209,0.46862,13.21416
3.98319,800.00000,804.29919,0.56208,0.46862,13.21449
3.98419,800.00000,804.29919,0.56207,0.46862,13.21482
3.98519,800.00000,804.29919,0.56205,0.46862,13.21516
3.98619,800.00000,804.29919,0.56204,0.46862,13.21549
3.98719,800.00000,804.29919,0.56202,0.46862,13.21583
3.98819,800.00000,818.97613,0.56201,0.46862,13.21617
3.98919,800.00000,819.72406,0.56199,0.46862,13.21651
3.99019,800.00000,819.72406,0.56198,0.46862,13.21685
3.99119,800.00000,819.72406,0.56197,0.46862,13.21719
3.99219,800.00000,818.97613,0.56195,0.46862,13.21754
3.99319,800.00000,819.72406,0.56194,0.46862,13.21789
3.99419,800.00000,823.48431,0.56192,0.46862,13.21824
3.99519,800.00000,823.48431,0.56191,0.46862,13.21859
3.99619,800.00000,819.72406,0.56189,0.46862,13.21895
3.99719,800.00000,819.72406,0.56188,0.46862,13.21930
3.99819,800.00000,819.72406,0.56186,0.46862,13.21966
3.99919,800.00000,811.57135,0.56185,0.46862,13.22002
4.00019,800.00000,811.57135,0.56183,0.46862,13.22038
4.00119,800.00000,810.83819,0.56181,0.46862,13.22075
4.00219,800.00000,811.57135,0.56180,0.46862,13.22111
4.00319,800.00000,811.57135,0.56178,0.46862,13.22148
4.00419,800.00000,811.57135,0.56177,0.46862,13.22184
4.00519,800.00000,811.57135,0.56175,0.46862,13.22221
4.00619,800.00000,811.57135,0.56174,0.46862,13.22257
4.00719,800.00000,811.57135,0.56172,0.46862,13.22293
4.00819,800.00000,805.02056,0.56171,0.46862,13.22330
4.00919,800.00000,812.30578,0.56169,0.46862,13.22366
4.01019,800.00000,812.30578,0.56168,0.46862,13.22402
4.01119,800.00000,812.30578,0.56166,0.46862,13.22439
4.01219,800.00000,812.30578,0.56164,0.46862,13.22475
4.01319,800.00000,812.30578,0.56163,0.46862,13.22511
4.01419,800.00000,812.30578,0.56161,0.46862,13.22547
4.01519,800.00000,812.30578,0.56160,0.46862,13.22583
4.01619,800.00000,805.74316,0.56158,0.46862,13.22619
4.01719,800.00000,805.74316,0.56157,0.46862,13.22654
4.01819,800.00000,805.74316,0.56155,0.46862,13.22690
4.01919,800.00000,812.30578,0.56154,0.46862,13.22725
4.02019,800.00000,817.48443,0.56152,0.46862,13.22759
4.02119,800.00000,831.87939,0.56151,0.46862,13.22794
4.02219,800.00000,821.22412,0.56149,0.46862,13.22828
4.02319,800.00000,821.22412,0.56148,0.46862,13.22862
4.02419,800.00000,817.48443,0.56147,0.46862,13.22896
4.02519,800.00000,817.48443,0.56145,0.46862,13.22930
4.02619,800.00000,813.77874,0.56144,0.46862,13.22963
4.02719,800.00000,813.77874,0.56142,0.46862,13.22997
4.02819,800.00000,813.77874,0.56141,0.46862,13.23030
4.02919,800.00000,815.25689,0.56139,0.46862,13.23062
4.03019,800.00000,813.77874,0.56138,0.46862,13.23095
4.03119,800.00000,812.30578,0.56137,0.46862,13.23127
4.03219,800.00000,812.30578,0.56135,0.46862,13.23159
4.03319,800.00000,810.10638,0.56134,0.46862,13.23191
4.03419,800.00000,810.10638,0.56133,0.46862,13.23222
4.03519,800.00000,805.02056,0.56131,0.46862,13.23254
4.03619,800.00000,805.02056,0.56130,0.46862,13.23285
4.03719,800.00000,805.02056,0.56129,0.46862,13.23316
4.03819,800.00000,805.02056,0.56127,0.46862,13.23346
4.03919,800.00000,810.10638,0.56126,0.46862,13.23377
4.04019,800.00000,810.10638,0.56125,0.46862,13.23407
4.04119,800.00000,810.10638,0.56124,0.46862,13.23437
4.04219,800.00000,813.04156,0.56122,0.46862,13.23466
4.04319,800.00000,805.02056,0.56121,0.46862,13.23496
4.04419,800.00000,821.22412,0.56120,0.46862,13.23525
4.04519,800.00000,821.22412,0.56119,0.46862,13.23554
4.04619,800.00000,821.22412,0.56117,0.46862,13.23583
4.04719,800.00000,821.22412,0.56116,0.46862,13.23612
4.04819,800.00000,821.22412,0.56115,0.46862,13.23640
4.04919,800.00000,821.22412,0.56114,0.46862,13.23669
4.05019,800.00000,814.51715,0.56113,0.46862,13.23698
4.05119,800.00000,814.51715,0.56111,0.46862,13.23726
4.05219,800.00000,814.51715,0.56110,0.46862,13.23755
4.05319,800.00000,814.51715,0.56109,0.46862,13.23783
4.05419,800.00000,814.51715,0.56108,0.46862,13.23812
4.05519,800.00000,814.51715,0.56106,0.46862,13.23841
4.05619,800.00000,814.51715,0.56105,0.46862,13.23869
4.05719,800.00000,814.51715,0.56104,0.46862,13.23898
4.05819,800.00000,814.51715,0.56103,0.46862,13.23927
4.05919,800.00000,814.51715,0.56102,0.46862,13.23956
4.06019,800.00000,814.51715,0.56100,0.46862,13.23985
4.06119,800.00000,814.51715,0.56099,0.46862,13.24014
4.06219,800.00000,805.74316,0.56098,0.46862,13.24044
4.06319,800.00000,813.77874,0.56097,0.46862,13.24073
4.06419,800.00000,813.77874,0.56095,0.46862,13.24103
4.06519,800.00000,805.74316,0.56094,0.46862,13.24132
4.06619,800.00000,813.77874,0.56093,0.46862,13.24162
4.06719,800.00000,813.77874,0.56092,0.46862,13.24192
4.06819,800.00000,813.77874,0.56090,0.46862,13.24222
4.06919,800.00000,805.74316,0.56089,0.46862,13.24253
4.07019,800.00000,813.77874,0.56088,0.46862,13.24284
4.07119,800.00000,805.74316,0.56086,0.46862,13.24315
4.07219,800.00000,805.74316,0.56085,0.46862,13.24346
4.07319,800.00000,813.77874,0.56084,0.46862,13.24378
4.07419,800.00000,815.25689,0.56082,0.46862,13.24410
4.07519,800.00000,815.25689,0.56081,0.46862,13.24442
4.07619,800.00000,815.25689,0.56080,0.46862,13.24475
4.07719,800.00000,815.25689,0.56078,0.46862,13.24507
4.07819,800.00000,815.25689,0.56077,0.46862,13.24540
4.07919,800.00000,815.25689,0.56075,0.46862,13.24574
4.08019,800.00000,815.25689,0.56074,0.46862,13.24607
4.08119,800.00000,813.77874,0.56073,0.46862,13.24641
4.08219,800.00000,814.51715,0.56071,0.46862,13.24675
4.08319,800.00000,815.25689,0.56070,0.46862,13.24710
4.08419,800.00000,815.25689,0.56068,0.46862,13.24745
4.08519,800.00000,815.25689,0.56067,0.46862,13.24780
4.08619,800.00000,814.51715,0.56065,0.46862,13.24816
4.08719,800.00000,813.77874,0.56064,0.46862,13.24852
4.08819,800.00000,814.51715,0.56062,0.46862,13.24889
4.08919,800.00000,814.51715,0.56061,0.46862,13.24926
4.09019,800.00000,814.51715,0.56059,0.46862,13.24964
4.09119,800.00000,814.51715,0.56057,0.46862,13.25001
4.09219,800.00000,815.25689,0.56056,0.46862,13.25040
4.09319,800.00000,824.99804,0.56054,0.46862,13.25078
4.09419,800.00000,815.25689,0.56052,0.46862,13.25117
4.09519,800.00000,806.46710,0.56051,0.46862,13.25157
4.09619,800.00000,806.46710,0.56049,0.46862,13.25196
4.09719,800.00000,810.10638,0.56047,0.46862,13.25236
4.09819,800.00000,810.10638,0.56046,0.46862,13.25277
4.09919,800.00000,807.19238,0.56044,0.46862,13.25318
4.10019,800.00000,807.19238,0.56042,0.46862,13.25359
4.10119,800.00000,807.19238,0.56040,0.46862,13.25401
4.10219,800.00000,807.19238,0.56039,0.46862,13.25443
4.10319,800.00000,807.19238,0.56037,0.46862,13.25486
4.10419,800.00000,806.46710,0.56035,0.46862,13.25529
4.10519,800.00000,807.19238,0.56033,0.46862,13.25572
4.10619,800.00000,810.10638,0.56031,0.46862,13.25616
4.10719,800.00000,810.10638,0.56030,0.46862,13.25660
4.10820,800.00000,807.19238,0.56028,0.46862,13.25704
4.10926,800.00000,811.57135,0.56026,0.46862,13.25749
4.11020,800.00000,811.57135,0.56024,0.46862,13.25794
4.11123,800.00000,811.57135,0.56022,0.46862,13.25840
4.11220,800.00000,811.57135,0.56020,0.46862,13.25886
4.11323,800.00000,811.57135,0.56018,0.46862,13.25932
4.11420,800.00000,802.86035,0.56016,0.46862,13.25978
4.11527,800.00000,811.57135,0.56014,0.46862,13.26025
4.11620,800.00000,815.99810,0.56012,0.46862,13.26072
4.11723,800.00000,812.30578,0.56010,0.46862,13.26119
4.11819,800.00000,802.86035,0.56008,0.46862,13.26166
4.11919,800.00000,802.86035,0.56006,0.46862,13.26213
4.12019,800.00000,802.86035,0.56004,0.46862,13.26261
4.12119,800.00000,802.86035,0.56002,0.46862,13.26308
4.12219,800.00000,812.30578,0.56000,0.46862,13.26356
4.12319,800.00000,814.51715,0.55998,0.46862,13.26404
4.12419,800.00000,817.48443,0.55996,0.46862,13.26451
4.12519,800.00000,817.48443,0.55994,0.46862,13.26499
4.12619,800.00000,814.51715,0.55992,0.46862,13.26547
4.12719,800.00000,813.04156,0.55990,0.46862,13.26595
4.12819,800.00000,813.04156,0.55988,0.46862,13.26643
4.12919,800.00000,814.51715,0.55986,0.46862,13.26691
4.13019,800.00000,814.51715,0.55984,0.46862,13.26740
4.13119,800.00000,814.51715,0.55982,0.46862,13.26789
4.13219,800.00000,813.04156,0.55980,0.46862,13.26838
4.13319,800.00000,804.29919,0.55978,0.46862,13.26887
4.13419,800.00000,799.99810,0.55976,0.46862,13.26937
4.13519,800.00000,798.57464,0.55973,0.46862,13.26986
4.13619,800.00000,799.99810,0.55971,0.46862,13.27036
4.13719,800.00000,804.29919,0.55969,0.46862,13.27087
4.13819,800.00000,804.29919,0.55967,0.46862,13.27137
4.13919,800.00000,804.29919,0.55965,0.46862,13.27188
4.14019,800.00000,804.29919,0.55963,0.46862,13.27239
4.14119,800.00000,804.29919,0.55961,0.46862,13.27290
4.14219,800.00000,808.64678,0.55959,0.46862,13.27341
4.14319,800.00000,820.47338,0.55956,0.46862,13.27393
4.14419,800.00000,820.47338,0.55954,0.46862,13.27444
4.14519,800.00000,820.47338,0.55952,0.46862,13.27496
4.14619,800.00000,820.47338,0.55950,0.46862,13.27548
4.14719,800.00000,808.64678,0.55948,0.46862,13.27600
4.14819,800.00000,807.19238,0.55945,0.46862,13.27652
4.14919,800.00000,799.28570,0.55943,0.46862,13.27705
4.15019,800.00000,799.28570,0.55941,0.46862,13.27758
4.15119,800.00000,807.19238,0.55939,0.46862,13.27811
4.15219,800.00000,807.19238,0.55937,0.46862,13.27864
4.15319,800.00000,807.19238,0.55934,0.46862,13.27917
4.15419,800.00000,799.28570,0.55932,0.46862,13.27971
4.15519,800.00000,807.19238,0.55930,0.46862,13.28024
4.15619,800.00000,807.91894,0.55927,0.46862,13.28078
4.15719,800.00000,807.91894,0.55925,0.46862,13.28132
4.15819,800.00000,818.97613,0.55923,0.46862,13.28186
4.15919,800.00000,818.97613,0.55921,0.46862,13.28240
4.16019,800.00000,818.97613,0.55918,0.46862,13.28293
4.16119,800.00000,819.72406,0.55916,0.46862,13.28347
4.16219,800.00000,818.97613,0.55914,0.46862,13.28401
4.16319,800.00000,807.91894,0.55912,0.46862,13.28454
4.16419,800.00000,819.72406,0.55909,0.46862,13.28508
4.16519,800.00000,819.72406,0.55907,0.46862,13.28561
4.16619,800.00000,819.72406,0.55905,0.46862,13.28615
4.16719,800.00000,802.14288,0.55903,0.46862,13.28668
4.16819,800.00000,810.83819,0.55900,0.46862,13.28722
4.16919,800.00000,810.83819,0.55898,0.46862,13.28775
4.17019,800.00000,810.83819,0.55896,0.46862,13.28828
4.17119,800.00000,811.57135,0.55894,0.46862,13.28882
4.17219,800.00000,810.83819,0.55891,0.46862,13.28935
4.17319,800.00000,811.57135,0.55889,0.46862,13.28987
4.17419,800.00000,811.57135,0.55887,0.46862,13.29040
4.17519,800.00000,810.83819,0.55885,0.46862,13.29092
4.17619,800.00000,810.83819,0.55883,0.46862,13.29144
4.17719,800.00000,810.83819,0.55880,0.46862,13.29196
4.17819,800.00000,811.57135,0.55878,0.46862,13.29247
4.17919,800.00000,811.57135,0.55876,0.46862,13.29298
4.18019,800.00000,811.57135,0.55874,0.46862,13.29349
4.18119,800.00000,818.22955,0.55872,0.46862,13.29399
4.18219,800.00000,818.22955,0.55870,0.46862,13.29450
4.18320,800.00000,818.97613,0.55868,0.46862,13.29500
4.18419,800.00000,818.22955,0.55866,0.46862,13.29550
4.18519,800.00000,818.22955,0.55863,0.46862,13.29599
4.18619,800.00000,818.22955,0.55861,0.46862,13.29649
4.18719,800.00000,818.22955,0.55859,0.46862,13.29698
4.18819,800.00000,818.22955,0.55857,0.46862,13.29746
4.18919,800.00000,817.48443,0.55855,0.46862,13.29795
4.19019,800.00000,817.48443,0.55853,0.46862,13.29843
4.19119,800.00000,817.48443,0.55851,0.46862,13.29891
4.19219,800.00000,817.48443,0.55849,0.46862,13.29939
4.19319,800.00000,802.86035,0.55847,0.46862,13.29986
4.19419,800.00000,802.86035,0.55845,0.46862,13.30033
4.19519,800.00000,801.42669,0.55843,0.46862,13.30080
4.19619,800.00000,802.86035,0.55841,0.46862,13.30126
4.19719,800.00000,801.42669,0.55839,0.46862,13.30172
4.19819,800.00000,802.86035,0.55838,0.46862,13.30218
4.19919,800.00000,802.14288,0.55836,0.46862,13.30263
4.20019,800.00000,802.14288,0.55834,0.46862,13.30308
4.20119,800.00000,802.86035,0.55832,0.46862,13.30352
4.20219,800.00000,805.74316,0.55830,0.46862,13.30396
4.20319,800.00000,802.86035,0.55828,0.46862,13.30439
4.20419,800.00000,802.86035,0.55826,0.46862,13.30482
4.20519,800.00000,805.74316,0.55825,0.46862,13.30525
4.20619,800.00000,805.74316,0.55823,0.46862,13.30566
4.20719,800.00000,805.74316,0.55821,0.46862,13.30608
4.20819,800.00000,805.74316,0.55819,0.46862,13.30649
4.20919,800.00000,810.83819,0.55818,0.46862,13.30689
4.21019,800.00000,810.83819,0.55816,0.46862,13.30729
4.21119,800.00000,810.83819,0.55814,0.46862,13.30769
4.21219,800.00000,802.86035,0.55813,0.46862,13.30808
4.21319,800.00000,802.86035,0.55811,0.46862,13.30847
4.21419,800.00000,802.86035,0.55810,0.46862,13.30885
4.21519,800.00000,818.97613,0.55808,0.46862,13.30923
4.21619,800.00000,803.57916,0.55806,0.46862,13.30960
4.21719,800.00000,803.57916,0.55805,0.46862,13.30998
4.21819,800.00000,802.86035,0.55803,0.46862,13.31034
4.21919,800.00000,803.57916,0.55802,0.46862,13.31071
4.22019,800.00000,803.57916,0.55800,0.46862,13.31107
4.22119,800.00000,802.86035,0.55799,0.46862,13.31142
4.22219,800.00000,803.57916,0.55797,0.46862,13.31177
4.22319,800.00000,812.30578,0.55796,0.46862,13.31212
4.22419,800.00000,803.57916,0.55794,0.46862,13.31246
4.22519,800.00000,812.30578,0.55793,0.46862,13.31280
4.22619,800.00000,812.30578,0.55792,0.46862,13.31314
4.22719,800.00000,812.30578,0.55790,0.46862,13.31347
4.22819,800.00000,812.30578,0.55789,0.46862,13.31380
4.22919,800.00000,812.30578,0.55787,0.46862,13.31412
4.23019,800.00000,812.30578,0.55786,0.46862,13.31445
4.23119,800.00000,814.51715,0.55785,0.46862,13.31476
4.23219,800.00000,814.51715,0.55783,0.46862,13.31508
4.23319,800.00000,814.51715,0.55782,0.46862,13.31538
4.23419,800.00000,805.74316,0.55781,0.46862,13.31569
4.23519,800.00000,814.51715,0.55780,0.46862,13.31599
4.23619,800.00000,805.74316,0.55778,0.46862,13.31628
4.23719,800.00000,802.14288,0.55777,0.46862,13.31657
4.23819,800.00000,805.74316,0.55776,0.46862,13.31685
4.23919,800.00000,805.74316,0.55775,0.46862,13.31713
4.24019,800.00000,805.74316,0.55774,0.46862,13.31740
4.24119,800.00000,817.48443,0.55773,0.46862,13.31766
4.24219,800.00000,805.74316,0.55771,0.46862,13.31793
4.24319,800.00000,805.74316,0.55770,0.46862,13.31818
4.24419,800.00000,803.57916,0.55769,0.46862,13.31843
4.24519,800.00000,803.57916,0.55768,0.46862,13.31868
4.24619,800.00000,803.57916,0.55767,0.46862,13.31892
4.24719,800.00000,803.57916,0.55766,0.46862,13.31916
4.24819,800.00000,803.57916,0.55765,0.46862,13.31939
4.24919,800.00000,803.57916,0.55764,0.46862,13.31961
4.25019,800.00000,803.57916,0.55764,0.46862,13.31983
4.25119,800.00000,810.83819,0.55763,0.46862,13.32004
4.25219,800.00000,803.57916,0.55762,0.46862,13.32025
4.25319,800.00000,810.83819,0.55761,0.46862,13.32045
4.25419,800.00000,810.83819,0.55760,0.46862,13.32064
4.25522,800.00000,810.83819,0.55759,0.46862,13.32083
4.25619,800.00000,808.64678,0.55759,0.46862,13.32102
4.25719,800.00000,801.42669,0.55758,0.46862,13.32120
4.25819,800.00000,807.19238,0.55757,0.46862,13.32138
4.25919,800.00000,807.19238,0.55756,0.46862,13.32155
4.26019,800.00000,807.19238,0.55756,0.46862,13.32171
4.26119,800.00000,807.19238,0.55755,0.46862,13.32187
4.26219,800.00000,802.86035,0.55754,0.46862,13.32202
4.26319,800.00000,802.86035,0.55754,0.46862,13.32217
4.26419,800.00000,801.42669,0.55753,0.46862,13.32230
4.26519,800.00000,799.28570,0.55753,0.46862,13.32243
4.26619,800.00000,800.71173,0.55752,0.46862,13.32256
4.26719,800.00000,800.71173,0.55752,0.46862,13.32268
4.26819,800.00000,800.71173,0.55751,0.46862,13.32279
4.26919,800.00000,800.71173,0.55751,0.46862,13.32290
4.27019,800.00000,800.71173,0.55750,0.46862,13.32300
4.27119,800.00000,800.71173,0.55750,0.46862,13.32310
4.27219,800.00000,800.71173,0.55749,0.46862,13.32319
4.27319,800.00000,800.71173,0.55749,0.46862,13.32327
4.27419,800.00000,805.02056,0.55749,0.46862,13.32335
4.27519,800.00000,813.77874,0.55748,0.46862,13.32343
4.27619,800.00000,813.77874,0.55748,0.46862,13.32349
4.27719,800.00000,813.77874,0.55748,0.46862,13.32355
4.27819,800.00000,813.77874,0.55748,0.46862,13.32361
4.27919,800.00000,813.77874,0.55747,0.46862,13.32366
4.28019,800.00000,813.77874,0.55747,0.46862,13.32370
4.28119,800.00000,813.77874,0.55747,0.46862,13.32374
4.28219,800.00000,813.77874,0.55747,0.46862,13.32378
4.28319,800.00000,818.22955,0.55747,0.46862,13.32381
4.28419,800.00000,813.77874,0.55747,0.46862,13.32383
4.28519,800.00000,810.10638,0.55747,0.46862,13.32385
4.28619,800.00000,810.10638,0.55747,0.46862,13.32386
4.28719,800.00000,810.10638,0.55747,0.46862,13.32387
4.28819,800.00000,810.10638,0.55747,0.46862,13.32387
4.28919,800.00000,822.72949,0.55747,0.46862,13.32387
4.29019,800.00000,822.72949,0.55747,0.46862,13.32386
4.29119,800.00000,810.10638,0.55747,0.46862,13.32384
4.29219,800.00000,799.99810,0.55747,0.46862,13.32382
4.29319,800.00000,810.10638,0.55747,0.46862,13.32380
4.29419,800.00000,799.99810,0.55747,0.46862,13.32377
4.29519,800.00000,798.57464,0.55747,0.46862,13.32374
4.29619,800.00000,799.99810,0.55747,0.46862,13.32371
4.29719,800.00000,799.99810,0.55747,0.46862,13.32367
4.29819,800.00000,799.99810,0.55748,0.46862,13.32362
4.29919,800.00000,799.99810,0.55748,0.46862,13.32357
4.30019,800.00000,801.42669,0.55748,0.46862,13.32351
4.30119,800.00000,801.42669,0.55748,0.46862,13.32345
4.30219,800.00000,802.14288,0.55749,0.46862,13.32339
4.30319,800.00000,805.02056,0.55749,0.46862,13.32332
4.30419,800.00000,802.14288,0.55749,0.46862,13.32324
4.30519,800.00000,802.14288,0.55750,0.46862,13.32316
4.30619,800.00000,802.14288,0.55750,0.46862,13.32307
4.30719,800.00000,802.14288,0.55750,0.46862,13.32298
4.30819,800.00000,802.14288,0.55751,0.46862,13.32288
4.30919,800.00000,801.42669,0.55751,0.46862,13.32277
4.31019,800.00000,805.02056,0.55752,0.46862,13.32266
4.31119,800.00000,809.37591,0.55752,0.46862,13.32254
4.31219,800.00000,805.02056,0.55753,0.46862,13.32242
4.31319,800.00000,802.14288,0.55753,0.46862,13.32230
4.31419,800.00000,801.42669,0.55754,0.46862,13.32217
4.31519,800.00000,802.14288,0.55754,0.46862,13.32203
4.31619,800.00000,807.19238,0.55755,0.46862,13.32188
4.31719,800.00000,815.99810,0.55756,0.46862,13.32173
4.31819,800.00000,815.99810,0.55756,0.46862,13.32158
4.31919,800.00000,811.57135,0.55757,0.46862,13.32142
4.32019,800.00000,811.57135,0.55758,0.46862,13.32126
4.32119,800.00000,811.57135,0.55758,0.46862,13.32110
4.32219,800.00000,807.19238,0.55759,0.46862,13.32093
4.32319,800.00000,807.19238,0.55760,0.46862,13.32076
4.32419,800.00000,811.57135,0.55760,0.46862,13.32059
4.32519,800.00000,811.57135,0.55761,0.46862,13.32041
4.32619,800.00000,811.57135,0.55762,0.46862,13.32023
4.32719,800.00000,820.47338,0.55763,0.46862,13.32005
4.32819,800.00000,811.57135,0.55763,0.46862,13.31986
4.32919,800.00000,811.57135,0.55764,0.46862,13.31967
4.33019,800.00000,807.19238,0.55765,0.46862,13.31948
4.33119,800.00000,822.72949,0.55766,0.46862,13.31928
4.33219,800.00000,807.19238,0.55767,0.46862,13.31908
4.33319,800.00000,807.19238,0.55767,0.46862,13.31888
4.33419,800.00000,822.72949,0.55768,0.46862,13.31868
4.33519,800.00000,802.14288,0.55769,0.46862,13.31848
4.33619,800.00000,802.14288,0.55770,0.46862,13.31828
4.33719,800.00000,802.14288,0.55771,0.46862,13.31808
4.33819,800.00000,802.14288,0.55772,0.46862,13.31787
4.33919,800.00000,799.28570,0.55773,0.46862,13.31766
4.34019,800.00000,802.14288,0.55773,0.46862,13.31745
4.34119,800.00000,802.14288,0.55774,0.46862,13.31724
4.34219,800.00000,801.42669,0.55775,0.46862,13.31703
4.34319,800.00000,799.99810,0.55776,0.46862,13.31681
4.34419,800.00000,801.42669,0.55777,0.46862,13.31659
4.34519,800.00000,801.42669,0.55778,0.46862,13.31637
4.34619,800.00000,801.42669,0.55779,0.46862,13.31615
4.34719,800.00000,801.42669,0.55780,0.46862,13.31593
4.34819,800.00000,801.42669,0.55781,0.46862,13.31571
4.34919,800.00000,801.42669,0.55782,0.46862,13.31548
4.35019,800.00000,801.42669,0.55783,0.46862,13.31525
4.35119,800.00000,801.42669,0.55784,0.46862,13.31502
4.35219,800.00000,801.42669,0.55785,0.46862,13.31479
4.35319,800.00000,802.14288,0.55786,0.46862,13.31456
4.35419,800.00000,802.14288,0.55787,0.46862,13.31433
4.35519,800.00000,802.14288,0.55787,0.46862,13.31410
4.35619,800.00000,802.14288,0.55788,0.46862,13.31387
4.35719,800.00000,803.57916,0.55789,0.46862,13.31364
4.35819,800.00000,803.57916,0.55790,0.46862,13.31341
4.35919,800.00000,802.14288,0.55791,0.46862,13.31318
4.36019,800.00000,803.57916,0.55792,0.46862,13.31295
4.36119,800.00000,803.57916,0.55793,0.46862,13.31271
4.36219,800.00000,803.57916,0.55794,0.46862,13.31248
4.36319,800.00000,803.57916,0.55795,0.46862,13.31224
4.36419,800.00000,803.57916,0.55796,0.46862,13.31200
4.36519,800.00000,804.29919,0.55797,0.46862,13.31176
4.36619,800.00000,804.29919,0.55798,0.46862,13.31153
4.36719,800.00000,804.29919,0.55799,0.46862,13.31129
4.36819,800.00000,804.29919,0.55800,0.46862,13.31105
4.36919,800.00000,804.29919,0.55801,0.46862,13.31081
4.37019,800.00000,804.29919,0.55802,0.46862,13.31057
4.37119,800.00000,810.83819,0.55803,0.46862,13.31033
4.37219,800.00000,810.83819,0.55804,0.46862,13.31009
4.37319,800.00000,810.10638,0.55805,0.46862,13.30984
4.37419,800.00000,818.97613,0.55806,0.46862,13.30960
4.37519,800.00000,810.10638,0.55807,0.46862,13.30936
4.37619,800.00000,808.64678,0.55808,0.46862,13.30912
4.37719,800.00000,810.10638,0.55809,0.46862,13.30888
4.37819,800.00000,810.10638,0.55810,0.46862,13.30864
4.37919,800.00000,810.10638,0.55811,0.46862,13.30840
4.38019,800.00000,808.64678,0.55812,0.46862,13.30816
4.38119,800.00000,810.10638,0.55813,0.46862,13.30792
4.38219,800.00000,810.10638,0.55814,0.46862,13.30769
4.38319,800.00000,808.64678,0.55815,0.46862,13.30745
4.38419,800.00000,810.10638,0.55816,0.46862,13.30722
4.38519,800.00000,808.64678,0.55817,0.46862,13.30700
4.38619,800.00000,806.46710,0.55818,0.46862,13.30677
4.38719,800.00000,804.29919,0.55819,0.46862,13.30654
4.38819,800.00000,804.29919,0.55820,0.46862,13.30632
4.38919,800.00000,804.29919,0.55821,0.46862,13.30609
4.39019,800.00000,804.29919,0.55822,0.46862,13.30587
4.39119,800.00000,810.10638,0.55823,0.46862,13.30565
4.39219,800.00000,810.10638,0.55824,0.46862,13.30543
4.39319,800.00000,809.37591,0.55825,0.46862,13.30521
4.39419,800.00000,809.37591,0.55826,0.46862,13.30499
4.39519,800.00000,809.37591,0.55827,0.46862,13.30477
4.39619,800.00000,809.37591,0.55828,0.46862,13.30456
4.39719,800.00000,809.37591,0.55828,0.46862,13.30435
4.39819,800.00000,809.37591,0.55829,0.46862,13.30415
4.39919,800.00000,809.37591,0.55830,0.46862,13.30394
4.40020,800.00000,809.37591,0.55831,0.46862,13.30374
4.40122,800.00000,809.37591,0.55832,0.46862,13.30355
4.40219,800.00000,809.37591,0.55833,0.46862,13.30335
4.40319,800.00000,807.91894,0.55833,0.46862,13.30316
4.40419,800.00000,802.86035,0.55834,0.46862,13.30297
4.40519,800.00000,802.86035,0.55835,0.46862,13.30279
4.40619,800.00000,802.86035,0.55836,0.46862,13.30261
4.40719,800.00000,805.74316,0.55836,0.46862,13.30243
4.40819,800.00000,805.74316,0.55837,0.46862,13.30225
4.40919,800.00000,805.74316,0.55838,0.46862,13.30208
4.41019,800.00000,806.46710,0.55839,0.46862,13.30191
4.41119,800.00000,805.74316,0.55839,0.46862,13.30175
4.41219,800.00000,805.74316,0.55840,0.46862,13.30158
4.41319,800.00000,801.42669,0.55841,0.46862,13.30142
4.41419,800.00000,805.74316,0.55841,0.46862,13.30126
4.41519,800.00000,805.74316,0.55842,0.46862,13.30111
4.41619,800.00000,806.46710,0.55843,0.46862,13.30096
4.41719,800.00000,806.46710,0.55843,0.46862,13.30081
4.41819,800.00000,801.42669,0.55844,0.46862,13.30066
4.41919,800.00000,798.57464,0.55844,0.46862,13.30052
4.42019,800.00000,801.42669,0.55845,0.46862,13.30038
4.42119,800.00000,801.42669,0.55846,0.46862,13.30024
4.42219,800.00000,802.86035,0.55846,0.46862,13.30010
4.42319,800.00000,805.74316,0.55847,0.46862,13.29996
4.42419,800.00000,805.74316,0.55847,0.46862,13.29983
4.42519,800.00000,805.74316,0.55848,0.46862,13.29969
4.42619,800.00000,810.83819,0.55849,0.46862,13.29956
4.42719,800.00000,810.83819,0.55849,0.46862,13.29943
4.42819,800.00000,805.74316,0.55850,0.46862,13.29929
4.42919,800.00000,805.74316,0.55850,0.46862,13.29916
4.43019,800.00000,810.83819,0.55851,0.46862,13.29903
4.43119,800.00000,810.10638,0.55851,0.46862,13.29890
4.43219,800.00000,805.74316,0.55852,0.46862,13.29878
4.43319,800.00000,810.10638,0.55852,0.46862,13.29865
4.43419,800.00000,810.10638,0.55853,0.46862,13.29852
4.43519,800.00000,810.10638,0.55853,0.46862,13.29840
4.43619,800.00000,810.10638,0.55854,0.46862,13.29827
4.43719,800.00000,810.10638,0.55854,0.46862,13.29815
4.43819,800.00000,810.10638,0.55855,0.46862,13.29803
4.43919,800.00000,810.10638,0.55855,0.46862,13.29791
4.44019,800.00000,811.57135,0.55856,0.46862,13.29780
4.44119,800.00000,810.10638,0.55856,0.46862,13.29768
4.44219,800.00000,805.74316,0.55857,0.46862,13.29757
4.44319,800.00000,805.74316,0.55857,0.46862,13.29746
4.44419,800.00000,805.02056,0.55858,0.46862,13.29735
4.44519,800.00000,805.02056,0.55858,0.46862,13.29725
4.44619,800.00000,805.74316,0.55859,0.46862,13.29715
4.44719,800.00000,805.74316,0.55859,0.46862,13.29705
4.44819,800.00000,805.74316,0.55859,0.46862,13.29695
4.44919,800.00000,805.74316,0.55860,0.46862,13.29686
4.45019,800.00000,805.74316,0.55860,0.46862,13.29677
4.45119,800.00000,805.74316,0.55861,0.46862,13.29668
4.45219,800.00000,805.02056,0.55861,0.46862,13.29659
4.45319,800.00000,805.02056,0.55861,0.46862,13.29650
4.45419,800.00000,805.74316,0.55862,0.46862,13.29642
4.45519,800.00000,805.74316,0.55862,0.46862,13.29634
4.45619,800.00000,806.46710,0.55862,0.46862,13.29626
4.45719,800.00000,806.46710,0.55863,0.46862,13.29619
4.45819,800.00000,805.74316,0.55863,0.46862,13.29612
4.45919,800.00000,805.74316,0.55863,0.46862,13.29605
4.46019,800.00000,799.99810,0.55864,0.46862,13.29598
4.46119,800.00000,802.14288,0.55864,0.46862,13.29591
4.46219,800.00000,802.14288,0.55864,0.46862,13.29585
4.46319,800.00000,802.14288,0.55864,0.46862,13.29579
4.46419,800.00000,805.74316,0.55865,0.46862,13.29573
4.46519,800.00000,802.14288,0.55865,0.46862,13.29568
4.46619,800.00000,802.14288,0.55865,0.46862,13.29562
4.46719,800.00000,803.57916,0.55865,0.46862,13.29557
4.46819,800.00000,803.57916,0.55865,0.46862,13.29552
4.46919,800.00000,803.57916,0.55866,0.46862,13.29547
4.47019,800.00000,803.57916,0.55866,0.46862,13.29542
4.47119,800.00000,803.57916,0.55866,0.46862,13.29538
4.47219,800.00000,803.57916,0.55866,0.46862,13.29533
4.47319,800.00000,803.57916,0.55866,0.46862,13.29529
4.47419,800.00000,803.57916,0.55867,0.46862,13.29525
4.47519,800.00000,803.57916,0.55867,0.46862,13.29521
4.47619,800.00000,803.57916,0.55867,0.46862,13.29517
4.47719,800.00000,803.57916,0.55867,0.46862,13.29513
4.47819,800.00000,811.57135,0.55867,0.46862,13.29509
4.47919,800.00000,811.57135,0.55867,0.46862,13.29504
4.48019,800.00000,822.72949,0.55868,0.46862,13.29500
4.48119,800.00000,822.72949,0.55868,0.46862,13.29496
4.48219,800.00000,824.99804,0.55868,0.46862,13.29492
4.48319,800.00000,822.72949,0.55868,0.46862,13.29488
4.48419,800.00000,822.72949,0.55868,0.46862,13.29484
4.48519,800.00000,802.14288,0.55868,0.46862,13.29480
4.48619,800.00000,802.14288,0.55869,0.46862,13.29476
4.48719,800.00000,799.28570,0.55869,0.46862,13.29472
4.48819,800.00000,802.14288,0.55869,0.46862,13.29468
4.48919,800.00000,802.14288,0.55869,0.46862,13.29465
4.49019,800.00000,802.14288,0.55869,0.46862,13.29461
4.49119,800.00000,799.28570,0.55869,0.46862,13.29457
4.49219,800.00000,802.14288,0.55870,0.46862,13.29453
4.49319,800.00000,799.28570,0.55870,0.46862,13.29450
4.49419,800.00000,801.42669,0.55870,0.46862,13.29446
4.49519,800.00000,802.14288,0.55870,0.46862,13.29442
4.49619,800.00000,802.14288,0.55870,0.46862,13.29438
4.49719,800.00000,801.42669,0.55870,0.46862,13.29435
4.49819,800.00000,824.24047,0.55871,0.46862,13.29431
4.49919,800.00000,804.29919,0.55871,0.46862,13.29427
4.50019,800.00000,804.29919,0.55871,0.46862,13.29423
4.50119,800.00000,804.29919,0.55871,0.46862,13.29418
4.50219,800.00000,815.99810,0.55871,0.46862,13.29414
4.50319,800.00000,810.10638,0.55871,0.46862,13.29409
4.50419,800.00000,810.10638,0.55872,0.46862,13.29404
4.50519,800.00000,810.10638,0.55872,0.46862,13.29399
4.50619,800.00000,810.10638,0.55872,0.46862,13.29394
4.50719,800.00000,804.29919,0.55872,0.46862,13.29389
4.50819,800.00000,810.10638,0.55873,0.46862,13.29383
4.50919,800.00000,804.29919,0.55873,0.46862,13.29377
4.51019,800.00000,810.10638,0.55873,0.46862,13.29371
4.51119,800.00000,810.10638,0.55873,0.46862,13.29364
4.51219,800.00000,810.10638,0.55874,0.46862,13.29357
4.51319,800.00000,804.29919,0.55874,0.46862,13.29350
4.51419,800.00000,802.14288,0.55874,0.46862,13.29343
4.51519,800.00000,802.86035,0.55875,0.46862,13.29335
4.51619,800.00000,802.86035,0.55875,0.46862,13.29327
4.51719,800.00000,804.29919,0.55875,0.46862,13.29318
4.51819,800.00000,804.29919,0.55876,0.46862,13.29310
4.51919,800.00000,804.29919,0.55876,0.46862,13.29301
4.52019,800.00000,804.29919,0.55876,0.46862,13.29291
4.52119,800.00000,802.86035,0.55877,0.46862,13.29282
4.52219,800.00000,802.86035,0.55877,0.46862,13.29272
4.52321,800.00000,802.86035,0.55878,0.46862,13.29262
4.52419,800.00000,802.86035,0.55878,0.46862,13.29251
4.52519,800.00000,806.46710,0.55879,0.46862,13.29240
4.52619,800.00000,806.46710,0.55879,0.46862,13.29228
4.52719,800.00000,808.64678,0.55880,0.46862,13.29216
4.52819,800.00000,806.46710,0.55880,0.46862,13.29203
4.52919,800.00000,806.46710,0.55881,0.46862,13.29191
4.53019,800.00000,806.46710,0.55881,0.46862,13.29177
4.53119,800.00000,806.46710,0.55882,0.46862,13.29163
4.53219,800.00000,806.46710,0.55882,0.46862,13.29149
4.53319,800.00000,806.46710,0.55883,0.46862,13.29134
4.53419,800.00000,808.64678,0.55884,0.46862,13.29119
4.53519,800.00000,808.64678,0.55884,0.46862,13.29103
4.53619,800.00000,808.64678,0.55885,0.46862,13.29087
4.53719,800.00000,808.64678,0.55886,0.46862,13.29071
4.53819,800.00000,806.46710,0.55886,0.46862,13.29054
4.53919,800.00000,808.64678,0.55887,0.46862,13.29037
4.54019,800.00000,808.64678,0.55888,0.46862,13.29019
4.54119,800.00000,808.64678,0.55889,0.46862,13.29001
4.54219,800.00000,808.64678,0.55889,0.46862,13.28982
4.54319,800.00000,807.91894,0.55890,0.46862,13.28963
4.54419,800.00000,806.46710,0.55891,0.46862,13.28944
4.54519,800.00000,806.46710,0.55892,0.46862,13.28924
4.54619,800.00000,806.46710,0.55893,0.46862,13.28904
4.54720,800.00000,806.46710,0.55894,0.46862,13.28884
4.54822,800.00000,806.46710,0.55894,0.46862,13.28863
4.54919,800.00000,806.46710,0.55895,0.46862,13.28842
4.55019,800.00000,806.46710,0.55896,0.46862,13.28821
4.55119,800.00000,806.46710,0.55897,0.46862,13.28800
4.55219,800.00000,806.46710,0.55898,0.46862,13.28778
4.55319,800.00000,801.42669,0.55899,0.46862,13.28756
4.55419,800.00000,806.46710,0.55900,0.46862,13.28735
4.55519,800.00000,805.02056,0.55901,0.46862,13.28713
4.55619,800.00000,805.02056,0.55902,0.46862,13.28691
4.55719,800.00000,805.02056,0.55903,0.46862,13.28669
4.55819,800.00000,805.02056,0.55904,0.46862,13.28647
4.55919,800.00000,807.91894,0.55904,0.46862,13.28625
4.56019,800.00000,810.83819,0.55905,0.46862,13.28602
4.56119,800.00000,805.02056,0.55906,0.46862,13.28580
4.56219,800.00000,805.02056,0.55907,0.46862,13.28557
4.56319,800.00000,805.02056,0.55908,0.46862,13.28535
4.56419,800.00000,805.02056,0.55909,0.46862,13.28512
4.56519,800.00000,805.02056,0.55910,0.46862,13.28489
4.56619,800.00000,805.02056,0.55911,0.46862,13.28466
4.56719,800.00000,802.86035,0.55912,0.46862,13.28443
4.56819,800.00000,802.86035,0.55913,0.46862,13.28420
4.56919,800.00000,810.83819,0.55914,0.46862,13.28397
4.57019,800.00000,802.14288,0.55915,0.46862,13.28374
4.57119,800.00000,802.14288,0.55916,0.46862,13.28351
4.57219,800.00000,813.04156,0.55917,0.46862,13.28328
4.57319,800.00000,813.04156,0.55918,0.46862,13.28305
4.57419,800.00000,813.04156,0.55919,0.46862,13.28282
4.57519,800.00000,822.72949,0.55920,0.46862,13.28260
4.57619,800.00000,822.72949,0.55921,0.46862,13.28237
4.57719,800.00000,813.04156,0.55922,0.46862,13.28214
4.57819,800.00000,813.04156,0.55923,0.46862,13.28192
4.57919,800.00000,809.37591,0.55924,0.46862,13.28169
4.58019,800.00000,809.37591,0.55925,0.46862,13.28147
4.58119,800.00000,810.83819,0.55926,0.46862,13.28125
4.58219,800.00000,809.37591,0.55926,0.46862,13.28103
4.58319,800.00000,809.37591,0.55927,0.46862,13.28081
4.58419,800.00000,809.37591,0.55928,0.46862,13.28059
4.58519,800.00000,799.99810,0.55929,0.46862,13.28037
4.58619,800.00000,799.99810,0.55930,0.46862,13.28015
4.58719,800.00000,799.99810,0.55931,0.46862,13.27993
4.58819,800.00000,799.99810,0.55932,0.46862,13.27971
4.58919,800.00000,799.28570,0.55933,0.46862,13.27949
4.59019,800.00000,810.10638,0.55934,0.46862,13.27927
4.59119,800.00000,799.28570,0.55935,0.46862,13.27905
4.59219,800.00000,797.86480,0.55936,0.46862,13.27883
4.59319,800.00000,799.28570,0.55937,0.46862,13.27861
4.59419,800.00000,799.28570,0.55938,0.46862,13.27839
4.59519,800.00000,799.28570,0.55938,0.46862,13.27818
4.59619,800.00000,806.46710,0.55939,0.46862,13.27796
4.59719,800.00000,806.46710,0.55940,0.46862,13.27774
4.59819,800.00000,804.29919,0.55941,0.46862,13.27752
4.59919,800.00000,804.29919,0.55942,0.46862,13.27730
4.60019,800.00000,806.46710,0.55943,0.46862,13.27708
4.60119,800.00000,805.02056,0.55944,0.46862,13.27686
4.60219,800.00000,806.46710,0.55945,0.46862,13.27664
4.60319,800.00000,806.46710,0.55946,0.46862,13.27642
4.60419,800.00000,806.46710,0.55947,0.46862,13.27620
4.60519,800.00000,806.46710,0.55948,0.46862,13.27598
4.60619,800.00000,805.02056,0.55949,0.46862,13.27576
4.60719,800.00000,805.02056,0.55950,0.46862,13.27554
4.60819,800.00000,811.57135,0.55950,0.46862,13.27533
4.60919,800.00000,813.77874,0.55951,0.46862,13.27512
4.61019,800.00000,813.77874,0.55952,0.46862,13.27490
4.61119,800.00000,813.77874,0.55953,0.46862,13.27469
4.61219,800.00000,818.22955,0.55954,0.46862,13.27448
4.61319,800.00000,813.77874,0.55955,0.46862,13.27427
4.61419,800.00000,813.77874,0.55956,0.46862,13.27406
4.61519,800.00000,813.77874,0.55957,0.46862,13.27385
4.61619,800.00000,813.77874,0.55958,0.46862,13.27363
4.61719,800.00000,815.25689,0.55959,0.46862,13.27342
4.61819,800.00000,815.25689,0.55959,0.46862,13.27320
4.61919,800.00000,804.29919,0.55960,0.46862,13.27298
4.62019,800.00000,797.86480,0.55961,0.46862,13.27275
4.62119,800.00000,797.86480,0.55962,0.46862,13.27253
4.62219,800.00000,804.29919,0.55963,0.46862,13.27231
4.62319,800.00000,797.86480,0.55964,0.46862,13.27209
4.62419,800.00000,797.86480,0.55965,0.46862,13.27187
4.62519,800.00000,804.29919,0.55966,0.46862,13.27165
4.62619,800.00000,815.25689,0.55967,0.46862,13.27143
4.62719,800.00000,815.99810,0.55968,0.46862,13.27121
4.62819,800.00000,808.64678,0.55969,0.46862,13.27098
4.62919,800.00000,808.64678,0.55970,0.46862,13.27075
4.63019,800.00000,808.64678,0.55971,0.46862,13.27052
4.63119,800.00000,815.99810,0.55972,0.46862,13.27029
4.63219,800.00000,818.97613,0.55973,0.46862,13.27006
4.63319,800.00000,815.99810,0.55974,0.46862,13.26982
4.63419,800.00000,815.99810,0.55975,0.46862,13.26958
4.63519,800.00000,815.99810,0.55976,0.46862,13.26933
4.63619,800.00000,813.04156,0.55977,0.46862,13.26908
4.63719,800.00000,813.04156,0.55978,0.46862,13.26883
4.63819,800.00000,813.04156,0.55979,0.46862,13.26858
4.63919,800.00000,813.04156,0.55980,0.46862,13.26833
4.64019,800.00000,821.22412,0.55981,0.46862,13.26807
4.64119,800.00000,821.22412,0.55982,0.46862,13.26781
4.64218,800.00000,813.04156,0.55983,0.46862,13.26755
4.64318,800.00000,813.04156,0.55984,0.46862,13.26728
4.64419,800.00000,813.04156,0.55985,0.46862,13.26702
4.64519,800.00000,813.04156,0.55987,0.46862,13.26675
4.64619,800.00000,821.22412,0.55988,0.46862,13.26648
4.64719,800.00000,822.72949,0.55989,0.46862,13.26620
4.64819,800.00000,821.22412,0.55990,0.46862,13.26593
4.64919,800.00000,803.57916,0.55991,0.46862,13.26565
4.65019,800.00000,813.04156,0.55992,0.46862,13.26537
4.65119,800.00000,802.86035,0.55994,0.46862,13.26509
4.65219,800.00000,802.86035,0.55995,0.46862,13.26481
4.65319,800.00000,804.29919,0.55996,0.46862,13.26452
4.65419,800.00000,804.29919,0.55997,0.46862,13.26423
4.65519,800.00000,804.29919,0.55998,0.46862,13.26394
4.65619,800.00000,804.29919,0.56000,0.46862,13.26365
4.65719,800.00000,802.86035,0.56001,0.46862,13.26336
4.65819,800.00000,802.86035,0.56002,0.46862,13.26307
4.65919,800.00000,802.86035,0.56003,0.46862,13.26277
4.66019,800.00000,802.86035,0.56005,0.46862,13.26247
4.66119,800.00000,800.71173,0.56006,0.46862,13.26217
4.66219,800.00000,802.86035,0.56007,0.46862,13.26186
4.66319,800.00000,802.86035,0.56009,0.46862,13.26155
4.66419,800.00000,802.86035,0.56010,0.46862,13.26124
4.66519,800.00000,802.86035,0.56011,0.46862,13.26093
4.66619,800.00000,800.71173,0.56013,0.46862,13.26061
4.66719,800.00000,802.86035,0.56014,0.46862,13.26029
4.66819,800.00000,802.86035,0.56015,0.46862,13.25996
4.66919,800.00000,802.86035,0.56017,0.46862,13.25963
4.67019,800.00000,799.28570,0.56018,0.46862,13.25930
4.67119,800.00000,802.86035,0.56020,0.46862,13.25896
4.67219,800.00000,807.19238,0.56021,0.46862,13.25863
4.67319,800.00000,807.19238,0.56022,0.46862,13.25829
4.67419,800.00000,807.19238,0.56024,0.46862,13.25794
4.67519,800.00000,807.19238,0.56025,0.46862,13.25760
4.67619,800.00000,807.19238,0.56027,0.46862,13.25726
4.67719,800.00000,807.19238,0.56028,0.46862,13.25691
4.67819,800.00000,807.19238,0.56030,0.46862,13.25657
4.67919,800.00000,806.46710,0.56031,0.46862,13.25622
4.68019,800.00000,807.19238,0.56033,0.46862,13.25587
4.68119,800.00000,813.77874,0.56034,0.46862,13.25553
4.68219,800.00000,813.77874,0.56036,0.46862,13.25518
4.68319,800.00000,813.77874,0.56037,0.46862,13.25482
4.68419,800.00000,813.77874,0.56038,0.46862,13.25447
4.68519,800.00000,815.25689,0.56040,0.46862,13.25412
4.68619,800.00000,815.25689,0.56041,0.46862,13.25376
4.68719,800.00000,806.46710,0.56043,0.46862,13.25340
4.68819,800.00000,806.46710,0.56045,0.46862,13.25305
4.68919,800.00000,815.25689,0.56046,0.46862,13.25269
4.69019,800.00000,826.51739,0.56048,0.46862,13.25234
4.69119,800.00000,815.25689,0.56049,0.46862,13.25199
4.69219,800.00000,802.86035,0.56050,0.46862,13.25164
4.69322,800.00000,802.86035,0.56052,0.46862,13.25129
4.69422,800.00000,821.97613,0.56053,0.46862,13.25094
4.69519,800.00000,821.97613,0.56055,0.46862,13.25059
4.69619,800.00000,803.57916,0.56056,0.46862,13.25024
4.69719,800.00000,803.57916,0.56058,0.46862,13.24989
4.69819,800.00000,813.77874,0.56059,0.46862,13.24955
4.69919,800.00000,813.77874,0.56061,0.46862,13.24920
4.70019,800.00000,813.77874,0.56062,0.46862,13.24886
4.70119,800.00000,803.57916,0.56064,0.46862,13.24852
4.70219,800.00000,803.57916,0.56065,0.46862,13.24818
4.70319,800.00000,813.77874,0.56067,0.46862,13.24783
4.70419,800.00000,813.77874,0.56068,0.46862,13.24750
4.70519,800.00000,813.77874,0.56069,0.46862,13.24716
4.70619,800.00000,809.37591,0.56071,0.46862,13.24682
4.70719,800.00000,810.10638,0.56072,0.46862,13.24648
4.70819,800.00000,810.10638,0.56074,0.46862,13.24615
4.70919,800.00000,810.10638,0.56075,0.46862,13.24581
4.71019,800.00000,810.10638,0.56077,0.46862,13.24547
4.71119,800.00000,810.10638,0.56078,0.46862,13.24514
4.71219,800.00000,811.57135,0.56079,0.46862,13.24481
4.71319,800.00000,818.22955,0.56081,0.46862,13.24448
4.71419,800.00000,818.22955,0.56082,0.46862,13.24415
4.71519,800.00000,811.57135,0.56084,0.46862,13.24382
4.71619,800.00000,810.10638,0.56085,0.46862,13.24350
4.71719,800.00000,810.10638,0.56086,0.46862,13.24318
4.71819,800.00000,801.42669,0.56088,0.46862,13.24286
4.71919,800.00000,811.57135,0.56089,0.46862,13.24254
4.72019,800.00000,801.42669,0.56090,0.46862,13.24223
4.72119,800.00000,801.42669,0.56092,0.46862,13.24192
4.72219,800.00000,802.86035,0.56093,0.46862,13.24161
4.72319,800.00000,802.86035,0.56094,0.46862,13.24131
4.72419,800.00000,802.86035,0.56095,0.46862,13.24101
4.72519,800.00000,802.86035,0.56097,0.46862,13.24071
4.72619,800.00000,802.86035,0.56098,0.46862,13.24042
4.72719,800.00000,806.46710,0.56099,0.46862,13.24012
4.72819,800.00000,817.48443,0.56100,0.46862,13.23983
4.72919,800.00000,820.47338,0.56102,0.46862,13.23955
4.73019,800.00000,817.48443,0.56103,0.46862,13.23926
4.73119,800.00000,817.48443,0.56104,0.46862,13.23898
4.73219,800.00000,817.48443,0.56105,0.46862,13.23871
4.73319,800.00000,817.48443,0.56106,0.46862,13.23843
4.73419,800.00000,817.48443,0.56108,0.46862,13.23816
4.73519,800.00000,810.10638,0.56109,0.46862,13.23789
4.73619,800.00000,807.91894,0.56110,0.46862,13.23762
4.73719,800.00000,810.10638,0.56111,0.46862,13.23736
4.73819,800.00000,820.47338,0.56112,0.46862,13.23709
4.73919,800.00000,810.10638,0.56113,0.46862,13.23683
4.74019,800.00000,807.91894,0.56114,0.46862,13.23657
4.74119,800.00000,807.91894,0.56115,0.46862,13.23632
4.74219,800.00000,807.91894,0.56116,0.46862,13.23607
4.74319,800.00000,807.91894,0.56117,0.46862,13.23582
4.74419,800.00000,807.91894,0.56119,0.46862,13.23557
4.74519,800.00000,807.91894,0.56120,0.46862,13.23532
4.74619,800.00000,801.42669,0.56121,0.46862,13.23508
4.74719,800.00000,805.74316,0.56122,0.46862,13.23484
4.74819,800.00000,798.57464,0.56123,0.46862,13.23460
4.74919,800.00000,798.57464,0.56124,0.46862,13.23437
4.75019,800.00000,802.14288,0.56125,0.46862,13.23414
4.75119,800.00000,802.14288,0.56126,0.46862,13.23392
4.75219,800.00000,805.74316,0.56126,0.46862,13.23369
4.75319,800.00000,810.10638,0.56127,0.46862,13.23348
4.75419,800.00000,810.10638,0.56128,0.46862,13.23326
4.75519,800.00000,814.51715,0.56129,0.46862,13.23305
4.75619,800.00000,807.91894,0.56130,0.46862,13.23285
4.75719,800.00000,807.91894,0.56131,0.46862,13.23265
4.75819,800.00000,817.48443,0.56132,0.46862,13.23245
4.75919,800.00000,817.48443,0.56133,0.46862,13.23225
4.76019,800.00000,807.91894,0.56133,0.46862,13.23206
4.76119,800.00000,807.91894,0.56134,0.46862,13.23186
4.76219,800.00000,817.48443,0.56135,0.46862,13.23167
4.76319,800.00000,809.37591,0.56136,0.46862,13.23148
4.76419,800.00000,809.37591,0.56137,0.46862,13.23129
4.76519,800.00000,807.91894,0.56137,0.46862,13.23111
4.76619,800.00000,807.91894,0.56138,0.46862,13.23093
4.76719,800.00000,807.19238,0.56139,0.46862,13.23075
4.76819,800.00000,809.37591,0.56140,0.46862,13.23057
4.76919,800.00000,807.19238,0.56140,0.46862,13.23039
4.77019,800.00000,809.37591,0.56141,0.46862,13.23022
4.77119,800.00000,809.37591,0.56142,0.46862,13.23005
4.77219,800.00000,809.37591,0.56143,0.46862,13.22988
4.77319,800.00000,809.37591,0.56143,0.46862,13.22971
4.77419,800.00000,809.37591,0.56144,0.46862,13.22954
4.77519,800.00000,816.74053,0.56145,0.46862,13.22938
4.77619,800.00000,816.74053,0.56145,0.46862,13.22921
4.77719,800.00000,808.64678,0.56146,0.46862,13.22905
4.77819,800.00000,808.64678,0.56147,0.46862,13.22889
4.77919,800.00000,808.64678,0.56148,0.46862,13.22874
4.78019,800.00000,810.10638,0.56148,0.46862,13.22858
4.78119,800.00000,808.64678,0.56149,0.46862,13.22843
4.78219,800.00000,808.64678,0.56149,0.46862,13.22828
4.78319,800.00000,808.64678,0.56150,0.46862,13.22813
4.78419,800.00000,808.64678,0.56151,0.46862,13.22798
4.78519,800.00000,808.64678,0.56151,0.46862,13.22783
4.78619,800.00000,805.02056,0.56152,0.46862,13.22769
4.78719,800.00000,802.86035,0.56153,0.46862,13.22755
4.78819,800.00000,802.86035,0.56153,0.46862,13.22741
4.78919,800.00000,802.86035,0.56154,0.46862,13.22727
4.79019,800.00000,802.86035,0.56154,0.46862,13.22713
4.79119,800.00000,802.86035,0.56155,0.46862,13.22699
4.79219,800.00000,802.86035,0.56155,0.46862,13.22686
4.79319,800.00000,802.86035,0.56156,0.46862,13.22673
4.79419,800.00000,802.86035,0.56157,0.46862,13.22660
4.79519,800.00000,805.02056,0.56157,0.46862,13.22647
4.79619,800.00000,805.02056,0.56158,0.46862,13.22634
4.79719,800.00000,808.64678,0.56158,0.46862,13.22622
4.79819,800.00000,808.64678,0.56159,0.46862,13.22609
4.79919,800.00000,806.46710,0.56159,0.46862,13.22597
4.80019,800.00000,812.30578,0.56160,0.46862,13.22584
4.80119,800.00000,812.30578,0.56160,0.46862,13.22572
4.80219,800.00000,812.30578,0.56161,0.46862,13.22559
4.80319,800.00000,812.30578,0.56161,0.46862,13.22547
4.80419,800.00000,818.22955,0.56162,0.46862,13.22534
4.80519,800.00000,818.22955,0.56162,0.46862,13.22521
4.80619,800.00000,812.30578,0.56163,0.46862,13.22509
4.80719,800.00000,810.10638,0.56164,0.46862,13.22496
4.80819,800.00000,810.10638,0.56164,0.46862,13.22483
4.80919,800.00000,810.10638,0.56165,0.46862,13.22470
4.81019,800.00000,813.04156,0.56165,0.46862,13.22457
4.81119,800.00000,810.10638,0.56166,0.46862,13.22444
4.81219,800.00000,802.14288,0.56166,0.46862,13.22430
4.81319,800.00000,802.14288,0.56167,0.46862,13.22416
4.81419,800.00000,802.14288,0.56168,0.46862,13.22402
4.81519,800.00000,802.14288,0.56168,0.46862,13.22388
4.81619,800.00000,802.14288,0.56169,0.46862,13.22374
4.81719,800.00000,802.14288,0.56169,0.46862,13.22360
4.81819,800.00000,799.99810,0.56170,0.46862,13.22345
4.81919,800.00000,799.99810,0.56171,0.46862,13.22331
4.82019,800.00000,805.74316,0.56171,0.46862,13.22316
4.82119,800.00000,799.99810,0.56172,0.46862,13.22301
4.82219,800.00000,802.86035,0.56172,0.46862,13.22286
4.82319,800.00000,805.74316,0.56173,0.46862,13.22270
4.82419,800.00000,805.74316,0.56174,0.46862,13.22254
4.82519,800.00000,806.46710,0.56175,0.46862,13.22238
4.82619,800.00000,805.74316,0.56175,0.46862,13.22221
4.82719,800.00000,805.74316,0.56176,0.46862,13.22204
4.82819,800.00000,805.74316,0.56177,0.46862,13.22187
4.82919,800.00000,805.74316,0.56177,0.46862,13.22169
4.83019,800.00000,805.74316,0.56178,0.46862,13.22151
4.83119,800.00000,802.86035,0.56179,0.46862,13.22133
4.83219,800.00000,813.77874,0.56180,0.46862,13.22114
4.83319,800.00000,818.22955,0.56181,0.46862,13.22095
4.83419,800.00000,818.22955,0.56181,0.46862,13.22075
4.83519,800.00000,813.77874,0.56182,0.46862,13.22056
4.83619,800.00000,818.22955,0.56183,0.46862,13.22036
4.83719,800.00000,818.22955,0.56184,0.46862,13.22016
4.83819,800.00000,823.48431,0.56185,0.46862,13.21995
4.83920,800.00000,824.99804,0.56186,0.46862,13.21975
4.84022,800.00000,824.99804,0.56187,0.46862,13.21954
4.84119,800.00000,823.48431,0.56187,0.46862,13.21933
4.84219,800.00000,823.48431,0.56188,0.46862,13.21911
4.84319,800.00000,820.47338,0.56189,0.46862,13.21889
4.84419,800.00000,820.47338,0.56190,0.46862,13.21866
4.84519,800.00000,820.47338,0.56191,0.46862,13.21842
4.84619,800.00000,822.72949,0.56192,0.46862,13.21818
4.84719,800.00000,820.47338,0.56193,0.46862,13.21794
4.84819,800.00000,820.47338,0.56194,0.46862,13.21770
4.84919,800.00000,814.51715,0.56195,0.46862,13.21745
4.85019,800.00000,809.37591,0.56197,0.46862,13.21719
4.85119,800.00000,814.51715,0.56198,0.46862,13.21693
4.85219,800.00000,814.51715,0.56199,0.46862,13.21667
4.85319,800.00000,814.51715,0.56200,0.46862,13.21640
4.85419,800.00000,814.51715,0.56201,0.46862,13.21613
4.85519,800.00000,814.51715,0.56202,0.46862,13.21585
4.85619,800.00000,809.37591,0.56203,0.46862,13.21556
4.85719,800.00000,809.37591,0.56205,0.46862,13.21527
4.85819,800.00000,809.37591,0.56206,0.46862,13.21497
4.85919,800.00000,809.37591,0.56207,0.46862,13.21466
4.86019,800.00000,801.42669,0.56209,0.46862,13.21435
4.86119,800.00000,800.71173,0.56210,0.46862,13.21404
4.86219,800.00000,800.71173,0.56211,0.46862,13.21372
4.86319,800.00000,801.42669,0.56213,0.46862,13.21339
4.86419,800.00000,800.71173,0.56214,0.46862,13.21306
4.86519,800.00000,800.71173,0.56216,0.46862,13.21273
4.86619,800.00000,801.42669,0.56217,0.46862,13.21238
4.86719,800.00000,801.42669,0.56218,0.46862,13.21204
4.86819,800.00000,801.42669,0.56220,0.46862,13.21169
4.86919,800.00000,802.14288,0.56221,0.46862,13.21133
4.87019,800.00000,802.14288,0.56223,0.46862,13.21097
4.87119,800.00000,804.29919,0.56225,0.46862,13.21060
4.87219,800.00000,807.91894,0.56226,0.46862,13.21023
4.87319,800.00000,804.29919,0.56228,0.46862,13.20985
4.87419,800.00000,804.29919,0.56229,0.46862,13.20947
4.87519,800.00000,802.14288,0.56231,0.46862,13.20909
4.87619,800.00000,804.29919,0.56233,0.46862,13.20869
4.87719,800.00000,821.22412,0.56234,0.46862,13.20830
4.87819,800.00000,821.22412,0.56236,0.46862,13.20790
4.87919,800.00000,821.22412,0.56238,0.46862,13.20750
4.88019,800.00000,810.83819,0.56240,0.46862,13.20709
4.88119,800.00000,816.74053,0.56241,0.46862,13.20668
4.88219,800.00000,810.83819,0.56243,0.46862,13.20626
4.88319,800.00000,810.83819,0.56245,0.46862,13.20584
4.88419,800.00000,810.83819,0.56247,0.46862,13.20541
4.88519,800.00000,816.74053,0.56249,0.46862,13.20498
4.88619,800.00000,816.74053,0.56250,0.46862,13.20455
4.88719,800.00000,810.83819,0.56252,0.46862,13.20412
4.88819,800.00000,805.02056,0.56254,0.46862,13.20368
4.88919,800.00000,803.57916,0.56256,0.46862,13.20324
4.89019,800.00000,803.57916,0.56258,0.46862,13.20280
4.89119,800.00000,805.02056,0.56260,0.46862,13.20235
4.89219,800.00000,805.02056,0.56262,0.46862,13.20191
4.89319,800.00000,805.02056,0.56264,0.46862,13.20146
4.89419,800.00000,805.02056,0.56265,0.46862,13.20101
4.89519,800.00000,805.02056,0.56267,0.46862,13.20056
4.89619,800.00000,802.86035,0.56269,0.46862,13.20011
4.89719,800.00000,802.86035,0.56271,0.46862,13.19965
4.89819,800.00000,811.57135,0.56273,0.46862,13.19920
4.89919,800.00000,811.57135,0.56275,0.46862,13.19875
4.90019,800.00000,811.57135,0.56277,0.46862,13.19829
4.90119,800.00000,811.57135,0.56279,0.46862,13.19784
4.90219,800.00000,811.57135,0.56281,0.46862,13.19738
4.90319,800.00000,809.37591,0.56283,0.46862,13.19693
4.90419,800.00000,811.57135,0.56285,0.46862,13.19647
4.90519,800.00000,811.57135,0.56287,0.46862,13.19602
4.90619,800.00000,818.22955,0.56289,0.46862,13.19557
4.90719,800.00000,818.22955,0.56291,0.46862,13.19511
4.90819,800.00000,818.22955,0.56293,0.46862,13.19466
4.90919,800.00000,813.77874,0.56294,0.46862,13.19421
4.91019,800.00000,813.77874,0.56296,0.46862,13.19375
4.91119,800.00000,813.77874,0.56298,0.46862,13.19330
4.91219,800.00000,818.22955,0.56300,0.46862,13.19285
4.91319,800.00000,818.22955,0.56302,0.46862,13.19240
4.91419,800.00000,818.22955,0.56304,0.46862,13.19196
4.91519,800.00000,818.97613,0.56306,0.46862,13.19152
4.91619,800.00000,818.97613,0.56308,0.46862,13.19108
4.91719,800.00000,813.77874,0.56310,0.46862,13.19064
4.91819,800.00000,813.77874,0.56312,0.46862,13.19020
4.91919,800.00000,813.77874,0.56313,0.46862,13.18977
4.92019,800.00000,813.77874,0.56315,0.46862,13.18934
4.92119,800.00000,820.47338,0.56317,0.46862,13.18891
4.92219,800.00000,820.47338,0.56319,0.46862,13.18849
4.92319,800.00000,813.77874,0.56321,0.46862,13.18807
4.92419,800.00000,805.74316,0.56322,0.46862,13.18766
4.92519,800.00000,813.77874,0.56324,0.46862,13.18725
4.92619,800.00000,813.77874,0.56326,0.46862,13.18684
4.92719,800.00000,805.74316,0.56328,0.46862,13.18644
4.92819,800.00000,805.74316,0.56329,0.46862,13.18605
4.92919,800.00000,813.77874,0.56331,0.46862,13.18565
4.93019,800.00000,823.48431,0.56333,0.46862,13.18527
4.93119,800.00000,813.77874,0.56334,0.46862,13.18489
4.93219,800.00000,813.04156,0.56336,0.46862,13.18451
4.93319,800.00000,813.04156,0.56337,0.46862,13.18414
4.93419,800.00000,813.04156,0.56339,0.46862,13.18378
4.93519,800.00000,813.04156,0.56341,0.46862,13.18342
4.93619,800.00000,813.04156,0.56342,0.46862,13.18307
4.93719,800.00000,812.30578,0.56344,0.46862,13.18272
4.93819,800.00000,812.30578,0.56345,0.46862,13.18237
4.93919,800.00000,812.30578,0.56346,0.46862,13.18204
4.94019,800.00000,812.30578,0.56348,0.46862,13.18171
4.94119,800.00000,808.64678,0.56349,0.46862,13.18138
4.94219,800.00000,805.74316,0.56351,0.46862,13.18106
4.94319,800.00000,808.64678,0.56352,0.46862,13.18075
4.94419,800.00000,804.29919,0.56353,0.46862,13.18044
4.94519,800.00000,804.29919,0.56355,0.46862,13.18013
4.94619,800.00000,804.29919,0.56356,0.46862,13.17983
4.94719,800.00000,801.42669,0.56357,0.46862,13.17954
4.94819,800.00000,816.74053,0.56358,0.46862,13.17925
4.94919,800.00000,830.34033,0.56360,0.46862,13.17897
4.95019,800.00000,830.34033,0.56361,0.46862,13.17869
4.95119,800.00000,807.91894,0.56362,0.46862,13.17841
4.95219,800.00000,822.72949,0.56363,0.46862,13.17814
4.95319,800.00000,822.72949,0.56364,0.46862,13.17788
4.95419,800.00000,812.30578,0.56365,0.46862,13.17762
4.95519,800.00000,812.30578,0.56366,0.46862,13.17736
4.95619,800.00000,812.30578,0.56367,0.46862,13.17711
4.95719,800.00000,807.91894,0.56369,0.46862,13.17687
4.95819,800.00000,807.91894,0.56370,0.46862,13.17663
4.95919,800.00000,805.74316,0.56371,0.46862,13.17640
4.96019,800.00000,805.74316,0.56372,0.46862,13.17616
4.96119,800.00000,803.57916,0.56373,0.46862,13.17594
4.96219,800.00000,805.74316,0.56373,0.46862,13.17572
4.96319,800.00000,803.57916,0.56374,0.46862,13.17550
4.96419,800.00000,805.74316,0.56375,0.46862,13.17529
4.96519,800.00000,802.86035,0.56376,0.46862,13.17509
4.96619,800.00000,802.86035,0.56377,0.46862,13.17489
4.96719,800.00000,804.29919,0.56378,0.46862,13.17470
4.96819,800.00000,805.74316,0.56379,0.46862,13.17451
4.96919,800.00000,804.29919,0.56379,0.46862,13.17432
4.97019,800.00000,807.91894,0.56380,0.46862,13.17414
4.97119,800.00000,804.29919,0.56381,0.46862,13.17396
4.97219,800.00000,807.91894,0.56382,0.46862,13.17379
4.97319,800.00000,807.91894,0.56382,0.46862,13.17362
4.97419,800.00000,817.48443,0.56383,0.46862,13.17346
4.97519,800.00000,815.99810,0.56384,0.46862,13.17329
4.97619,800.00000,815.99810,0.56385,0.46862,13.17313
4.97719,800.00000,815.99810,0.56385,0.46862,13.17297
4.97819,800.00000,815.99810,0.56386,0.46862,13.17282
4.97919,800.00000,810.10638,0.56387,0.46862,13.17266
4.98019,800.00000,810.10638,0.56387,0.46862,13.17251
4.98119,800.00000,810.10638,0.56388,0.46862,13.17236
4.98219,800.00000,815.99810,0.56388,0.46862,13.17222
4.98319,800.00000,810.10638,0.56389,0.46862,13.17207
4.98419,800.00000,810.10638,0.56390,0.46862,13.17193
4.98519,800.00000,810.10638,0.56390,0.46862,13.17179
4.98620,800.00000,810.10638,0.56391,0.46862,13.17166
4.98722,800.00000,810.10638,0.56391,0.46862,13.17152
4.98819,800.00000,810.10638,0.56392,0.46862,13.17139
4.98919,800.00000,810.10638,0.56393,0.46862,13.17126
4.99019,800.00000,817.48443,0.56393,0.46862,13.17113
4.99119,800.00000,817.48443,0.56394,0.46862,13.17101
4.99219,800.00000,817.48443,0.56394,0.46862,13.17089
4.99319,800.00000,811.57135,0.56395,0.46862,13.17077
4.99419,800.00000,811.57135,0.56395,0.46862,13.17065
4.99519,800.00000,811.57135,0.56396,0.46862,13.17053
4.99619,800.00000,811.57135,0.56396,0.46862,13.17042
4.99719,800.00000,806.46710,0.56397,0.46862,13.17031
4.99819,800.00000,806.46710,0.56397,0.46862,13.17020
4.99919,800.00000,811.57135,0.56398,0.46862,13.17010
5.00019,800.00000,806.46710,0.56398,0.46862,13.17000
5.00119,800.00000,806.46710,0.56398,0.46862,13.16989
5.00219,800.00000,811.57135,0.56399,0.46862,13.16980
5.00319,800.00000,813.04156,0.56399,0.46862,13.16970
5.00419,800.00000,813.04156,0.56400,0.46862,13.16960
5.00519,800.00000,813.04156,0.56400,0.46862,13.16950
5.00619,800.00000,815.25689,0.56400,0.46862,13.16941
5.00719,800.00000,813.04156,0.56401,0.46862,13.16931
5.00819,800.00000,813.04156,0.56401,0.46862,13.16921
5.00919,800.00000,813.04156,0.56402,0.46862,13.16912
5.01019,800.00000,810.83819,0.56402,0.46862,13.16902
5.01119,800.00000,810.83819,0.56403,0.46862,13.16892
5.01219,800.00000,808.64678,0.56403,0.46862,13.16882
5.01319,800.00000,808.64678,0.56403,0.46862,13.16872
5.01419,800.00000,808.64678,0.56404,0.46862,13.16862
5.01519,800.00000,810.83819,0.56404,0.46862,13.16853
5.01619,800.00000,814.51715,0.56405,0.46862,13.16843
5.01719,800.00000,814.51715,0.56405,0.46862,13.16833
5.01819,800.00000,814.51715,0.56405,0.46862,13.16824
5.01919,800.00000,814.51715,0.56406,0.46862,13.16814
5.02019,800.00000,814.51715,0.56406,0.46862,13.16804
5.02119,800.00000,814.51715,0.56407,0.46862,13.16794
5.02219,800.00000,814.51715,0.56407,0.46862,13.16785
5.02319,800.00000,814.51715,0.56408,0.46862,13.16775
5.02419,800.00000,812.30578,0.56408,0.46862,13.16765
5.02519,800.00000,812.30578,0.56408,0.46862,13.16755
5.02619,800.00000,801.42669,0.56409,0.46862,13.16746
5.02719,800.00000,799.99810,0.56409,0.46862,13.16736
5.02819,800.00000,799.99810,0.56410,0.46862,13.16726
5.02919,800.00000,799.99810,0.56410,0.46862,13.16717
5.03019,800.00000,799.99810,0.56410,0.46862,13.16707
5.03119,800.00000,799.99810,0.56411,0.46862,13.16698
5.03219,800.00000,809.37591,0.56411,0.46862,13.16688
5.03319,800.00000,809.37591,0.56412,0.46862,13.16678
5.03419,800.00000,809.37591,0.56412,0.46862,13.16669
5.03519,800.00000,810.10638,0.56413,0.46862,13.16659
5.03619,800.00000,810.10638,0.56413,0.46862,13.16650
5.03719,800.00000,810.10638,0.56413,0.46862,13.16640
5.03819,800.00000,810.10638,0.56414,0.46862,13.16631
5.03919,800.00000,810.10638,0.56414,0.46862,13.16621
5.04019,800.00000,810.10638,0.56415,0.46862,13.16612
5.04119,800.00000,810.10638,0.56415,0.46862,13.16602
5.04219,800.00000,810.10638,0.56415,0.46862,13.16592
5.04319,800.00000,818.22955,0.56416,0.46862,13.16583
5.04419,800.00000,818.22955,0.56416,0.46862,13.16574
5.04519,800.00000,810.10638,0.56417,0.46862,13.16564
5.04619,800.00000,818.22955,0.56417,0.46862,13.16555
5.04719,800.00000,808.64678,0.56417,0.46862,13.16545
5.04819,800.00000,807.19238,0.56418,0.46862,13.16536
5.04919,800.00000,807.19238,0.56418,0.46862,13.16526
5.05019,800.00000,808.64678,0.56419,0.46862,13.16517
5.05119,800.00000,816.74053,0.56419,0.46862,13.16508
5.05219,800.00000,808.64678,0.56419,0.46862,13.16498
5.05319,800.00000,808.64678,0.56420,0.46862,13.16489
5.05419,800.00000,805.02056,0.56420,0.46862,13.16480
5.05519,800.00000,808.64678,0.56421,0.46862,13.16471
5.05619,800.00000,814.51715,0.56421,0.46862,13.16461
5.05719,800.00000,808.64678,0.56421,0.46862,13.16452
5.05819,800.00000,814.51715,0.56422,0.46862,13.16442
5.05919,800.00000,814.51715,0.56422,0.46862,13.16433
5.06019,800.00000,814.51715,0.56423,0.46862,13.16424
5.06119,800.00000,813.77874,0.56423,0.46862,13.16415
5.06219,800.00000,803.57916,0.56423,0.46862,13.16405
5.06319,800.00000,803.57916,0.56424,0.46862,13.16396
5.06419,800.00000,813.77874,0.56424,0.46862,13.16387
5.06519,800.00000,814.51715,0.56425,0.46862,13.16378
5.06619,800.00000,816.74053,0.56425,0.46862,13.16369
5.06719,800.00000,818.22955,0.56425,0.46862,13.16360
5.06819,800.00000,818.22955,0.56426,0.46862,13.16351
5.06919,800.00000,818.22955,0.56426,0.46862,13.16341
5.07019,800.00000,818.22955,0.56427,0.46862,13.16332
5.07119,800.00000,823.48431,0.56427,0.46862,13.16323
5.07219,800.00000,823.48431,0.56427,0.46862,13.16314
5.07319,800.00000,826.51739,0.56428,0.46862,13.16305
5.07419,800.00000,826.51739,0.56428,0.46862,13.16296
5.07519,800.00000,823.48431,0.56428,0.46862,13.16287
5.07619,800.00000,823.48431,0.56429,0.46862,13.16278
5.07719,800.00000,823.48431,0.56429,0.46862,13.16269
5.07819,800.00000,816.74053,0.56430,0.46862,13.16260
5.07919,800.00000,816.74053,0.56430,0.46862,13.16251
5.08019,800.00000,816.74053,0.56430,0.46862,13.16242
5.08119,800.00000,805.74316,0.56431,0.46862,13.16233
5.08219,800.00000,805.74316,0.56431,0.46862,13.16224
5.08319,800.00000,805.74316,0.56432,0.46862,13.16215
5.08419,800.00000,805.74316,0.56432,0.46862,13.16207
5.08519,800.00000,805.74316,0.56432,0.46862,13.16199
5.08619,800.00000,816.74053,0.56433,0.46862,13.16191
5.08719,800.00000,805.74316,0.56433,0.46862,13.16183
5.08819,800.00000,816.74053,0.56433,0.46862,13.16175
5.08919,800.00000,808.64678,0.56434,0.46862,13.16168
5.09019,800.00000,808.64678,0.56434,0.46862,13.16161
5.09119,800.00000,808.64678,0.56434,0.46862,13.16154
5.09219,800.00000,816.74053,0.56434,0.46862,13.16147
5.09319,800.00000,808.64678,0.56435,0.46862,13.16140
5.09419,800.00000,808.64678,0.56435,0.46862,13.16134
5.09519,800.00000,805.74316,0.56435,0.46862,13.16128
5.09619,800.00000,808.64678,0.56436,0.46862,13.16122
5.09719,800.00000,805.74316,0.56436,0.46862,13.16116
5.09819,800.00000,808.64678,0.56436,0.46862,13.16110
5.09919,800.00000,805.74316,0.56436,0.46862,13.16105
5.10019,800.00000,805.74316,0.56437,0.46862,13.16099
5.10120,800.00000,805.74316,0.56437,0.46862,13.16094
5.10219,800.00000,805.74316,0.56437,0.46862,13.16089
5.10319,800.00000,805.74316,0.56437,0.46862,13.16085
5.10419,800.00000,805.74316,0.56437,0.46862,13.16080
5.10519,800.00000,815.99810,0.56438,0.46862,13.16076
5.10619,800.00000,815.99810,0.56438,0.46862,13.16072
5.10719,800.00000,815.99810,0.56438,0.46862,13.16068
5.10819,800.00000,815.99810,0.56438,0.46862,13.16064
5.10919,800.00000,815.99810,0.56438,0.46862,13.16060
5.11019,800.00000,815.99810,0.56438,0.46862,13.16056
5.11119,800.00000,820.47338,0.56439,0.46862,13.16051
5.11219,800.00000,820.47338,0.56439,0.46862,13.16047
5.11319,800.00000,820.47338,0.56439,0.46862,13.16043
5.11419,800.00000,820.47338,0.56439,0.46862,13.16039
5.11519,800.00000,823.48431,0.56439,0.46862,13.16035
5.11619,800.00000,820.47338,0.56439,0.46862,13.16031
5.11719,800.00000,822.72949,0.56440,0.46862,13.16026
5.11819,800.00000,822.72949,0.56440,0.46862,13.16022
5.11919,800.00000,823.48431,0.56440,0.46862,13.16018
5.12019,800.00000,825.75701,0.56440,0.46862,13.16014
5.12119,800.00000,823.48431,0.56440,0.46862,13.16010
5.12219,800.00000,823.48431,0.56441,0.46862,13.16005
5.12319,800.00000,824.24047,0.56441,0.46862,13.16001
5.12419,800.00000,824.24047,0.56441,0.46862,13.15997
5.12519,800.00000,823.48431,0.56441,0.46862,13.15993
5.12619,800.00000,822.72949,0.56441,0.46862,13.15989
5.12719,800.00000,822.72949,0.56441,0.46862,13.15984
5.12819,800.00000,820.47338,0.56442,0.46862,13.15980
5.12919,800.00000,811.57135,0.56442,0.46862,13.15976
5.13019,800.00000,811.57135,0.56442,0.46862,13.15972
5.13119,800.00000,811.57135,0.56442,0.46862,13.15968
5.13220,800.00000,811.57135,0.56442,0.46862,13.15963
5.13322,800.00000,810.10638,0.56443,0.46862,13.15959
5.13419,800.00000,810.10638,0.56443,0.46862,13.15955
5.13519,800.00000,810.10638,0.56443,0.46862,13.15951
5.13619,800.00000,804.29919,0.56443,0.46862,13.15946
5.13719,800.00000,804.29919,0.56443,0.46862,13.15942
5.13819,800.00000,804.29919,0.56443,0.46862,13.15938
5.13919,800.00000,804.29919,0.56444,0.46862,13.15934
5.14019,800.00000,804.29919,0.56444,0.46862,13.15930
5.14119,800.00000,804.29919,0.56444,0.46862,13.15925
5.14219,800.00000,804.29919,0.56444,0.46862,13.15921
5.14319,800.00000,799.28570,0.56444,0.46862,13.15917
5.14419,800.00000,799.28570,0.56445,0.46862,13.15913
5.14519,800.00000,799.28570,0.56445,0.46862,13.15909
5.14619,800.00000,806.46710,0.56445,0.46862,13.15905
5.14719,800.00000,806.46710,0.56445,0.46862,13.15900
5.14819,800.00000,806.46710,0.56445,0.46862,13.15896
5.14919,800.00000,806.46710,0.56445,0.46862,13.15892
5.15019,800.00000,806.46710,0.56446,0.46862,13.15888
5.15119,800.00000,806.46710,0.56446,0.46862,13.15884
5.15219,800.00000,806.46710,0.56446,0.46862,13.15879
5.15319,800.00000,806.46710,0.56446,0.46862,13.15875
5.15419,800.00000,817.48443,0.56446,0.46862,13.15871
5.15519,800.00000,817.48443,0.56447,0.46862,13.15866
5.15619,800.00000,821.97613,0.56447,0.46862,13.15862
5.15719,800.00000,817.48443,0.56447,0.46862,13.15858
5.15819,800.00000,817.48443,0.56447,0.46862,13.15853
5.15919,800.00000,817.48443,0.56447,0.46862,13.15849
5.16019,800.00000,817.48443,0.56447,0.46862,13.15844
5.16119,800.00000,814.51715,0.56448,0.46862,13.15839
5.16219,800.00000,814.51715,0.56448,0.46862,13.15834
5.16319,800.00000,817.48443,0.56448,0.46862,13.15829
5.16418,800.00000,817.48443,0.56448,0.46862,13.15824
5.16519,800.00000,814.51715,0.56449,0.46862,13.15819
5.16619,800.00000,820.47338,0.56449,0.46862,13.15814
5.16719,800.00000,814.51715,0.56449,0.46862,13.15809
5.16819,800.00000,819.72406,0.56449,0.46862,13.15804
5.16919,800.00000,820.47338,0.56449,0.46862,13.15799
5.17019,800.00000,819.72406,0.56450,0.46862,13.15794
5.17119,800.00000,819.72406,0.56450,0.46862,13.15789
5.17219,800.00000,820.47338,0.56450,0.46862,13.15784
5.17319,800.00000,820.47338,0.56450,0.46862,13.15779
5.17419,800.00000,819.72406,0.56450,0.46862,13.15774
5.17519,800.00000,815.99810,0.56451,0.46862,13.15769
5.17619,800.00000,815.99810,0.56451,0.46862,13.15764
5.17719,800.00000,810.83819,0.56451,0.46862,13.15759
5.17819,800.00000,815.99810,0.56451,0.46862,13.15754
5.17919,800.00000,815.99810,0.56452,0.46862,13.15749
5.18019,800.00000,815.99810,0.56452,0.46862,13.15744
5.18119,800.00000,815.99810,0.56452,0.46862,13.15740
5.18219,800.00000,823.48431,0.56452,0.46862,13.15735
5.18319,800.00000,815.99810,0.56452,0.46862,13.15730
5.18419,800.00000,815.99810,0.56453,0.46862,13.15725
5.18519,800.00000,823.48431,0.56453,0.46862,13.15720
5.18619,800.00000,823.48431,0.56453,0.46862,13.15716
5.18719,800.00000,823.48431,0.56453,0.46862,13.15711
5.18819,800.00000,824.99804,0.56453,0.46862,13.15706
5.18919,800.00000,823.48431,0.56454,0.46862,13.15701
5.19019,800.00000,824.99804,0.56454,0.46862,13.15697
5.19119,800.00000,820.47338,0.56454,0.46862,13.15692
5.19219,800.00000,820.47338,0.56454,0.46862,13.15687
5.19319,800.00000,806.46710,0.56454,0.46862,13.15682
5.19419,800.00000,806.46710,0.56455,0.46862,13.15678
5.19519,800.00000,820.47338,0.56455,0.46862,13.15673
5.19619,800.00000,817.48443,0.56455,0.46862,13.15668
5.19719,800.00000,817.48443,0.56455,0.46862,13.15664
5.19819,800.00000,817.48443,0.56455,0.46862,13.15659
5.19919,800.00000,807.91894,0.56456,0.46862,13.15654
5.20019,800.00000,807.91894,0.56456,0.46862,13.15650
5.20119,800.00000,806.46710,0.56456,0.46862,13.15645
5.20219,800.00000,807.91894,0.56456,0.46862,13.15640
5.20319,800.00000,807.91894,0.56456,0.46862,13.15635
5.20419,800.00000,807.91894,0.56457,0.46862,13.15631
5.20519,800.00000,807.91894,0.56457,0.46862,13.15626
5.20619,800.00000,807.91894,0.56457,0.46862,13.15621
5.20719,800.00000,807.91894,0.56457,0.46862,13.15617
5.20819,800.00000,815.99810,0.56457,0.46862,13.15612
5.20919,800.00000,815.99810,0.56458,0.46862,13.15607
5.21019,800.00000,815.99810,0.56458,0.46862,13.15603
5.21119,800.00000,815.99810,0.56458,0.46862,13.15598
5.21219,800.00000,816.74053,0.56458,0.46862,13.15593
5.21319,800.00000,815.99810,0.56458,0.46862,13.15589
5.21419,800.00000,816.74053,0.56459,0.46862,13.15584
5.21519,800.00000,816.74053,0.56459,0.46862,13.15579
5.21619,800.00000,816.74053,0.56459,0.46862,13.15575
5.21719,800.00000,820.47338,0.56459,0.46862,13.15570
5.21819,800.00000,820.47338,0.56459,0.46862,13.15566
5.21919,800.00000,820.47338,0.56460,0.46862,13.15561
5.22019,800.00000,820.47338,0.56460,0.46862,13.15557
5.22119,800.00000,811.57135,0.56460,0.46862,13.15552
5.22219,800.00000,811.57135,0.56460,0.46862,13.15547
5.22319,800.00000,807.19238,0.56460,0.46862,13.15543
5.22419,800.00000,807.19238,0.56461,0.46862,13.15538
5.22519,800.00000,807.19238,0.56461,0.46862,13.15533
5.22619,800.00000,807.19238,0.56461,0.46862,13.15529
5.22719,800.00000,807.19238,0.56461,0.46862,13.15524
5.22819,800.00000,807.19238,0.56461,0.46862,13.15519
5.22919,800.00000,807.19238,0.56462,0.46862,13.15514
5.23019,800.00000,807.19238,0.56462,0.46862,13.15509
5.23119,800.00000,807.19238,0.56462,0.46862,13.15503
5.23219,800.00000,815.99810,0.56462,0.46862,13.15498
5.23319,800.00000,815.99810,0.56463,0.46862,13.15492
5.23419,800.00000,815.99810,0.56463,0.46862,13.15486
5.23519,800.00000,815.99810,0.56463,0.46862,13.15480
5.23619,800.00000,815.99810,0.56463,0.46862,13.15473
5.23719,800.00000,813.04156,0.56464,0.46862,13.15467
5.23819,800.00000,813.04156,0.56464,0.46862,13.15460
5.23919,800.00000,811.57135,0.56464,0.46862,13.15453
5.24019,800.00000,811.57135,0.56465,0.46862,13.15446
5.24119,800.00000,808.64678,0.56465,0.46862,13.15439
5.24219,800.00000,802.86035,0.56465,0.46862,13.15432
5.24319,800.00000,802.86035,0.56465,0.46862,13.15424
5.24419,800.00000,802.86035,0.56466,0.46862,13.15417
5.24519,800.00000,802.86035,0.56466,0.46862,13.15409
5.24619,800.00000,802.86035,0.56466,0.46862,13.15401
5.24719,800.00000,805.02056,0.56467,0.46862,13.15393
5.24819,800.00000,811.57135,0.56467,0.46862,13.15384
5.24919,800.00000,811.57135,0.56468,0.46862,13.15376
5.25019,800.00000,805.02056,0.56468,0.46862,13.15368
5.25119,800.00000,807.19238,0.56468,0.46862,13.15359
5.25219,800.00000,814.51715,0.56469,0.46862,13.15350
5.25319,800.00000,814.51715,0.56469,0.46862,13.15341
5.25419,800.00000,814.51715,0.56469,0.46862,13.15333
5.25519,800.00000,814.51715,0.56470,0.46862,13.15324
5.25619,800.00000,814.51715,0.56470,0.46862,13.15314
5.25719,800.00000,813.04156,0.56471,0.46862,13.15305
5.25819,800.00000,813.04156,0.56471,0.46862,13.15296
5.25919,800.00000,813.04156,0.56471,0.46862,13.15286
5.26019,800.00000,813.04156,0.56472,0.46862,13.15277
5.26119,800.00000,815.25689,0.56472,0.46862,13.15267
5.26219,800.00000,815.25689,0.56473,0.46862,13.15257
5.26319,800.00000,815.25689,0.56473,0.46862,13.15247
5.26419,800.00000,815.99810,0.56474,0.46862,13.15237
5.26519,800.00000,820.47338,0.56474,0.46862,13.15226
5.26619,800.00000,820.47338,0.56474,0.46862,13.15215
5.26719,800.00000,820.47338,0.56475,0.46862,13.15203
5.26819,800.00000,820.47338,0.56475,0.46862,13.15192
5.26919,800.00000,819.72406,0.56476,0.46862,13.15180
5.27019,800.00000,820.47338,0.56477,0.46862,13.15167
5.27120,800.00000,820.47338,0.56477,0.46862,13.15155
5.27220,800.00000,819.72406,0.56478,0.46862,13.15142
5.27320,800.00000,819.72406,0.56478,0.46862,13.15129
5.27421,800.00000,815.25689,0.56479,0.46862,13.15115
5.27523,800.00000,814.51715,0.56479,0.46862,13.15101
5.27623,800.00000,814.51715,0.56480,0.46862,13.15087
5.27721,800.00000,814.51715,0.56481,0.46862,13.15073
5.27823,800.00000,814.51715,0.56481,0.46862,13.15058
5.27920,800.00000,810.10638,0.56482,0.46862,13.15043
5.28027,800.00000,812.30578,0.56482,0.46862,13.15028
5.28120,800.00000,810.10638,0.56483,0.46862,13.15012
5.28227,800.00000,809.37591,0.56484,0.46862,13.14997
5.28320,800.00000,804.29919,0.56485,0.46862,13.14981
5.28422,800.00000,804.29919,0.56485,0.46862,13.14965
5.28519,800.00000,802.14288,0.56486,0.46862,13.14948
5.28619,800.00000,802.14288,0.56487,0.46862,13.14931
5.28719,800.00000,802.14288,0.56487,0.46862,13.14914
5.28819,800.00000,799.99810,0.56488,0.46862,13.14897
5.28919,800.00000,799.99810,0.56489,0.46862,13.14880
5.29019,800.00000,799.99810,0.56490,0.46862,13.14862
5.29119,800.00000,799.99810,0.56490,0.46862,13.14844
5.29219,800.00000,802.14288,0.56491,0.46862,13.14826
5.29319,800.00000,802.14288,0.56492,0.46862,13.14808
5.29419,800.00000,802.86035,0.56493,0.46862,13.14790
5.29519,800.00000,814.51715,0.56494,0.46862,13.14771
5.29619,800.00000,814.51715,0.56494,0.46862,13.14752
5.29719,800.00000,822.72949,0.56495,0.46862,13.14733
5.29819,800.00000,822.72949,0.56496,0.46862,13.14714
5.29919,800.00000,822.72949,0.56497,0.46862,13.14694
5.30019,800.00000,811.57135,0.56498,0.46862,13.14675
5.30119,800.00000,811.57135,0.56499,0.46862,13.14655
5.30219,800.00000,810.83819,0.56499,0.46862,13.14635
5.30319,800.00000,811.57135,0.56500,0.46862,13.14615
5.30419,800.00000,811.57135,0.56501,0.46862,13.14595
5.30519,800.00000,810.83819,0.56502,0.46862,13.14574
5.30619,800.00000,810.83819,0.56503,0.46862,13.14553
5.30719,800.00000,805.74316,0.56504,0.46862,13.14531
5.30819,800.00000,805.74316,0.56505,0.46862,13.14510
5.30919,800.00000,805.74316,0.56506,0.46862,13.14488
5.31019,800.00000,805.74316,0.56507,0.46862,13.14465
5.31119,800.00000,814.51715,0.56508,0.46862,13.14443
5.31219,800.00000,814.51715,0.56509,0.46862,13.14419
5.31319,800.00000,814.51715,0.56510,0.46862,13.14396
5.31419,800.00000,814.51715,0.56511,0.46862,13.14372
5.31519,800.00000,814.51715,0.56512,0.46862,13.14348
5.31619,800.00000,814.51715,0.56513,0.46862,13.14323
5.31719,800.00000,814.51715,0.56514,0.46862,13.14298
5.31819,800.00000,814.51715,0.56515,0.46862,13.14273
5.31919,800.00000,814.51715,0.56516,0.46862,13.14248
5.32019,800.00000,813.77874,0.56517,0.46862,13.14222
5.32119,800.00000,813.77874,0.56518,0.46862,13.14195
5.32219,800.00000,809.37591,0.56519,0.46862,13.14169
5.32319,800.00000,809.37591,0.56521,0.46862,13.14142
5.32419,800.00000,809.37591,0.56522,0.46862,13.14115
5.32519,800.00000,813.77874,0.56523,0.46862,13.14087
5.32619,800.00000,813.77874,0.56524,0.46862,13.14060
5.32719,800.00000,810.83819,0.56525,0.46862,13.14031
5.32819,800.00000,810.83819,0.56527,0.46862,13.14003
5.32919,800.00000,810.83819,0.56528,0.46862,13.13974
5.33019,800.00000,810.83819,0.56529,0.46862,13.13946
5.33119,800.00000,813.77874,0.56530,0.46862,13.13916
5.33219,800.00000,810.83819,0.56532,0.46862,13.13887
5.33319,800.00000,810.83819,0.56533,0.46862,13.13857
5.33419,800.00000,810.83819,0.56534,0.46862,13.13828
5.33519,800.00000,813.77874,0.56535,0.46862,13.13797
5.33619,800.00000,810.83819,0.56537,0.46862,13.13767
5.33719,800.00000,810.83819,0.56538,0.46862,13.13736
5.33819,800.00000,810.83819,0.56539,0.46862,13.13705
5.33919,800.00000,808.64678,0.56541,0.46862,13.13674
5.34019,800.00000,808.64678,0.56542,0.46862,13.13643
5.34119,800.00000,822.72949,0.56543,0.46862,13.13611
5.34219,800.00000,808.64678,0.56545,0.46862,13.13579
5.34319,800.00000,822.72949,0.56546,0.46862,13.13547
5.34419,800.00000,822.72949,0.56548,0.46862,13.13514
5.34519,800.00000,822.72949,0.56549,0.46862,13.13482
5.34619,800.00000,808.64678,0.56550,0.46862,13.13449
5.34719,800.00000,811.57135,0.56552,0.46862,13.13416
5.34819,800.00000,811.57135,0.56553,0.46862,13.13382
5.34919,800.00000,823.48431,0.56555,0.46862,13.13349
5.35019,800.00000,823.48431,0.56556,0.46862,13.13315
5.35119,800.00000,823.48431,0.56558,0.46862,13.13281
5.35219,800.00000,823.48431,0.56559,0.46862,13.13247
5.35319,800.00000,825.75701,0.56561,0.46862,13.13212
5.35419,800.00000,823.48431,0.56562,0.46862,13.13178
5.35519,800.00000,825.75701,0.56564,0.46862,13.13143
5.35619,800.00000,823.48431,0.56565,0.46862,13.13108
5.35720,800.00000,823.48431,0.56567,0.46862,13.13073
5.35819,800.00000,823.48431,0.56568,0.46862,13.13037
5.35919,800.00000,818.22955,0.56570,0.46862,13.13001
5.36019,800.00000,818.22955,0.56571,0.46862,13.12965
5.36119,800.00000,818.22955,0.56573,0.46862,13.12928
5.36219,800.00000,818.22955,0.56574,0.46862,13.12891
5.36319,800.00000,818.22955,0.56576,0.46862,13.12854
5.36419,800.00000,805.02056,0.56578,0.46862,13.12816
5.36519,800.00000,818.22955,0.56579,0.46862,13.12777
5.36619,800.00000,818.22955,0.56581,0.46862,13.12739
5.36719,800.00000,818.22955,0.56583,0.46862,13.12700
5.36819,800.00000,820.47338,0.56584,0.46862,13.12661
5.36919,800.00000,820.47338,0.56586,0.46862,13.12621
5.37019,800.00000,820.47338,0.56588,0.46862,13.12581
5.37119,800.00000,821.22412,0.56590,0.46862,13.12541
5.37219,800.00000,820.47338,0.56591,0.46862,13.12500
5.37319,800.00000,821.22412,0.56593,0.46862,13.12459
5.37419,800.00000,821.22412,0.56595,0.46862,13.12418
5.37519,800.00000,821.22412,0.56597,0.46862,13.12377
5.37619,800.00000,818.22955,0.56598,0.46862,13.12335
5.37719,800.00000,815.99810,0.56600,0.46862,13.12293
5.37819,800.00000,815.99810,0.56602,0.46862,13.12251
5.37919,800.00000,800.71173,0.56604,0.46862,13.12209
5.38019,800.00000,800.71173,0.56606,0.46862,13.12166
5.38119,800.00000,815.99810,0.56608,0.46862,13.12124
5.38219,800.00000,815.99810,0.56609,0.46862,13.12081
5.38319,800.00000,806.46710,0.56611,0.46862,13.12038
5.38419,800.00000,806.46710,0.56613,0.46862,13.11995
5.38519,800.00000,806.46710,0.56615,0.46862,13.11951
5.38619,800.00000,806.46710,0.56617,0.46862,13.11908
5.38719,800.00000,806.46710,0.56619,0.46862,13.11864
5.38819,800.00000,806.46710,0.56621,0.46862,13.11820
5.38919,800.00000,809.37591,0.56623,0.46862,13.11776
5.39019,800.00000,809.37591,0.56624,0.46862,13.11733
5.39119,800.00000,809.37591,0.56626,0.46862,13.11689
5.39219,800.00000,809.37591,0.56628,0.46862,13.11645
5.39319,800.00000,806.46710,0.56630,0.46862,13.11601
5.39419,800.00000,805.74316,0.56632,0.46862,13.11558
5.39519,800.00000,805.74316,0.56634,0.46862,13.11514
5.39619,800.00000,805.74316,0.56636,0.46862,13.11470
5.39720,800.00000,805.74316,0.56638,0.46862,13.11426
5.39819,800.00000,805.74316,0.56640,0.46862,13.11382
5.39919,800.00000,809.37591,0.56641,0.46862,13.11339
5.40019,800.00000,809.37591,0.56643,0.46862,13.11295
5.40119,800.00000,812.30578,0.56645,0.46862,13.11251
5.40219,800.00000,812.30578,0.56647,0.46862,13.11207
5.40319,800.00000,812.30578,0.56649,0.46862,13.11163
5.40419,800.00000,815.99810,0.56651,0.46862,13.11119
5.40519,800.00000,815.99810,0.56653,0.46862,13.11075
5.40619,800.00000,815.99810,0.56655,0.46862,13.11030
5.40719,800.00000,815.99810,0.56657,0.46862,13.10986
5.40819,800.00000,818.97613,0.56659,0.46862,13.10941
5.40919,800.00000,818.97613,0.56660,0.46862,13.10897
5.41019,800.00000,812.30578,0.56662,0.46862,13.10853
5.41119,800.00000,818.97613,0.56664,0.46862,13.10809
5.41219,800.00000,818.97613,0.56666,0.46862,13.10765
5.41319,800.00000,818.97613,0.56668,0.46862,13.10721
5.41419,800.00000,818.97613,0.56670,0.46862,13.10678
5.41519,800.00000,818.97613,0.56672,0.46862,13.10635
5.41619,800.00000,818.97613,0.56674,0.46862,13.10592
5.41719,800.00000,814.51715,0.56676,0.46862,13.10549
5.41819,800.00000,814.51715,0.56677,0.46862,13.10506
5.41919,800.00000,814.51715,0.56679,0.46862,13.10464
5.42019,800.00000,814.51715,0.56681,0.46862,13.10422
5.42119,800.00000,816.74053,0.56683,0.46862,13.10380
5.42219,800.00000,816.74053,0.56685,0.46862,13.10338
5.42319,800.00000,816.74053,0.56686,0.46862,13.10296
5.42419,800.00000,816.74053,0.56688,0.46862,13.10255
5.42522,800.00000,816.74053,0.56690,0.46862,13.10213
5.42619,800.00000,816.74053,0.56692,0.46862,13.10172
5.42719,800.00000,816.74053,0.56694,0.46862,13.10131
5.42819,800.00000,816.74053,0.56695,0.46862,13.10089
5.42919,800.00000,819.72406,0.56697,0.46862,13.10048
5.43019,800.00000,816.74053,0.56699,0.46862,13.10006
5.43119,800.00000,816.74053,0.56701,0.46862,13.09965
5.43219,800.00000,816.74053,0.56703,0.46862,13.09924
5.43319,800.00000,815.99810,0.56704,0.46862,13.09882
5.43419,800.00000,810.10638,0.56706,0.46862,13.09841
5.43519,800.00000,810.10638,0.56708,0.46862,13.09799
5.43619,800.00000,805.74316,0.56710,0.46862,13.09758
5.43719,800.00000,810.10638,0.56712,0.46862,13.09716
5.43819,800.00000,807.91894,0.56713,0.46862,13.09675
5.43919,800.00000,815.25689,0.56715,0.46862,13.09634
5.44019,800.00000,808.64678,0.56717,0.46862,13.09592
5.44119,800.00000,808.64678,0.56719,0.46862,13.09550
5.44219,800.00000,808.64678,0.56721,0.46862,13.09509
5.44319,800.00000,808.64678,0.56722,0.46862,13.09467
5.44419,800.00000,808.64678,0.56724,0.46862,13.09425
5.44519,800.00000,808.64678,0.56726,0.46862,13.09384
5.44619,800.00000,808.64678,0.56728,0.46862,13.09342
5.44719,800.00000,808.64678,0.56730,0.46862,13.09300
5.44819,800.00000,808.64678,0.56731,0.46862,13.09259
5.44919,800.00000,808.64678,0.56733,0.46862,13.09217
5.45019,800.00000,808.64678,0.56735,0.46862,13.09175
5.45119,800.00000,814.51715,0.56737,0.46862,13.09134
5.45219,800.00000,814.51715,0.56739,0.46862,13.09093
5.45319,800.00000,814.51715,0.56740,0.46862,13.09051
5.45419,800.00000,814.51715,0.56742,0.46862,13.09010
5.45519,800.00000,814.51715,0.56744,0.46862,13.08969
5.45619,800.00000,814.51715,0.56746,0.46862,13.08927
5.45719,800.00000,813.04156,0.56748,0.46862,13.08886
5.45819,800.00000,813.04156,0.56749,0.46862,13.08845
5.45919,800.00000,808.64678,0.56751,0.46862,13.08803
5.46019,800.00000,813.04156,0.56753,0.46862,13.08762
5.46119,800.00000,808.64678,0.56755,0.46862,13.08720
5.46219,800.00000,808.64678,0.56757,0.46862,13.08679
5.46319,800.00000,808.64678,0.56758,0.46862,13.08638
5.46419,800.00000,808.64678,0.56760,0.46862,13.08597
5.46519,800.00000,808.64678,0.56762,0.46862,13.08555
5.46619,800.00000,810.10638,0.56764,0.46862,13.08514
5.46719,800.00000,810.10638,0.56765,0.46862,13.08474
5.46819,800.00000,815.25689,0.56767,0.46862,13.08433
5.46919,800.00000,815.25689,0.56769,0.46862,13.08392
5.47019,800.00000,817.48443,0.56771,0.46862,13.08352
5.47119,800.00000,817.48443,0.56772,0.46862,13.08311
5.47219,800.00000,817.48443,0.56774,0.46862,13.08271
5.47319,800.00000,817.48443,0.56776,0.46862,13.08232
5.47419,800.00000,818.97613,0.56778,0.46862,13.08192
5.47519,800.00000,818.97613,0.56779,0.46862,13.08153
5.47619,800.00000,817.48443,0.56781,0.46862,13.08114
5.47719,800.00000,816.74053,0.56783,0.46862,13.08075
5.47819,800.00000,818.22955,0.56784,0.46862,13.08036
5.47919,800.00000,816.74053,0.56786,0.46862,13.07998
5.48019,800.00000,816.74053,0.56788,0.46862,13.07961
5.48119,800.00000,816.74053,0.56789,0.46862,13.07923
5.48219,800.00000,816.74053,0.56791,0.46862,13.07886
5.48319,800.00000,816.74053,0.56792,0.46862,13.07850
5.48419,800.00000,816.74053,0.56794,0.46862,13.07814
5.48519,800.00000,816.74053,0.56796,0.46862,13.07779
5.48619,800.00000,816.74053,0.56797,0.46862,13.07743
5.48719,800.00000,816.74053,0.56799,0.46862,13.07709
5.48819,800.00000,818.22955,0.56800,0.46862,13.07674
5.48919,800.00000,816.74053,0.56802,0.46862,13.07641
5.49019,800.00000,819.72406,0.56803,0.46862,13.07608
5.49119,800.00000,819.72406,0.56804,0.46862,13.07575
5.49219,800.00000,815.25689,0.56806,0.46862,13.07543
5.49319,800.00000,819.72406,0.56807,0.46862,13.07512
5.49419,800.00000,823.48431,0.56809,0.46862,13.07481
5.49519,800.00000,819.72406,0.56810,0.46862,13.07451
5.49619,800.00000,819.72406,0.56811,0.46862,13.07421
5.49719,800.00000,815.25689,0.56812,0.46862,13.07392
5.49819,800.00000,815.25689,0.56814,0.46862,13.07363
5.49919,800.00000,811.57135,0.56815,0.46862,13.07335
5.50019,800.00000,815.25689,0.56816,0.46862,13.07308
5.50119,800.00000,811.57135,0.56817,0.46862,13.07281
5.50219,800.00000,815.25689,0.56818,0.46862,13.07254
5.50319,800.00000,815.25689,0.56819,0.46862,13.07229
5.50419,800.00000,811.57135,0.56821,0.46862,13.07204
5.50519,800.00000,811.57135,0.56822,0.46862,13.07179
5.50619,800.00000,811.57135,0.56823,0.46862,13.07156
5.50719,800.00000,811.57135,0.56824,0.46862,13.07133
5.50819,800.00000,811.57135,0.56825,0.46862,13.07111
5.50920,800.00000,805.74316,0.56826,0.46862,13.07090
5.51019,800.00000,815.25689,0.56826,0.46862,13.07069
5.51119,800.00000,805.74316,0.56827,0.46862,13.07049
5.51219,800.00000,815.25689,0.56828,0.46862,13.07030
5.51319,800.00000,805.74316,0.56829,0.46862,13.07011
5.51419,800.00000,805.74316,0.56830,0.46862,13.06993
5.51519,800.00000,802.86035,0.56830,0.46862,13.06976
5.51619,800.00000,802.86035,0.56831,0.46862,13.06959
5.51719,800.00000,819.72406,0.56832,0.46862,13.06943
5.51819,800.00000,819.72406,0.56833,0.46862,13.06928
5.51919,800.00000,819.72406,0.56833,0.46862,13.06913
5.52019,800.00000,819.72406,0.56834,0.46862,13.06899
5.52119,800.00000,818.97613,0.56834,0.46862,13.06886
5.52219,800.00000,818.97613,0.56835,0.46862,13.06873
5.52319,800.00000,818.97613,0.56836,0.46862,13.06860
5.52419,800.00000,819.72406,0.56836,0.46862,13.06848
5.52519,800.00000,818.97613,0.56837,0.46862,13.06836
5.52619,800.00000,818.97613,0.56837,0.46862,13.06825
5.52719,800.00000,818.97613,0.56838,0.46862,13.06814
5.52819,800.00000,818.97613,0.56838,0.46862,13.06804
5.52919,800.00000,818.97613,0.56838,0.46862,13.06794
5.53019,800.00000,807.91894,0.56839,0.46862,13.06784
5.53119,800.00000,814.51715,0.56839,0.46862,13.06775
5.53219,800.00000,819.72406,0.56840,0.46862,13.06766
5.53319,800.00000,820.47338,0.56840,0.46862,13.06758
5.53419,800.00000,819.72406,0.56840,0.46862,13.06750
5.53519,800.00000,818.22955,0.56841,0.46862,13.06742
5.53619,800.00000,818.22955,0.56841,0.46862,13.06735
5.53719,800.00000,818.22955,0.56841,0.46862,13.06729
5.53819,800.00000,815.99810,0.56841,0.46862,13.06722
5.53919,800.00000,815.99810,0.56842,0.46862,13.06717
5.54019,800.00000,815.99810,0.56842,0.46862,13.06712
5.54119,800.00000,818.22955,0.56842,0.46862,13.06707
5.54219,800.00000,818.22955,0.56842,0.46862,13.06704
5.54319,800.00000,817.48443,0.56842,0.46862,13.06700
5.54419,800.00000,817.48443,0.56843,0.46862,13.06698
5.54519,800.00000,817.48443,0.56843,0.46862,13.06696
5.54619,800.00000,815.99810,0.56843,0.46862,13.06694
5.54719,800.00000,815.99810,0.56843,0.46862,13.06693
5.54819,800.00000,815.99810,0.56843,0.46862,13.06692
5.54919,800.00000,817.48443,0.56843,0.46862,13.06691
5.55019,800.00000,817.48443,0.56843,0.46862,13.06691
5.55119,800.00000,813.77874,0.56843,0.46862,13.06692
5.55219,800.00000,810.83819,0.56843,0.46862,13.06693
5.55319,800.00000,810.83819,0.56843,0.46862,13.06694
5.55419,800.00000,810.83819,0.56843,0.46862,13.06695
5.55519,800.00000,810.83819,0.56843,0.46862,13.06697
5.55619,800.00000,813.77874,0.56842,0.46862,13.06700
5.55719,800.00000,813.77874,0.56842,0.46862,13.06703
5.55819,800.00000,810.83819,0.56842,0.46862,13.06706
5.55919,800.00000,810.83819,0.56842,0.46862,13.06710
5.56019,800.00000,810.83819,0.56842,0.46862,13.06715
5.56119,800.00000,810.83819,0.56842,0.46862,13.06719
5.56219,800.00000,814.51715,0.56841,0.46862,13.06725
5.56319,800.00000,817.48443,0.56841,0.46862,13.06730
5.56419,800.00000,817.48443,0.56841,0.46862,13.06736
5.56519,800.00000,817.48443,0.56841,0.46862,13.06742
5.56619,800.00000,817.48443,0.56840,0.46862,13.06749
5.56719,800.00000,817.48443,0.56840,0.46862,13.06755
5.56819,800.00000,819.72406,0.56840,0.46862,13.06762
5.56919,800.00000,819.72406,0.56839,0.46862,13.06770
5.57019,800.00000,819.72406,0.56839,0.46862,13.06777
5.57120,800.00000,819.72406,0.56839,0.46862,13.06785
5.57222,800.00000,819.72406,0.56838,0.46862,13.06793
5.57319,800.00000,817.48443,0.56838,0.46862,13.06801
5.57419,800.00000,809.37591,0.56838,0.46862,13.06809
5.57519,800.00000,809.37591,0.56837,0.46862,13.06818
5.57619,800.00000,809.37591,0.56837,0.46862,13.06827
5.57719,800.00000,809.37591,0.56837,0.46862,13.06836
5.57819,800.00000,809.37591,0.56836,0.46862,13.06846
5.57919,800.00000,809.37591,0.56836,0.46862,13.06855
5.58019,800.00000,810.10638,0.56835,0.46862,13.06865
5.58119,800.00000,813.04156,0.56835,0.46862,13.06875
5.58219,800.00000,813.04156,0.56834,0.46862,13.06886
5.58319,800.00000,813.04156,0.56834,0.46862,13.06896
5.58419,800.00000,813.04156,0.56834,0.46862,13.06906
5.58519,800.00000,816.74053,0.56833,0.46862,13.06917
5.58619,800.00000,816.74053,0.56833,0.46862,13.06927
5.58719,800.00000,820.47338,0.56832,0.46862,13.06937
5.58819,800.00000,820.47338,0.56832,0.46862,13.06947
5.58919,800.00000,821.97613,0.56831,0.46862,13.06958
5.59019,800.00000,821.97613,0.56831,0.46862,13.06968
5.59119,800.00000,822.72949,0.56830,0.46862,13.06979
5.59219,800.00000,822.72949,0.56830,0.46862,13.06989
5.59319,800.00000,822.72949,0.56829,0.46862,13.07000
5.59419,800.00000,823.48431,0.56829,0.46862,13.07010
5.59519,800.00000,823.48431,0.56829,0.46862,13.07021
5.59619,800.00000,828.80694,0.56828,0.46862,13.07032
5.59719,800.00000,823.48431,0.56828,0.46862,13.07042
5.59819,800.00000,823.48431,0.56827,0.46862,13.07053
5.59919,800.00000,821.97613,0.56827,0.46862,13.07064
5.60019,800.00000,819.72406,0.56826,0.46862,13.07075
5.60119,800.00000,819.72406,0.56826,0.46862,13.07086
5.60219,800.00000,819.72406,0.56825,0.46862,13.07097
5.60319,800.00000,816.74053,0.56825,0.46862,13.07108
5.60419,800.00000,816.74053,0.56824,0.46862,13.07119
5.60519,800.00000,810.10638,0.56824,0.46862,13.07130
5.60619,800.00000,807.91894,0.56823,0.46862,13.07141
5.60719,800.00000,807.19238,0.56823,0.46862,13.07153
5.60819,800.00000,807.91894,0.56822,0.46862,13.07164
5.60919,800.00000,812.30578,0.56822,0.46862,13.07175
5.61019,800.00000,812.30578,0.56821,0.46862,13.07186
5.61119,800.00000,812.30578,0.56821,0.46862,13.07197
5.61219,800.00000,812.30578,0.56820,0.46862,13.07208
5.61319,800.00000,807.91894,0.56820,0.46862,13.07219
5.61419,800.00000,807.91894,0.56819,0.46862,13.07230
5.61519,800.00000,812.30578,0.56819,0.46862,13.07241
5.61619,800.00000,818.22955,0.56818,0.46862,13.07252
5.61719,800.00000,818.22955,0.56818,0.46862,13.07263
5.61819,800.00000,818.22955,0.56818,0.46862,13.07274
5.61919,800.00000,818.22955,0.56817,0.46862,13.07284
5.62019,800.00000,820.47338,0.56817,0.46862,13.07295
5.62119,800.00000,818.22955,0.56816,0.46862,13.07306
5.62219,800.00000,818.22955,0.56816,0.46862,13.07316
5.62319,800.00000,818.22955,0.56815,0.46862,13.07327
5.62419,800.00000,818.22955,0.56815,0.46862,13.07337
5.62519,800.00000,818.22955,0.56814,0.46862,13.07347
5.62619,800.00000,815.99810,0.56814,0.46862,13.07358
5.62719,800.00000,815.99810,0.56813,0.46862,13.07368
5.62819,800.00000,815.99810,0.56813,0.46862,13.07378
5.62919,800.00000,820.47338,0.56813,0.46862,13.07389
5.63019,800.00000,810.83819,0.56812,0.46862,13.07399
5.63119,800.00000,810.83819,0.56812,0.46862,13.07409
5.63219,800.00000,807.91894,0.56811,0.46862,13.07419
5.63319,800.00000,818.97613,0.56811,0.46862,13.07430
5.63419,800.00000,818.97613,0.56810,0.46862,13.07440
5.63519,800.00000,818.97613,0.56810,0.46862,13.07451
5.63619,800.00000,818.97613,0.56809,0.46862,13.07461
5.63719,800.00000,829.57287,0.56809,0.46862,13.07472
5.63819,800.00000,818.97613,0.56808,0.46862,13.07482
5.63919,800.00000,818.97613,0.56808,0.46862,13.07493
5.64019,800.00000,818.97613,0.56808,0.46862,13.07504
5.64119,800.00000,818.97613,0.56807,0.46862,13.07515
5.64219,800.00000,817.48443,0.56807,0.46862,13.07525
5.64319,800.00000,818.97613,0.56806,0.46862,13.07536
5.64419,800.00000,817.48443,0.56806,0.46862,13.07547
5.64519,800.00000,816.74053,0.56805,0.46862,13.07558
5.64619,800.00000,816.74053,0.56805,0.46862,13.07569
5.64719,800.00000,816.74053,0.56804,0.46862,13.07580
5.64819,800.00000,816.74053,0.56804,0.46862,13.07591
5.64919,800.00000,816.74053,0.56803,0.46862,13.07602
5.65019,800.00000,817.48443,0.56803,0.46862,13.07613
5.65119,800.00000,817.48443,0.56802,0.46862,13.07625
5.65219,800.00000,817.48443,0.56802,0.46862,13.07636
5.65319,800.00000,817.48443,0.56801,0.46862,13.07648
5.65419,800.00000,817.48443,0.56801,0.46862,13.07659
5.65519,800.00000,817.48443,0.56800,0.46862,13.07671
5.65619,800.00000,817.48443,0.56800,0.46862,13.07683
5.65719,800.00000,818.97613,0.56799,0.46862,13.07695
5.65819,800.00000,820.47338,0.56799,0.46862,13.07708
5.65919,800.00000,820.47338,0.56798,0.46862,13.07720
5.66019,800.00000,822.72949,0.56798,0.46862,13.07733
5.66119,800.00000,820.47338,0.56797,0.46862,13.07746
5.66219,800.00000,820.47338,0.56796,0.46862,13.07759
5.66319,800.00000,805.74316,0.56796,0.46862,13.07772
5.66419,800.00000,820.47338,0.56795,0.46862,13.07786
5.66519,800.00000,818.97613,0.56795,0.46862,13.07799
5.66619,800.00000,826.51739,0.56794,0.46862,13.07813
5.66719,800.00000,818.97613,0.56793,0.46862,13.07827
5.66819,800.00000,818.97613,0.56793,0.46862,13.07841
5.66919,800.00000,815.99810,0.56792,0.46862,13.07855
5.67019,800.00000,815.99810,0.56792,0.46862,13.07870
5.67119,800.00000,808.64678,0.56791,0.46862,13.07884
5.67219,800.00000,815.25689,0.56790,0.46862,13.07899
5.67319,800.00000,815.25689,0.56790,0.46862,13.07914
5.67419,800.00000,815.99810,0.56789,0.46862,13.07929
5.67519,800.00000,815.99810,0.56788,0.46862,13.07944
5.67619,800.00000,815.25689,0.56788,0.46862,13.07960
5.67719,800.00000,812.30578,0.56787,0.46862,13.07975
5.67819,800.00000,812.30578,0.56786,0.46862,13.07991
5.67919,800.00000,812.30578,0.56786,0.46862,13.08007
5.68019,800.00000,812.30578,0.56785,0.46862,13.08022
5.68119,800.00000,812.30578,0.56784,0.46862,13.08038
5.68219,800.00000,815.25689,0.56784,0.46862,13.08054
5.68319,800.00000,823.48431,0.56783,0.46862,13.08070
5.68419,800.00000,828.80694,0.56782,0.46862,13.08087
5.68519,800.00000,828.80694,0.56782,0.46862,13.08103
5.68619,800.00000,823.48431,0.56781,0.46862,13.08119
5.68719,800.00000,823.48431,0.56780,0.46862,13.08136
5.68819,800.00000,823.48431,0.56779,0.46862,13.08152
5.68919,800.00000,823.48431,0.56779,0.46862,13.08169
5.69019,800.00000,823.48431,0.56778,0.46862,13.08186
5.69119,800.00000,819.72406,0.56777,0.46862,13.08203
5.69219,800.00000,827.27917,0.56776,0.46862,13.08220
5.69319,800.00000,827.27917,0.56776,0.46862,13.08237
5.69419,800.00000,819.72406,0.56775,0.46862,13.08254
5.69519,800.00000,819.72406,0.56774,0.46862,13.08271
5.69619,800.00000,817.48443,0.56773,0.46862,13.08289
5.69719,800.00000,819.72406,0.56773,0.46862,13.08306
5.69819,800.00000,817.48443,0.56772,0.46862,13.08324
5.69919,800.00000,821.22412,0.56771,0.46862,13.08342
5.70019,800.00000,821.22412,0.56770,0.46862,13.08360
5.70119,800.00000,821.97613,0.56770,0.46862,13.08378
5.70219,800.00000,821.97613,0.56769,0.46862,13.08396
5.70319,800.00000,821.22412,0.56768,0.46862,13.08414
5.70419,800.00000,815.25689,0.56767,0.46862,13.08432
5.70519,800.00000,821.22412,0.56766,0.46862,13.08451
5.70619,800.00000,815.25689,0.56766,0.46862,13.08469
5.70719,800.00000,815.25689,0.56765,0.46862,13.08488
5.70819,800.00000,815.25689,0.56764,0.46862,13.08506
5.70919,800.00000,821.97613,0.56763,0.46862,13.08525
5.71019,800.00000,821.97613,0.56762,0.46862,13.08544
5.71119,800.00000,830.34033,0.56762,0.46862,13.08563
5.71219,800.00000,815.25689,0.56761,0.46862,13.08582
5.71319,800.00000,824.24047,0.56760,0.46862,13.08601
5.71419,800.00000,824.24047,0.56759,0.46862,13.08620
5.71519,800.00000,824.24047,0.56758,0.46862,13.08639
5.71619,800.00000,819.72406,0.56757,0.46862,13.08658
5.71720,800.00000,819.72406,0.56757,0.46862,13.08678
5.71822,800.00000,824.24047,0.56756,0.46862,13.08697
5.71919,800.00000,819.72406,0.56755,0.46862,13.08717
5.72019,800.00000,819.72406,0.56754,0.46862,13.08736
5.72119,800.00000,819.72406,0.56753,0.46862,13.08756
5.72219,800.00000,824.24047,0.56752,0.46862,13.08775
5.72319,800.00000,828.04235,0.56751,0.46862,13.08795
5.72419,800.00000,828.04235,0.56751,0.46862,13.08815
5.72519,800.00000,828.04235,0.56750,0.46862,13.08834
5.72619,800.00000,828.04235,0.56749,0.46862,13.08854
5.72719,800.00000,828.04235,0.56748,0.46862,13.08874
5.72819,800.00000,828.04235,0.56747,0.46862,13.08895
5.72919,800.00000,828.04235,0.56746,0.46862,13.08915
5.73019,800.00000,827.27917,0.56745,0.46862,13.08936
5.73119,800.00000,820.47338,0.56744,0.46862,13.08957
5.73219,800.00000,820.47338,0.56744,0.46862,13.08979
5.73319,800.00000,819.72406,0.56743,0.46862,13.09000
5.73419,800.00000,818.22955,0.56742,0.46862,13.09022
5.73519,800.00000,818.22955,0.56741,0.46862,13.09045
5.73619,800.00000,819.72406,0.56740,0.46862,13.09067
5.73719,800.00000,819.72406,0.56739,0.46862,13.09090
5.73819,800.00000,819.72406,0.56738,0.46862,13.09113
5.73919,800.00000,819.72406,0.56737,0.46862,13.09137
5.74019,800.00000,818.22955,0.56736,0.46862,13.09161
5.74119,800.00000,804.29919,0.56735,0.46862,13.09185
5.74219,800.00000,804.29919,0.56734,0.46862,13.09208
5.74319,800.00000,802.86035,0.56733,0.46862,13.09233
5.74419,800.00000,804.29919,0.56731,0.46862,13.09257
5.74519,800.00000,808.64678,0.56730,0.46862,13.09281
5.74619,800.00000,808.64678,0.56729,0.46862,13.09306
5.74719,800.00000,808.64678,0.56728,0.46862,13.09331
5.74819,800.00000,808.64678,0.56727,0.46862,13.09357
5.74919,800.00000,808.64678,0.56726,0.46862,13.09382
5.75019,800.00000,808.64678,0.56725,0.46862,13.09408
5.75119,800.00000,808.64678,0.56724,0.46862,13.09435
5.75219,800.00000,808.64678,0.56723,0.46862,13.09462
5.75319,800.00000,815.25689,0.56721,0.46862,13.09489
5.75419,800.00000,816.74053,0.56720,0.46862,13.09517
5.75519,800.00000,815.25689,0.56719,0.46862,13.09544
5.75619,800.00000,820.47338,0.56718,0.46862,13.09573
5.75719,800.00000,824.99804,0.56717,0.46862,13.09601
5.75819,800.00000,824.99804,0.56715,0.46862,13.09630
5.75919,800.00000,824.99804,0.56714,0.46862,13.09659
5.76019,800.00000,824.99804,0.56713,0.46862,13.09689
5.76119,800.00000,824.99804,0.56711,0.46862,13.09719
5.76219,800.00000,824.99804,0.56710,0.46862,13.09749
5.76319,800.00000,824.99804,0.56709,0.46862,13.09779
5.76419,800.00000,824.99804,0.56708,0.46862,13.09810
5.76519,800.00000,826.51739,0.56706,0.46862,13.09841
5.76619,800.00000,826.51739,0.56705,0.46862,13.09873
5.76719,800.00000,826.51739,0.56703,0.46862,13.09904
5.76819,800.00000,827.27917,0.56702,0.46862,13.09937
5.76919,800.00000,826.51739,0.56701,0.46862,13.09969
5.77019,800.00000,826.51739,0.56699,0.46862,13.10001
5.77119,800.00000,825.75701,0.56698,0.46862,13.10034
5.77219,800.00000,826.51739,0.56696,0.46862,13.10067
5.77319,800.00000,825.75701,0.56695,0.46862,13.10100
5.77419,800.00000,825.75701,0.56694,0.46862,13.10134
5.77519,800.00000,825.75701,0.56692,0.46862,13.10167
5.77619,800.00000,824.24047,0.56691,0.46862,13.10202
5.77719,800.00000,824.24047,0.56689,0.46862,13.10236
5.77819,800.00000,824.24047,0.56688,0.46862,13.10271
5.77919,800.00000,818.97613,0.56686,0.46862,13.10305
5.78019,800.00000,824.24047,0.56685,0.46862,13.10341
5.78120,800.00000,818.97613,0.56683,0.46862,13.10376
5.78219,800.00000,824.24047,0.56681,0.46862,13.10411
5.78319,800.00000,818.97613,0.56680,0.46862,13.10447
5.78419,800.00000,818.97613,0.56678,0.46862,13.10483
5.78519,800.00000,824.24047,0.56677,0.46862,13.10520
5.78619,800.00000,818.97613,0.56675,0.46862,13.10556
5.78719,800.00000,815.25689,0.56674,0.46862,13.10593
5.78819,800.00000,831.87939,0.56672,0.46862,13.10629
5.78919,800.00000,815.25689,0.56670,0.46862,13.10666
5.79019,800.00000,831.87939,0.56669,0.46862,13.10702
5.79119,800.00000,815.25689,0.56667,0.46862,13.10739
5.79219,800.00000,819.72406,0.56666,0.46862,13.10775
5.79319,800.00000,815.25689,0.56664,0.46862,13.10812
5.79419,800.00000,815.99810,0.56663,0.46862,13.10849
5.79519,800.00000,815.99810,0.56661,0.46862,13.10886
5.79619,800.00000,815.25689,0.56659,0.46862,13.10922
5.79719,800.00000,815.99810,0.56658,0.46862,13.10959
5.79819,800.00000,815.99810,0.56656,0.46862,13.10996
5.79919,800.00000,815.99810,0.56655,0.46862,13.11033
5.80019,800.00000,815.99810,0.56653,0.46862,13.11069
5.80119,800.00000,815.99810,0.56651,0.46862,13.11106
5.80219,800.00000,815.99810,0.56650,0.46862,13.11143
5.80319,800.00000,815.99810,0.56648,0.46862,13.11180
5.80419,800.00000,815.99810,0.56647,0.46862,13.11217
5.80519,800.00000,816.74053,0.56645,0.46862,13.11254
5.80619,800.00000,816.74053,0.56643,0.46862,13.11291
5.80719,800.00000,816.74053,0.56642,0.46862,13.11328
5.80819,800.00000,808.64678,0.56640,0.46862,13.11365
5.80919,800.00000,816.74053,0.56639,0.46862,13.11401
5.81019,800.00000,808.64678,0.56637,0.46862,13.11438
5.81119,800.00000,808.64678,0.56636,0.46862,13.11475
5.81219,800.00000,808.64678,0.56634,0.46862,13.11512
5.81319,800.00000,816.74053,0.56632,0.46862,13.11548
5.81419,800.00000,808.64678,0.56631,0.46862,13.11585
5.81519,800.00000,808.64678,0.56629,0.46862,13.11622
5.81619,800.00000,808.64678,0.56628,0.46862,13.11659
5.81719,800.00000,808.64678,0.56626,0.46862,13.11695
5.81819,800.00000,819.72406,0.56624,0.46862,13.11732
5.81919,800.00000,821.97613,0.56623,0.46862,13.11769
5.82019,800.00000,819.72406,0.56621,0.46862,13.11806
5.82119,800.00000,821.97613,0.56620,0.46862,13.11842
5.82219,800.00000,821.97613,0.56618,0.46862,13.11879
5.82319,800.00000,819.72406,0.56616,0.46862,13.11916
5.82419,800.00000,808.64678,0.56615,0.46862,13.11952
5.82519,800.00000,808.64678,0.56613,0.46862,13.11989
5.82619,800.00000,819.72406,0.56612,0.46862,13.12026
5.82719,800.00000,819.72406,0.56610,0.46862,13.12062
5.82819,800.00000,808.64678,0.56609,0.46862,13.12099
5.82919,800.00000,808.64678,0.56607,0.46862,13.12135
5.83019,800.00000,808.64678,0.56605,0.46862,13.12172
5.83119,800.00000,820.47338,0.56604,0.46862,13.12208
5.83219,800.00000,819.72406,0.56602,0.46862,13.12245
5.83319,800.00000,819.72406,0.56601,0.46862,13.12281
5.83419,800.00000,819.72406,0.56599,0.46862,13.12317
5.83519,800.00000,819.72406,0.56598,0.46862,13.12353
5.83619,800.00000,819.72406,0.56596,0.46862,13.12388
5.83719,800.00000,819.72406,0.56595,0.46862,13.12424
5.83819,800.00000,819.72406,0.56593,0.46862,13.12459
5.83919,800.00000,819.72406,0.56592,0.46862,13.12494
5.84019,800.00000,811.57135,0.56590,0.46862,13.12528
5.84119,800.00000,811.57135,0.56589,0.46862,13.12563
5.84219,800.00000,811.57135,0.56587,0.46862,13.12597
5.84319,800.00000,808.64678,0.56586,0.46862,13.12631
5.84419,800.00000,808.64678,0.56584,0.46862,13.12665
5.84519,800.00000,811.57135,0.56583,0.46862,13.12699
5.84619,800.00000,811.57135,0.56581,0.46862,13.12732
5.84719,800.00000,813.04156,0.56580,0.46862,13.12766
5.84819,800.00000,813.04156,0.56578,0.46862,13.12799
5.84919,800.00000,813.04156,0.56577,0.46862,13.12831
5.85019,800.00000,813.04156,0.56576,0.46862,13.12863
5.85119,800.00000,813.04156,0.56574,0.46862,13.12895
5.85219,800.00000,813.04156,0.56573,0.46862,13.12926
5.85319,800.00000,813.04156,0.56572,0.46862,13.12957
5.85419,800.00000,813.77874,0.56570,0.46862,13.12988
5.85519,800.00000,813.77874,0.56569,0.46862,13.13018
5.85619,800.00000,815.25689,0.56568,0.46862,13.13048
5.85719,800.00000,815.25689,0.56566,0.46862,13.13077
5.85819,800.00000,815.25689,0.56565,0.46862,13.13106
5.85919,800.00000,815.25689,0.56564,0.46862,13.13135
5.86019,800.00000,815.25689,0.56563,0.46862,13.13163
5.86119,800.00000,813.77874,0.56561,0.46862,13.13191
5.86219,800.00000,813.77874,0.56560,0.46862,13.13219
5.86320,800.00000,813.77874,0.56559,0.46862,13.13246
5.86422,800.00000,813.77874,0.56558,0.46862,13.13272
5.86519,800.00000,813.04156,0.56557,0.46862,13.13299
5.86619,800.00000,805.74316,0.56556,0.46862,13.13325
5.86719,800.00000,805.74316,0.56555,0.46862,13.13350
5.86819,800.00000,805.74316,0.56554,0.46862,13.13375
5.86919,800.00000,805.74316,0.56553,0.46862,13.13400
5.87019,800.00000,805.74316,0.56551,0.46862,13.13424
5.87119,800.00000,805.74316,0.56550,0.46862,13.13447
5.87219,800.00000,806.46710,0.56549,0.46862,13.13470
5.87319,800.00000,806.46710,0.56549,0.46862,13.13492
5.87419,800.00000,806.46710,0.56548,0.46862,13.13514
5.87519,800.00000,808.64678,0.56547,0.46862,13.13536
5.87619,800.00000,812.30578,0.56546,0.46862,13.13557
5.87719,800.00000,812.30578,0.56545,0.46862,13.13577
5.87819,800.00000,809.37591,0.56544,0.46862,13.13597
5.87919,800.00000,809.37591,0.56543,0.46862,13.13617
5.88019,800.00000,809.37591,0.56542,0.46862,13.13636
5.88119,800.00000,812.30578,0.56542,0.46862,13.13654
5.88219,800.00000,809.37591,0.56541,0.46862,13.13673
5.88319,800.00000,813.77874,0.56540,0.46862,13.13690
5.88419,800.00000,813.77874,0.56539,0.46862,13.13707
5.88519,800.00000,813.77874,0.56539,0.46862,13.13724
5.88619,800.00000,817.48443,0.56538,0.46862,13.13740
5.88719,800.00000,815.99810,0.56537,0.46862,13.13755
5.88819,800.00000,817.48443,0.56537,0.46862,13.13770
5.88919,800.00000,818.22955,0.56536,0.46862,13.13785
5.89019,800.00000,818.22955,0.56535,0.46862,13.13799
5.89119,800.00000,818.22955,0.56535,0.46862,13.13813
5.89219,800.00000,817.48443,0.56534,0.46862,13.13826
5.89319,800.00000,818.22955,0.56534,0.46862,13.13839
5.89419,800.00000,818.22955,0.56533,0.46862,13.13851
5.89519,800.00000,818.22955,0.56533,0.46862,13.13863
5.89619,800.00000,818.22955,0.56532,0.46862,13.13875
5.89719,800.00000,818.22955,0.56532,0.46862,13.13886
5.89819,800.00000,818.22955,0.56531,0.46862,13.13896
5.89919,800.00000,815.25689,0.56531,0.46862,13.13907
5.90019,800.00000,815.25689,0.56530,0.46862,13.13916
5.90119,800.00000,815.25689,0.56530,0.46862,13.13926
5.90219,800.00000,807.19238,0.56529,0.46862,13.13935
5.90319,800.00000,807.19238,0.56529,0.46862,13.13943
5.90419,800.00000,805.02056,0.56529,0.46862,13.13951
5.90519,800.00000,807.19238,0.56528,0.46862,13.13959
5.90619,800.00000,807.19238,0.56528,0.46862,13.13966
5.90719,800.00000,807.19238,0.56528,0.46862,13.13972
5.90819,800.00000,807.19238,0.56528,0.46862,13.13979
5.90919,800.00000,805.02056,0.56527,0.46862,13.13985
5.91019,800.00000,805.02056,0.56527,0.46862,13.13990
5.91119,800.00000,810.10638,0.56527,0.46862,13.13995
5.91219,800.00000,805.02056,0.56527,0.46862,13.14000
5.91319,800.00000,810.10638,0.56526,0.46862,13.14004
5.91419,800.00000,824.24047,0.56526,0.46862,13.14008
5.91519,800.00000,825.75701,0.56526,0.46862,13.14013
5.91619,800.00000,825.75701,0.56526,0.46862,13.14016
5.91719,800.00000,825.75701,0.56526,0.46862,13.14020
5.91819,800.00000,825.75701,0.56526,0.46862,13.14023
5.91919,800.00000,813.77874,0.56526,0.46862,13.14026
5.92019,800.00000,813.77874,0.56525,0.46862,13.14029
5.92119,800.00000,824.24047,0.56525,0.46862,13.14032
5.92219,800.00000,824.24047,0.56525,0.46862,13.14035
5.92319,800.00000,824.24047,0.56525,0.46862,13.14037
5.92419,800.00000,823.48431,0.56525,0.46862,13.14040
5.92519,800.00000,823.48431,0.56525,0.46862,13.14042
5.92619,800.00000,813.77874,0.56525,0.46862,13.14044
5.92719,800.00000,813.77874,0.56525,0.46862,13.14045
5.92819,800.00000,813.77874,0.56525,0.46862,13.14047
5.92919,800.00000,807.91894,0.56525,0.46862,13.14048
5.93019,800.00000,807.91894,0.56525,0.46862,13.14050
5.93119,800.00000,807.19238,0.56524,0.46862,13.14051
5.93219,800.00000,807.19238,0.56524,0.46862,13.14052
5.93319,800.00000,807.19238,0.56524,0.46862,13.14053
5.93419,800.00000,807.19238,0.56524,0.46862,13.14054
5.93519,800.00000,807.19238,0.56524,0.46862,13.14055
5.93619,800.00000,807.19238,0.56524,0.46862,13.14055
5.93719,800.00000,807.19238,0.56524,0.46862,13.14055
5.93819,800.00000,815.25689,0.56524,0.46862,13.14055
5.93919,800.00000,815.25689,0.56524,0.46862,13.14055
5.94019,800.00000,815.25689,0.56524,0.46862,13.14054
5.94119,800.00000,815.99810,0.56524,0.46862,13.14053
5.94219,800.00000,822.72949,0.56524,0.46862,13.14052
5.94319,800.00000,815.99810,0.56525,0.46862,13.14050
5.94419,800.00000,815.99810,0.56525,0.46862,13.14049
5.94519,800.00000,822.72949,0.56525,0.46862,13.14048
5.94619,800.00000,816.74053,0.56525,0.46862,13.14046
5.94719,800.00000,815.99810,0.56525,0.46862,13.14044
5.94819,800.00000,815.25689,0.56525,0.46862,13.14043
5.94919,800.00000,815.99810,0.56525,0.46862,13.14041
5.95019,800.00000,815.99810,0.56525,0.46862,13.14039
5.95119,800.00000,816.74053,0.56525,0.46862,13.14036
5.95219,800.00000,816.74053,0.56525,0.46862,13.14034
5.95319,800.00000,815.25689,0.56525,0.46862,13.14031
5.95419,800.00000,816.74053,0.56525,0.46862,13.14029
5.95519,800.00000,825.75701,0.56526,0.46862,13.14026
5.95619,800.00000,816.74053,0.56526,0.46862,13.14023
5.95719,800.00000,826.51739,0.56526,0.46862,13.14020
5.95819,800.00000,826.51739,0.56526,0.46862,13.14016
5.95919,800.00000,826.51739,0.56526,0.46862,13.14013
5.96019,800.00000,815.25689,0.56526,0.46862,13.14009
5.96119,800.00000,815.25689,0.56526,0.46862,13.14006
5.96219,800.00000,815.25689,0.56527,0.46862,13.14002
5.96319,800.00000,811.57135,0.56527,0.46862,13.13998
5.96419,800.00000,811.57135,0.56527,0.46862,13.13994
5.96519,800.00000,811.57135,0.56527,0.46862,13.13990
5.96619,800.00000,809.37591,0.56527,0.46862,13.13986
5.96719,800.00000,802.14288,0.56527,0.46862,13.13982
5.96819,800.00000,802.14288,0.56528,0.46862,13.13977
5.96919,800.00000,802.14288,0.56528,0.46862,13.13972
5.97019,800.00000,802.14288,0.56528,0.46862,13.13968
5.97119,800.00000,798.57464,0.56528,0.46862,13.13963
5.97219,800.00000,798.57464,0.56528,0.46862,13.13958
5.97319,800.00000,802.14288,0.56529,0.46862,13.13953
5.97419,800.00000,805.02056,0.56529,0.46862,13.13948
5.97519,800.00000,809.37591,0.56529,0.46862,13.13943
5.97619,800.00000,820.47338,0.56529,0.46862,13.13937
5.97719,800.00000,820.47338,0.56530,0.46862,13.13932
5.97819,800.00000,823.48431,0.56530,0.46862,13.13927
5.97919,800.00000,820.47338,0.56530,0.46862,13.13921
5.98019,800.00000,823.48431,0.56530,0.46862,13.13916
5.98119,800.00000,820.47338,0.56531,0.46862,13.13911
5.98219,800.00000,820.47338,0.56531,0.46862,13.13906
5.98319,800.00000,820.47338,0.56531,0.46862,13.13902
5.98419,800.00000,818.97613,0.56531,0.46862,13.13897
5.98519,800.00000,818.97613,0.56531,0.46862,13.13892
5.98619,800.00000,816.74053,0.56532,0.46862,13.13888
5.98719,800.00000,816.74053,0.56532,0.46862,13.13883
5.98819,800.00000,816.74053,0.56532,0.46862,13.13879
5.98919,800.00000,811.57135,0.56532,0.46862,13.13875
5.99019,800.00000,809.37591,0.56532,0.46862,13.13870
5.99119,800.00000,807.91894,0.56532,0.46862,13.13866
5.99219,800.00000,807.91894,0.56533,0.46862,13.13862
5.99319,800.00000,807.91894,0.56533,0.46862,13.13858
5.99419,800.00000,807.91894,0.56533,0.46862,13.13854
5.99519,800.00000,805.02056,0.56533,0.46862,13.13850
5.99619,800.00000,805.02056,0.56533,0.46862,13.13847
5.99719,800.00000,799.99810,0.56533,0.46862,13.13843
5.99819,800.00000,799.99810,0.56534,0.46862,13.13839
5.99919,800.00000,807.91894,0.56534,0.46862,13.13836
6.00019,800.00000,813.04156,0.56534,0.46862,13.13832
6.00119,810.00000,813.04156,0.57442,0.47614,13.13828
6.00219,810.00000,813.04156,0.57442,0.47614,13.13825
6.00319,810.00000,818.22955,0.57442,0.47614,13.13821
6.00419,810.00000,819.72406,0.57442,0.47614,13.13818
6.00519,810.00000,819.72406,0.57442,0.47614,13.13815
6.00619,810.00000,819.72406,0.57443,0.47614,13.13811
6.00719,810.00000,822.72949,0.57443,0.47614,13.13808
6.00819,810.00000,824.24047,0.57443,0.47614,13.13805
6.00919,810.00000,824.24047,0.57443,0.47614,13.13802
6.01021,810.00000,828.80694,0.57443,0.47614,13.13799
6.01123,810.00000,824.24047,0.57443,0.47614,13.13796
6.01219,810.00000,824.24047,0.57443,0.47614,13.13793
6.01319,810.00000,822.72949,0.57443,0.47614,13.13790
6.01419,810.00000,822.72949,0.57444,0.47614,13.13787
6.01519,810.00000,818.97613,0.57444,0.47614,13.13785
6.01619,810.00000,818.97613,0.57444,0.47614,13.13782
6.01719,810.00000,818.97613,0.57444,0.47614,13.13780
6.01819,810.00000,815.99810,0.57444,0.47614,13.13777
6.01919,810.00000,815.99810,0.57444,0.47614,13.13774
6.02019,810.00000,818.97613,0.57444,0.47614,13.13771
6.02119,810.00000,815.99810,0.57444,0.47614,13.13768
6.02219,810.00000,818.97613,0.57445,0.47614,13.13764
6.02319,810.00000,823.48431,0.57445,0.47614,13.13761
6.02419,810.00000,823.48431,0.57445,0.47614,13.13757
6.02519,810.00000,823.48431,0.57445,0.47614,13.13754
6.02619,810.00000,823.48431,0.57445,0.47614,13.13750
6.02719,810.00000,821.97613,0.57445,0.47614,13.13746
6.02819,810.00000,821.97613,0.57446,0.47614,13.13742
6.02919,810.00000,821.97613,0.57446,0.47614,13.13738
6.03019,810.00000,821.97613,0.57446,0.47614,13.13733
6.03119,810.00000,821.97613,0.57446,0.47614,13.13729
6.03219,810.00000,823.48431,0.57446,0.47614,13.13724
6.03319,810.00000,821.97613,0.57447,0.47614,13.13719
6.03419,810.00000,821.97613,0.57447,0.47614,13.13714
6.03519,810.00000,805.74316,0.57447,0.47614,13.13708
6.03619,810.00000,821.97613,0.57447,0.47614,13.13703
6.03719,810.00000,821.97613,0.57448,0.47614,13.13697
6.03819,810.00000,821.97613,0.57448,0.47614,13.13690
6.03919,810.00000,823.48431,0.57448,0.47614,13.13684
6.04019,810.00000,823.48431,0.57448,0.47614,13.13677
6.04119,810.00000,823.48431,0.57449,0.47614,13.13670
6.04219,810.00000,821.97613,0.57449,0.47614,13.13662
6.04319,810.00000,821.97613,0.57449,0.47614,13.13654
6.04419,810.00000,822.72949,0.57450,0.47614,13.13646
6.04519,810.00000,826.51739,0.57450,0.47614,13.13638
6.04619,810.00000,826.51739,0.57451,0.47614,13.13628
6.04719,810.00000,822.72949,0.57451,0.47614,13.13619
6.04819,810.00000,824.24047,0.57451,0.47614,13.13609
6.04919,810.00000,824.24047,0.57452,0.47614,13.13598
6.05019,810.00000,822.72949,0.57452,0.47614,13.13587
6.05119,810.00000,822.72949,0.57453,0.47614,13.13576
6.05219,810.00000,821.22412,0.57453,0.47614,13.13564
6.05319,810.00000,822.72949,0.57454,0.47614,13.13552
6.05419,810.00000,821.22412,0.57454,0.47614,13.13539
6.05519,810.00000,821.22412,0.57455,0.47614,13.13526
6.05619,810.00000,821.22412,0.57456,0.47614,13.13513
6.05719,810.00000,821.22412,0.57456,0.47614,13.13499
6.05819,810.00000,824.24047,0.57457,0.47614,13.13485
6.05919,810.00000,828.04235,0.57457,0.47614,13.13470
6.06019,810.00000,828.04235,0.57458,0.47614,13.13455
6.06119,810.00000,828.04235,0.57459,0.47614,13.13440
6.06219,810.00000,828.04235,0.57460,0.47614,13.13424
6.06319,810.00000,828.04235,0.57460,0.47614,13.13408
6.06419,810.00000,827.27917,0.57461,0.47614,13.13391
6.06519,810.00000,828.04235,0.57462,0.47614,13.13374
6.06619,810.00000,827.27917,0.57462,0.47614,13.13357
6.06719,810.00000,826.51739,0.57463,0.47614,13.13339
6.06819,810.00000,826.51739,0.57464,0.47614,13.13321
6.06919,810.00000,823.48431,0.57465,0.47614,13.13303
6.07019,810.00000,820.47338,0.57466,0.47614,13.13284
6.07119,810.00000,815.99810,0.57466,0.47614,13.13265
6.07219,810.00000,815.99810,0.57467,0.47614,13.13245
6.07319,810.00000,820.47338,0.57468,0.47614,13.13225
6.07419,810.00000,820.47338,0.57469,0.47614,13.13205
6.07519,810.00000,824.99804,0.57470,0.47614,13.13184
6.07619,810.00000,824.99804,0.57471,0.47614,13.13163
6.07719,810.00000,820.47338,0.57472,0.47614,13.13142
6.07819,810.00000,820.47338,0.57473,0.47614,13.13121
6.07919,810.00000,822.72949,0.57474,0.47614,13.13099
6.08019,810.00000,822.72949,0.57475,0.47614,13.13077
6.08119,810.00000,822.72949,0.57476,0.47614,13.13054
6.08219,810.00000,822.72949,0.57477,0.47614,13.13031
6.08319,810.00000,821.22412,0.57478,0.47614,13.13009
6.08419,810.00000,820.47338,0.57479,0.47614,13.12986
6.08519,810.00000,820.47338,0.57480,0.47614,13.12963
6.08619,810.00000,820.47338,0.57481,0.47614,13.12939
6.08719,810.00000,814.51715,0.57482,0.47614,13.12916
6.08819,810.00000,820.47338,0.57483,0.47614,13.12892
6.08919,810.00000,820.47338,0.57484,0.47614,13.12868
6.09019,810.00000,820.47338,0.57485,0.47614,13.12845
6.09119,810.00000,810.83819,0.57486,0.47614,13.12821
6.09219,810.00000,820.47338,0.57487,0.47614,13.12798
6.09319,810.00000,820.47338,0.57488,0.47614,13.12774
6.09419,810.00000,820.47338,0.57489,0.47614,13.12750
6.09519,810.00000,824.24047,0.57490,0.47614,13.12726
6.09619,810.00000,824.24047,0.57491,0.47614,13.12701
6.09719,810.00000,824.24047,0.57492,0.47614,13.12677
6.09819,810.00000,831.10913,0.57493,0.47614,13.12653
6.09919,810.00000,824.24047,0.57494,0.47614,13.12628
6.10019,810.00000,824.24047,0.57495,0.47614,13.12604
6.10119,810.00000,824.24047,0.57496,0.47614,13.12579
6.10219,810.00000,824.24047,0.57498,0.47614,13.12554
6.10319,810.00000,824.24047,0.57499,0.47614,13.12530
6.10419,810.00000,824.24047,0.57500,0.47614,13.12505
6.10519,810.00000,829.57287,0.57501,0.47614,13.12480
6.10619,810.00000,821.22412,0.57502,0.47614,13.12455
6.10719,810.00000,821.22412,0.57503,0.47614,13.12430
6.10819,810.00000,821.22412,0.57504,0.47614,13.12405
6.10919,810.00000,821.22412,0.57505,0.47614,13.12380
6.11019,810.00000,821.22412,0.57506,0.47614,13.12355
6.11119,810.00000,821.22412,0.57507,0.47614,13.12330
6.11219,810.00000,821.22412,0.57509,0.47614,13.12304
6.11319,810.00000,821.22412,0.57510,0.47614,13.12279
6.11419,810.00000,821.22412,0.57511,0.47614,13.12254
6.11519,810.00000,821.22412,0.57512,0.47614,13.12228
6.11619,810.00000,821.22412,0.57513,0.47614,13.12203
6.11719,810.00000,821.22412,0.57514,0.47614,13.12177
6.11819,810.00000,826.51739,0.57515,0.47614,13.12151
6.11919,810.00000,826.51739,0.57516,0.47614,13.12125
6.12019,810.00000,822.72949,0.57518,0.47614,13.12098
6.12119,810.00000,822.72949,0.57519,0.47614,13.12071
6.12219,810.00000,822.72949,0.57520,0.47614,13.12045
6.12319,810.00000,822.72949,0.57521,0.47614,13.12017
6.12419,810.00000,822.72949,0.57522,0.47614,13.11990
6.12519,810.00000,822.72949,0.57524,0.47614,13.11962
6.12619,810.00000,822.72949,0.57525,0.47614,13.11934
6.12719,810.00000,822.72949,0.57526,0.47614,13.11906
6.12819,810.00000,822.72949,0.57527,0.47614,13.11878
6.12919,810.00000,822.72949,0.57528,0.47614,13.11850
6.13019,810.00000,822.72949,0.57530,0.47614,13.11821
6.13119,810.00000,822.72949,0.57531,0.47614,13.11792
6.13219,810.00000,822.72949,0.57532,0.47614,13.11763
6.13319,810.00000,822.72949,0.57534,0.47614,13.11734
6.13419,810.00000,824.99804,0.57535,0.47614,13.11705
6.13519,810.00000,822.72949,0.57536,0.47614,13.11675
6.13619,810.00000,822.72949,0.57537,0.47614,13.11645
6.13719,810.00000,822.72949,0.57539,0.47614,13.11616
6.13818,810.00000,822.72949,0.57540,0.47614,13.11585
6.13919,810.00000,822.72949,0.57541,0.47614,13.11555
6.14019,810.00000,822.72949,0.57543,0.47614,13.11524
6.14119,810.00000,822.72949,0.57544,0.47614,13.11492
6.14219,810.00000,820.47338,0.57546,0.47614,13.11460
6.14319,810.00000,820.47338,0.57547,0.47614,13.11428
6.14419,810.00000,820.47338,0.57548,0.47614,13.11395
6.14519,810.00000,816.74053,0.57550,0.47614,13.11362
6.14619,810.00000,816.74053,0.57551,0.47614,13.11329
6.14719,810.00000,820.47338,0.57553,0.47614,13.11296
6.14819,810.00000,820.47338,0.57554,0.47614,13.11262
6.14920,810.00000,818.22955,0.57556,0.47614,13.11228
6.15019,810.00000,818.22955,0.57557,0.47614,13.11193
6.15119,810.00000,821.97613,0.57559,0.47614,13.11158
6.15219,810.00000,818.22955,0.57560,0.47614,13.11123
6.15319,810.00000,820.47338,0.57562,0.47614,13.11088
6.15419,810.00000,821.97613,0.57563,0.47614,13.11052
6.15519,810.00000,820.47338,0.57565,0.47614,13.11016
6.15620,810.00000,820.47338,0.57567,0.47614,13.10979
6.15727,810.00000,824.99804,0.57568,0.47614,13.10943
6.15820,810.00000,820.47338,0.57570,0.47614,13.10906
6.15923,810.00000,820.47338,0.57572,0.47614,13.10868
6.16021,810.00000,820.47338,0.57573,0.47614,13.10831
6.16123,810.00000,820.47338,0.57575,0.47614,13.10793
6.16220,810.00000,817.48443,0.57577,0.47614,13.10755
6.16327,810.00000,819.72406,0.57578,0.47614,13.10717
6.16420,810.00000,817.48443,0.57580,0.47614,13.10678
6.16522,810.00000,815.25689,0.57582,0.47614,13.10640
6.16619,810.00000,817.48443,0.57583,0.47614,13.10602
6.16719,810.00000,819.72406,0.57585,0.47614,13.10563
6.16819,810.00000,819.72406,0.57587,0.47614,13.10525
6.16919,810.00000,821.22412,0.57588,0.47614,13.10486
6.17019,810.00000,823.48431,0.57590,0.47614,13.10448
6.17119,810.00000,823.48431,0.57592,0.47614,13.10409
6.17219,810.00000,821.22412,0.57593,0.47614,13.10370
6.17319,810.00000,822.72949,0.57595,0.47614,13.10331
6.17419,810.00000,823.48431,0.57597,0.47614,13.10293
6.17519,810.00000,823.48431,0.57599,0.47614,13.10254
6.17619,810.00000,826.51739,0.57600,0.47614,13.10216
6.17719,810.00000,826.51739,0.57602,0.47614,13.10177
6.17819,810.00000,831.10913,0.57604,0.47614,13.10139
6.17919,810.00000,826.51739,0.57605,0.47614,13.10101
6.18019,810.00000,826.51739,0.57607,0.47614,13.10064
6.18119,810.00000,822.72949,0.57609,0.47614,13.10026
6.18219,810.00000,822.72949,0.57610,0.47614,13.09988
6.18319,810.00000,826.51739,0.57612,0.47614,13.09951
6.18419,810.00000,826.51739,0.57613,0.47614,13.09914
6.18519,810.00000,823.48431,0.57615,0.47614,13.09878
6.18619,810.00000,826.51739,0.57617,0.47614,13.09842
6.18719,810.00000,823.48431,0.57618,0.47614,13.09806
6.18819,810.00000,823.48431,0.57620,0.47614,13.09770
6.18919,810.00000,823.48431,0.57621,0.47614,13.09735
6.19019,810.00000,823.48431,0.57623,0.47614,13.09700
6.19119,810.00000,815.25689,0.57624,0.47614,13.09665
6.19219,810.00000,815.25689,0.57626,0.47614,13.09631
6.19319,810.00000,813.77874,0.57627,0.47614,13.09597
6.19419,810.00000,813.77874,0.57629,0.47614,13.09564
6.19519,810.00000,813.77874,0.57630,0.47614,13.09531
6.19619,810.00000,815.25689,0.57632,0.47614,13.09499
6.19719,810.00000,815.25689,0.57633,0.47614,13.09467
6.19819,810.00000,815.25689,0.57634,0.47614,13.09436
6.19919,810.00000,821.22412,0.57636,0.47614,13.09405
6.20019,810.00000,816.74053,0.57637,0.47614,13.09375
6.20119,810.00000,821.22412,0.57638,0.47614,13.09346
6.20219,810.00000,826.51739,0.57640,0.47614,13.09316
6.20319,810.00000,826.51739,0.57641,0.47614,13.09288
6.20419,810.00000,827.27917,0.57642,0.47614,13.09260
6.20519,810.00000,827.27917,0.57643,0.47614,13.09233
6.20619,810.00000,826.51739,0.57645,0.47614,13.09206
6.20719,810.00000,826.51739,0.57646,0.47614,13.09180
6.20819,810.00000,826.51739,0.57647,0.47614,13.09155
6.20919,810.00000,826.51739,0.57648,0.47614,13.09131
6.21019,810.00000,828.80694,0.57649,0.47614,13.09107
6.21119,810.00000,828.80694,0.57650,0.47614,13.09084
6.21219,810.00000,828.80694,0.57651,0.47614,13.09061
6.21319,810.00000,824.99804,0.57652,0.47614,13.09039
6.21419,810.00000,825.75701,0.57653,0.47614,13.09017
6.21519,810.00000,825.75701,0.57654,0.47614,13.08997
6.21619,810.00000,825.75701,0.57655,0.47614,13.08976
6.21719,810.00000,825.75701,0.57656,0.47614,13.08957
6.21819,810.00000,824.99804,0.57656,0.47614,13.08937
6.21919,810.00000,825.75701,0.57657,0.47614,13.08919
6.22019,810.00000,825.75701,0.57658,0.47614,13.08901
6.22119,810.00000,822.72949,0.57659,0.47614,13.08884
6.22219,810.00000,825.75701,0.57660,0.47614,13.08867
6.22319,810.00000,822.72949,0.57660,0.47614,13.08851
6.22419,810.00000,822.72949,0.57661,0.47614,13.08835
6.22519,810.00000,822.72949,0.57662,0.47614,13.08820
6.22619,810.00000,822.72949,0.57662,0.47614,13.08805
6.22719,810.00000,822.72949,0.57663,0.47614,13.08792
6.22819,810.00000,822.72949,0.57663,0.47614,13.08778
6.22919,810.00000,822.72949,0.57664,0.47614,13.08765
6.23019,810.00000,822.72949,0.57665,0.47614,13.08753
6.23119,810.00000,821.22412,0.57665,0.47614,13.08741
6.23219,810.00000,824.24047,0.57666,0.47614,13.08730
6.23319,810.00000,824.24047,0.57666,0.47614,13.08719
6.23419,810.00000,824.24047,0.57667,0.47614,13.08709
6.23519,810.00000,824.24047,0.57667,0.47614,13.08699
6.23619,810.00000,824.24047,0.57667,0.47614,13.08690
6.23719,810.00000,823.48431,0.57668,0.47614,13.08682
6.23819,810.00000,823.48431,0.57668,0.47614,13.08674
6.23919,810.00000,823.48431,0.57668,0.47614,13.08666
6.24019,810.00000,823.48431,0.57669,0.47614,13.08659
6.24119,810.00000,823.48431,0.57669,0.47614,13.08652
6.24219,810.00000,823.48431,0.57669,0.47614,13.08646
6.24319,810.00000,823.48431,0.57670,0.47614,13.08640
6.24419,810.00000,820.47338,0.57670,0.47614,13.08635
6.24519,810.00000,820.47338,0.57670,0.47614,13.08629
6.24619,810.00000,820.47338,0.57670,0.47614,13.08624
6.24719,810.00000,820.47338,0.57670,0.47614,13.08619
6.24819,810.00000,818.97613,0.57671,0.47614,13.08615
6.24919,810.00000,820.47338,0.57671,0.47614,13.08611
6.25020,810.00000,820.47338,0.57671,0.47614,13.08607
6.25119,810.00000,819.72406,0.57671,0.47614,13.08603
6.25219,810.00000,819.72406,0.57671,0.47614,13.08599
6.25319,810.00000,820.47338,0.57671,0.47614,13.08596
6.25419,810.00000,820.47338,0.57672,0.47614,13.08593
6.25519,810.00000,820.47338,0.57672,0.47614,13.08590
6.25619,810.00000,828.04235,0.57672,0.47614,13.08587
6.25720,810.00000,830.34033,0.57672,0.47614,13.08585
6.25819,810.00000,828.04235,0.57672,0.47614,13.08582
6.25919,810.00000,828.04235,0.57672,0.47614,13.08579
6.26019,810.00000,823.48431,0.57672,0.47614,13.08577
6.26119,810.00000,823.48431,0.57672,0.47614,13.08574
6.26219,810.00000,825.75701,0.57673,0.47614,13.08572
6.26319,810.00000,823.48431,0.57673,0.47614,13.08569
6.26419,810.00000,823.48431,0.57673,0.47614,13.08567
6.26519,810.00000,823.48431,0.57673,0.47614,13.08565
6.26619,810.00000,823.48431,0.57673,0.47614,13.08563
6.26719,810.00000,823.48431,0.57673,0.47614,13.08561
6.26819,810.00000,823.48431,0.57673,0.47614,13.08559
6.26919,810.00000,824.99804,0.57673,0.47614,13.08557
6.27019,810.00000,825.75701,0.57673,0.47614,13.08555
6.27119,810.00000,825.75701,0.57673,0.47614,13.08553
6.27219,810.00000,825.75701,0.57673,0.47614,13.08551
6.27319,810.00000,828.80694,0.57674,0.47614,13.08549
6.27419,810.00000,828.80694,0.57674,0.47614,13.08547
6.27519,810.00000,828.80694,0.57674,0.47614,13.08545
6.27619,810.00000,828.80694,0.57674,0.47614,13.08543
6.27719,810.00000,828.80694,0.57674,0.47614,13.08540
6.27819,810.00000,828.80694,0.57674,0.47614,13.08537
6.27919,810.00000,828.80694,0.57674,0.47614,13.08535
6.28019,810.00000,821.22412,0.57674,0.47614,13.08532
6.28119,810.00000,819.72406,0.57674,0.47614,13.08529
6.28219,810.00000,819.72406,0.57675,0.47614,13.08526
6.28319,810.00000,819.72406,0.57675,0.47614,13.08522
6.28419,810.00000,819.72406,0.57675,0.47614,13.08519
6.28519,810.00000,822.72949,0.57675,0.47614,13.08515
6.28619,810.00000,822.72949,0.57675,0.47614,13.08510
6.28719,810.00000,822.72949,0.57675,0.47614,13.08506
6.28819,810.00000,822.72949,0.57676,0.47614,13.08501
6.28919,810.00000,823.48431,0.57676,0.47614,13.08496
6.29019,810.00000,823.48431,0.57676,0.47614,13.08491
6.29119,810.00000,824.99804,0.57676,0.47614,13.08486
6.29219,810.00000,824.99804,0.57677,0.47614,13.08480
6.29319,810.00000,829.57287,0.57677,0.47614,13.08474
6.29419,810.00000,829.57287,0.57677,0.47614,13.08467
6.29519,810.00000,822.72949,0.57677,0.47614,13.08460
6.29619,810.00000,829.57287,0.57678,0.47614,13.08454
6.29719,810.00000,818.22955,0.57678,0.47614,13.08446
6.29819,810.00000,818.22955,0.57678,0.47614,13.08439
6.29919,810.00000,822.72949,0.57679,0.47614,13.08431
6.30019,810.00000,818.22955,0.57679,0.47614,13.08423
6.30119,810.00000,818.22955,0.57680,0.47614,13.08414
6.30220,810.00000,818.22955,0.57680,0.47614,13.08406
6.30322,810.00000,822.72949,0.57680,0.47614,13.08397
6.30419,810.00000,818.22955,0.57681,0.47614,13.08388
6.30519,810.00000,822.72949,0.57681,0.47614,13.08378
6.30619,810.00000,822.72949,0.57682,0.47614,13.08368
6.30719,810.00000,822.72949,0.57682,0.47614,13.08359
6.30819,810.00000,822.72949,0.57682,0.47614,13.08348
6.30919,810.00000,822.72949,0.57683,0.47614,13.08338
6.31019,810.00000,816.74053,0.57683,0.47614,13.08327
6.31119,810.00000,818.97613,0.57684,0.47614,13.08317
6.31219,810.00000,822.72949,0.57684,0.47614,13.08306
6.31319,810.00000,822.72949,0.57685,0.47614,13.08294
6.31419,810.00000,818.97613,0.57685,0.47614,13.08283
6.31519,810.00000,822.72949,0.57686,0.47614,13.08271
6.31619,810.00000,818.97613,0.57686,0.47614,13.08259
6.31719,810.00000,823.48431,0.57687,0.47614,13.08246
6.31819,810.00000,818.97613,0.57687,0.47614,13.08234
6.31919,810.00000,818.97613,0.57688,0.47614,13.08221
6.32019,810.00000,818.97613,0.57689,0.47614,13.08209
6.32119,810.00000,818.97613,0.57689,0.47614,13.08195
6.32219,810.00000,823.48431,0.57690,0.47614,13.08182
6.32319,810.00000,818.22955,0.57690,0.47614,13.08168
6.32419,810.00000,818.22955,0.57691,0.47614,13.08154
6.32520,810.00000,824.24047,0.57692,0.47614,13.08140
6.32619,810.00000,818.22955,0.57692,0.47614,13.08125
6.32719,810.00000,824.24047,0.57693,0.47614,13.08110
6.32819,810.00000,818.22955,0.57694,0.47614,13.08094
6.32919,810.00000,824.24047,0.57694,0.47614,13.08078
6.33019,810.00000,824.24047,0.57695,0.47614,13.08062
6.33119,810.00000,824.24047,0.57696,0.47614,13.08045
6.33219,810.00000,824.24047,0.57697,0.47614,13.08028
6.33319,810.00000,824.24047,0.57697,0.47614,13.08010
6.33419,810.00000,824.24047,0.57698,0.47614,13.07992
6.33519,810.00000,824.24047,0.57699,0.47614,13.07974
6.33619,810.00000,821.97613,0.57700,0.47614,13.07956
6.33719,810.00000,823.48431,0.57701,0.47614,13.07937
6.33819,810.00000,821.97613,0.57701,0.47614,13.07918
6.33919,810.00000,823.48431,0.57702,0.47614,13.07898
6.34019,810.00000,821.97613,0.57703,0.47614,13.07878
6.34119,810.00000,821.97613,0.57704,0.47614,13.07858
6.34219,810.00000,823.48431,0.57705,0.47614,13.07837
6.34319,810.00000,821.97613,0.57706,0.47614,13.07816
6.34419,810.00000,821.97613,0.57707,0.47614,13.07795
6.34519,810.00000,823.48431,0.57708,0.47614,13.07773
6.34619,810.00000,823.48431,0.57709,0.47614,13.07752
6.34719,810.00000,826.51739,0.57710,0.47614,13.07730
6.34819,810.00000,826.51739,0.57711,0.47614,13.07707
6.34919,810.00000,826.51739,0.57712,0.47614,13.07684
6.35019,810.00000,826.51739,0.57713,0.47614,13.07661
6.35120,810.00000,826.51739,0.57714,0.47614,13.07638
6.35219,810.00000,826.51739,0.57715,0.47614,13.07614
6.35319,810.00000,826.51739,0.57716,0.47614,13.07590
6.35419,810.00000,826.51739,0.57717,0.47614,13.07566
6.35519,810.00000,821.97613,0.57718,0.47614,13.07541
6.35619,810.00000,821.97613,0.57719,0.47614,13.07517
6.35719,810.00000,821.97613,0.57720,0.47614,13.07491
6.35819,810.00000,820.47338,0.57721,0.47614,13.07466
6.35919,810.00000,820.47338,0.57722,0.47614,13.07440
6.36019,810.00000,821.97613,0.57724,0.47614,13.07415
6.36119,810.00000,821.97613,0.57725,0.47614,13.07389
6.36219,810.00000,822.72949,0.57726,0.47614,13.07362
6.36319,810.00000,824.99804,0.57727,0.47614,13.07335
6.36419,810.00000,824.99804,0.57728,0.47614,13.07308
6.36519,810.00000,825.75701,0.57730,0.47614,13.07280
6.36619,810.00000,825.75701,0.57731,0.47614,13.07252
6.36719,810.00000,824.99804,0.57732,0.47614,13.07224
6.36819,810.00000,824.99804,0.57733,0.47614,13.07195
6.36919,810.00000,825.75701,0.57735,0.47614,13.07165
6.37019,810.00000,825.75701,0.57736,0.47614,13.07136
6.37119,810.00000,828.80694,0.57737,0.47614,13.07106
6.37219,810.00000,828.80694,0.57739,0.47614,13.07075
6.37319,810.00000,825.75701,0.57740,0.47614,13.07044
6.37419,810.00000,825.75701,0.57741,0.47614,13.07013
6.37519,810.00000,820.47338,0.57743,0.47614,13.06982
6.37619,810.00000,819.72406,0.57744,0.47614,13.06950
6.37719,810.00000,819.72406,0.57746,0.47614,13.06918
6.37819,810.00000,820.47338,0.57747,0.47614,13.06885
6.37919,810.00000,820.47338,0.57748,0.47614,13.06853
6.38019,810.00000,819.72406,0.57750,0.47614,13.06820
6.38119,810.00000,819.72406,0.57751,0.47614,13.06787
6.38219,810.00000,819.72406,0.57753,0.47614,13.06754
6.38319,810.00000,820.47338,0.57754,0.47614,13.06721
6.38419,810.00000,820.47338,0.57756,0.47614,13.06687
6.38519,810.00000,824.24047,0.57757,0.47614,13.06654
6.38619,810.00000,825.75701,0.57759,0.47614,13.06620
6.38719,810.00000,825.75701,0.57760,0.47614,13.06586
6.38820,810.00000,825.75701,0.57762,0.47614,13.06552
6.38919,810.00000,824.99804,0.57763,0.47614,13.06518
6.39019,810.00000,825.75701,0.57765,0.47614,13.06484
6.39119,810.00000,824.99804,0.57766,0.47614,13.06450
6.39219,810.00000,824.99804,0.57768,0.47614,13.06415
6.39319,810.00000,824.24047,0.57769,0.47614,13.06381
6.39419,810.00000,817.48443,0.57771,0.47614,13.06346
6.39519,810.00000,817.48443,0.57772,0.47614,13.06311
6.39619,810.00000,817.48443,0.57774,0.47614,13.06276
6.39719,810.00000,813.77874,0.57775,0.47614,13.06241
6.39819,810.00000,817.48443,0.57777,0.47614,13.06206
6.39919,810.00000,817.48443,0.57779,0.47614,13.06171
6.40019,810.00000,819.72406,0.57780,0.47614,13.06136
6.40119,810.00000,819.72406,0.57782,0.47614,13.06100
6.40219,810.00000,821.22412,0.57783,0.47614,13.06064
6.40319,810.00000,821.22412,0.57785,0.47614,13.06029
6.40419,810.00000,828.04235,0.57786,0.47614,13.05993
6.40519,810.00000,828.04235,0.57788,0.47614,13.05957
6.40619,810.00000,828.04235,0.57790,0.47614,13.05921
6.40719,810.00000,828.04235,0.57791,0.47614,13.05885
6.40819,810.00000,828.04235,0.57793,0.47614,13.05849
6.40919,810.00000,828.04235,0.57794,0.47614,13.05812
6.41019,810.00000,828.04235,0.57796,0.47614,13.05776
6.41119,810.00000,828.04235,0.57798,0.47614,13.05739
6.41219,810.00000,828.04235,0.57799,0.47614,13.05703
6.41319,810.00000,828.04235,0.57801,0.47614,13.05666
6.41419,810.00000,828.04235,0.57803,0.47614,13.05629
6.41519,810.00000,818.22955,0.57804,0.47614,13.05593
6.41619,810.00000,818.22955,0.57806,0.47614,13.05556
6.41719,810.00000,818.22955,0.57807,0.47614,13.05519
6.41819,810.00000,818.22955,0.57809,0.47614,13.05482
6.41919,810.00000,818.22955,0.57811,0.47614,13.05445
6.42019,810.00000,821.22412,0.57812,0.47614,13.05408
6.42119,810.00000,821.22412,0.57814,0.47614,13.05370
6.42219,810.00000,823.48431,0.57816,0.47614,13.05333
6.42319,810.00000,823.48431,0.57817,0.47614,13.05296
6.42419,810.00000,821.22412,0.57819,0.47614,13.05258
6.42519,810.00000,821.22412,0.57821,0.47614,13.05221
6.42619,810.00000,821.22412,0.57822,0.47614,13.05184
6.42719,810.00000,823.48431,0.57824,0.47614,13.05146
6.42819,810.00000,823.48431,0.57826,0.47614,13.05109
6.42919,810.00000,825.75701,0.57827,0.47614,13.05071
6.43019,810.00000,825.75701,0.57829,0.47614,13.05033
6.43119,810.00000,825.75701,0.57831,0.47614,13.04996
6.43219,810.00000,830.34033,0.57832,0.47614,13.04958
6.43319,810.00000,830.34033,0.57834,0.47614,13.04920
6.43419,810.00000,830.34033,0.57836,0.47614,13.04882
6.43519,810.00000,830.34033,0.57837,0.47614,13.04844
6.43619,810.00000,830.34033,0.57839,0.47614,13.04806
6.43719,810.00000,830.34033,0.57841,0.47614,13.04769
6.43819,810.00000,830.34033,0.57842,0.47614,13.04731
6.43919,810.00000,830.34033,0.57844,0.47614,13.04693
6.44019,810.00000,830.34033,0.57846,0.47614,13.04655
6.44119,810.00000,830.34033,0.57847,0.47614,13.04617
6.44219,810.00000,830.34033,0.57849,0.47614,13.04579
6.44319,810.00000,823.48431,0.57851,0.47614,13.04541
6.44419,810.00000,823.48431,0.57852,0.47614,13.04503
6.44519,810.00000,824.24047,0.57854,0.47614,13.04465
6.44619,810.00000,824.24047,0.57856,0.47614,13.04426
6.44719,810.00000,824.24047,0.57858,0.47614,13.04388
6.44820,810.00000,824.24047,0.57859,0.47614,13.04350
6.44922,810.00000,823.48431,0.57861,0.47614,13.04312
6.45019,810.00000,823.48431,0.57863,0.47614,13.04274
6.45119,810.00000,824.24047,0.57864,0.47614,13.04235
6.45219,810.00000,824.24047,0.57866,0.47614,13.04197
6.45319,810.00000,823.48431,0.57868,0.47614,13.04159
6.45419,810.00000,823.48431,0.57869,0.47614,13.04121
6.45519,810.00000,818.22955,0.57871,0.47614,13.04082
6.45619,810.00000,818.22955,0.57873,0.47614,13.04044
6.45719,810.00000,818.22955,0.57875,0.47614,13.04006
6.45819,810.00000,821.97613,0.57876,0.47614,13.03967
6.45919,810.00000,821.97613,0.57878,0.47614,13.03929
6.46019,810.00000,821.97613,0.57880,0.47614,13.03891
6.46119,810.00000,818.22955,0.57881,0.47614,13.03852
6.46219,810.00000,818.22955,0.57883,0.47614,13.03814
6.46319,810.00000,818.22955,0.57885,0.47614,13.03776
6.46419,810.00000,821.97613,0.57886,0.47614,13.03738
6.46519,810.00000,821.97613,0.57888,0.47614,13.03700
6.46619,810.00000,823.48431,0.57890,0.47614,13.03661
6.46719,810.00000,823.48431,0.57891,0.47614,13.03623
6.46819,810.00000,820.47338,0.57893,0.47614,13.03585
6.46919,810.00000,820.47338,0.57895,0.47614,13.03547
6.47019,810.00000,826.51739,0.57897,0.47614,13.03508
6.47119,810.00000,820.47338,0.57898,0.47614,13.03470
6.47219,810.00000,826.51739,0.57900,0.47614,13.03432
6.47319,810.00000,826.51739,0.57902,0.47614,13.03394
6.47419,810.00000,826.51739,0.57903,0.47614,13.03356
6.47519,810.00000,820.47338,0.57905,0.47614,13.03318
6.47619,810.00000,826.51739,0.57907,0.47614,13.03280
6.47719,810.00000,821.22412,0.57908,0.47614,13.03243
6.47819,810.00000,821.22412,0.57910,0.47614,13.03205
6.47919,810.00000,821.22412,0.57912,0.47614,13.03168
6.48019,810.00000,821.22412,0.57913,0.47614,13.03131
6.48119,810.00000,820.47338,0.57915,0.47614,13.03094
6.48219,810.00000,821.22412,0.57917,0.47614,13.03057
6.48319,810.00000,820.47338,0.57918,0.47614,13.03020
6.48419,810.00000,821.22412,0.57920,0.47614,13.02984
6.48519,810.00000,821.22412,0.57922,0.47614,13.02948
6.48619,810.00000,821.22412,0.57923,0.47614,13.02911
6.48719,810.00000,820.47338,0.57925,0.47614,13.02875
6.48819,810.00000,820.47338,0.57926,0.47614,13.02839
6.48919,810.00000,820.47338,0.57928,0.47614,13.02803
6.49019,810.00000,820.47338,0.57930,0.47614,13.02767
6.49119,810.00000,820.47338,0.57931,0.47614,13.02730
6.49219,810.00000,824.24047,0.57933,0.47614,13.02694
6.49319,810.00000,820.47338,0.57934,0.47614,13.02658
6.49419,810.00000,824.24047,0.57936,0.47614,13.02622
6.49519,810.00000,824.24047,0.57938,0.47614,13.02586
6.49619,810.00000,824.24047,0.57939,0.47614,13.02550
6.49719,810.00000,824.24047,0.57941,0.47614,13.02514
6.49819,810.00000,826.51739,0.57942,0.47614,13.02478
6.49919,810.00000,828.80694,0.57944,0.47614,13.02442
6.50019,810.00000,828.80694,0.57946,0.47614,13.02407
6.50119,810.00000,831.10913,0.57947,0.47614,13.02371
6.50219,810.00000,828.80694,0.57949,0.47614,13.02335
6.50319,810.00000,826.51739,0.57950,0.47614,13.02299
6.50419,810.00000,828.80694,0.57952,0.47614,13.02263
6.50519,810.00000,826.51739,0.57954,0.47614,13.02228
6.50619,810.00000,826.51739,0.57955,0.47614,13.02192
6.50719,810.00000,826.51739,0.57957,0.47614,13.02156
6.50819,810.00000,824.99804,0.57958,0.47614,13.02121
6.50919,810.00000,824.24047,0.57960,0.47614,13.02085
6.51019,810.00000,824.24047,0.57961,0.47614,13.02050
6.51119,810.00000,824.24047,0.57963,0.47614,13.02014
6.51219,810.00000,822.72949,0.57965,0.47614,13.01979
6.51319,810.00000,824.24047,0.57966,0.47614,13.01943
6.51419,810.00000,822.72949,0.57968,0.47614,13.01908
6.51519,810.00000,822.72949,0.57969,0.47614,13.01873
6.51619,810.00000,821.97613,0.57971,0.47614,13.01838
6.51719,810.00000,821.97613,0.57972,0.47614,13.01803
6.51819,810.00000,821.22412,0.57974,0.47614,13.01767
6.51919,810.00000,821.97613,0.57976,0.47614,13.01732
6.52019,810.00000,823.48431,0.57977,0.47614,13.01698
6.52119,810.00000,823.48431,0.57979,0.47614,13.01663
6.52219,810.00000,823.48431,0.57980,0.47614,13.01628
6.52319,810.00000,823.48431,0.57982,0.47614,13.01593
6.52419,810.00000,823.48431,0.57983,0.47614,13.01559
6.52519,810.00000,823.48431,0.57985,0.47614,13.01524
6.52619,810.00000,823.48431,0.57986,0.47614,13.01490
6.52719,810.00000,823.48431,0.57988,0.47614,13.01455
6.52819,810.00000,823.48431,0.57989,0.47614,13.01421
6.52919,810.00000,825.75701,0.57991,0.47614,13.01388
6.53019,810.00000,823.48431,0.57992,0.47614,13.01354
6.53119,810.00000,823.48431,0.57994,0.47614,13.01321
6.53219,810.00000,824.24047,0.57995,0.47614,13.01288
6.53319,810.00000,824.24047,0.57997,0.47614,13.01255
6.53419,810.00000,824.24047,0.57998,0.47614,13.01223
6.53519,810.00000,824.24047,0.58000,0.47614,13.01191
6.53619,810.00000,825.75701,0.58001,0.47614,13.01159
6.53719,810.00000,825.75701,0.58003,0.47614,13.01127
6.53819,810.00000,825.75701,0.58004,0.47614,13.01096
6.53919,810.00000,825.75701,0.58005,0.47614,13.01064
6.54019,810.00000,824.24047,0.58007,0.47614,13.01033
6.54119,810.00000,824.24047,0.58008,0.47614,13.01003
6.54219,810.00000,824.24047,0.58009,0.47614,13.00972
6.54319,810.00000,825.75701,0.58011,0.47614,13.00942
6.54419,810.00000,825.75701,0.58012,0.47614,13.00912
6.54519,810.00000,825.75701,0.58013,0.47614,13.00882
6.54619,810.00000,825.75701,0.58015,0.47614,13.00853
6.54719,810.00000,824.24047,0.58016,0.47614,13.00824
6.54819,810.00000,823.48431,0.58017,0.47614,13.00795
6.54919,810.00000,824.24047,0.58019,0.47614,13.00766
6.55019,810.00000,824.24047,0.58020,0.47614,13.00737
6.55119,810.00000,826.51739,0.58021,0.47614,13.00709
6.55219,810.00000,826.51739,0.58022,0.47614,13.00681
6.55319,810.00000,826.51739,0.58024,0.47614,13.00653
6.55419,810.00000,826.51739,0.58025,0.47614,13.00625
6.55519,810.00000,826.51739,0.58026,0.47614,13.00598
6.55619,810.00000,826.51739,0.58027,0.47614,13.00571
6.55719,810.00000,826.51739,0.58029,0.47614,13.00544
6.55819,810.00000,826.51739,0.58030,0.47614,13.00516
6.55919,810.00000,826.51739,0.58031,0.47614,13.00489
6.56019,810.00000,826.51739,0.58032,0.47614,13.00462
6.56119,810.00000,826.51739,0.58033,0.47614,13.00435
6.56219,810.00000,825.75701,0.58035,0.47614,13.00408
6.56319,810.00000,825.75701,0.58036,0.47614,13.00382
6.56419,810.00000,821.97613,0.58037,0.47614,13.00355
6.56519,810.00000,821.22412,0.58038,0.47614,13.00328
6.56619,810.00000,821.22412,0.58039,0.47614,13.00301
6.56719,810.00000,821.22412,0.58041,0.47614,13.00274
6.56819,810.00000,821.22412,0.58042,0.47614,13.00248
6.56919,810.00000,821.22412,0.58043,0.47614,13.00221
6.57019,810.00000,821.22412,0.58044,0.47614,13.00195
6.57119,810.00000,821.22412,0.58045,0.47614,13.00168
6.57219,810.00000,819.72406,0.58047,0.47614,13.00142
6.57319,810.00000,819.72406,0.58048,0.47614,13.00115
6.57419,810.00000,821.22412,0.58049,0.47614,13.00089
6.57519,810.00000,822.72949,0.58050,0.47614,13.00063
6.57619,810.00000,822.72949,0.58051,0.47614,13.00036
6.57719,810.00000,822.72949,0.58052,0.47614,13.00010
6.57819,810.00000,822.72949,0.58054,0.47614,12.99984
6.57919,810.00000,822.72949,0.58055,0.47614,12.99957
6.58019,810.00000,822.72949,0.58056,0.47614,12.99931
6.58119,810.00000,816.74053,0.58057,0.47614,12.99904
6.58219,810.00000,822.72949,0.58058,0.47614,12.99877
6.58319,810.00000,822.72949,0.58060,0.47614,12.99850
6.58419,810.00000,818.97613,0.58061,0.47614,12.99823
6.58519,810.00000,818.97613,0.58062,0.47614,12.99795
6.58619,810.00000,818.97613,0.58063,0.47614,12.99768
6.58719,810.00000,821.97613,0.58064,0.47614,12.99740
6.58819,810.00000,821.97613,0.58066,0.47614,12.99712
6.58919,810.00000,821.97613,0.58067,0.47614,12.99684
6.59019,810.00000,823.48431,0.58068,0.47614,12.99656
6.59119,810.00000,823.48431,0.58069,0.47614,12.99627
6.59219,810.00000,823.48431,0.58071,0.47614,12.99598
6.59319,810.00000,823.48431,0.58072,0.47614,12.99569
6.59419,810.00000,823.48431,0.58073,0.47614,12.99539
6.59519,810.00000,823.48431,0.58075,0.47614,12.99509
6.59622,810.00000,824.24047,0.58076,0.47614,12.99479
6.59719,810.00000,828.80694,0.58077,0.47614,12.99449
6.59819,810.00000,823.48431,0.58079,0.47614,12.99418
6.59919,810.00000,823.48431,0.58080,0.47614,12.99387
6.60019,810.00000,823.48431,0.58082,0.47614,12.99355
6.60119,810.00000,823.48431,0.58083,0.47614,12.99323
6.60219,810.00000,820.47338,0.58085,0.47614,12.99290
6.60319,810.00000,820.47338,0.58086,0.47614,12.99257
6.60419,810.00000,820.47338,0.58088,0.47614,12.99224
6.60519,810.00000,820.47338,0.58089,0.47614,12.99190
6.60619,810.00000,823.48431,0.58091,0.47614,12.99156
6.60719,810.00000,823.48431,0.58092,0.47614,12.99121
6.60819,810.00000,823.48431,0.58094,0.47614,12.99086
6.60919,810.00000,823.48431,0.58095,0.47614,12.99051
6.61019,810.00000,827.27917,0.58097,0.47614,12.99015
6.61119,810.00000,827.27917,0.58098,0.47614,12.98979
6.61219,810.00000,827.27917,0.58100,0.47614,12.98942
6.61319,810.00000,827.27917,0.58102,0.47614,12.98905
6.61419,810.00000,827.27917,0.58103,0.47614,12.98867
6.61519,810.00000,827.27917,0.58105,0.47614,12.98829
6.61619,810.00000,827.27917,0.58107,0.47614,12.98790
6.61719,810.00000,825.75701,0.58109,0.47614,12.98751
6.61819,810.00000,824.99804,0.58110,0.47614,12.98711
6.61919,810.00000,824.99804,0.58112,0.47614,12.98671
6.62019,810.00000,824.99804,0.58114,0.47614,12.98630
6.62119,810.00000,822.72949,0.58116,0.47614,12.98588
6.62219,810.00000,822.72949,0.58118,0.47614,12.98546
6.62319,810.00000,822.72949,0.58120,0.47614,12.98504
6.62419,810.00000,822.72949,0.58122,0.47614,12.98461
6.62519,810.00000,822.72949,0.58124,0.47614,12.98417
6.62619,810.00000,822.72949,0.58126,0.47614,12.98373
6.62719,810.00000,822.72949,0.58128,0.47614,12.98329
6.62819,810.00000,822.72949,0.58130,0.47614,12.98284
6.62919,810.00000,820.47338,0.58132,0.47614,12.98239
6.63019,810.00000,822.72949,0.58134,0.47614,12.98193
6.63120,810.00000,824.99804,0.58136,0.47614,12.98146
6.63219,810.00000,827.27917,0.58138,0.47614,12.98099
6.63319,810.00000,824.99804,0.58140,0.47614,12.98052
6.63419,810.00000,826.51739,0.58142,0.47614,12.98004
6.63519,810.00000,826.51739,0.58144,0.47614,12.97956
6.63619,810.00000,826.51739,0.58146,0.47614,12.97907
6.63719,810.00000,826.51739,0.58149,0.47614,12.97858
6.63819,810.00000,826.51739,0.58151,0.47614,12.97808
6.63919,810.00000,827.27917,0.58153,0.47614,12.97758
6.64019,810.00000,827.27917,0.58155,0.47614,12.97708
6.64119,810.00000,827.27917,0.58158,0.47614,12.97657
6.64219,810.00000,826.51739,0.58160,0.47614,12.97606
6.64319,810.00000,826.51739,0.58162,0.47614,12.97555
6.64419,810.00000,826.51739,0.58165,0.47614,12.97503
6.64519,810.00000,827.27917,0.58167,0.47614,12.97450
6.64619,810.00000,827.27917,0.58169,0.47614,12.97398
6.64719,810.00000,826.51739,0.58172,0.47614,12.97345
6.64819,810.00000,826.51739,0.58174,0.47614,12.97291
6.64919,810.00000,826.51739,0.58176,0.47614,12.97237
6.65019,810.00000,826.51739,0.58179,0.47614,12.97183
6.65119,810.00000,826.51739,0.58181,0.47614,12.97128
6.65219,810.00000,826.51739,0.58184,0.47614,12.97073
6.65319,810.00000,827.27917,0.58186,0.47614,12.97017
6.65419,810.00000,824.99804,0.58189,0.47614,12.96961
6.65519,810.00000,827.27917,0.58191,0.47614,12.96905
6.65619,810.00000,824.99804,0.58194,0.47614,12.96849
6.65719,810.00000,824.99804,0.58196,0.47614,12.96792
6.65819,810.00000,824.99804,0.58199,0.47614,12.96735
6.65919,810.00000,824.99804,0.58202,0.47614,12.96677
6.66019,810.00000,825.75701,0.58204,0.47614,12.96619
6.66119,810.00000,824.99804,0.58207,0.47614,12.96561
6.66219,810.00000,824.24047,0.58209,0.47614,12.96503
6.66319,810.00000,824.24047,0.58212,0.47614,12.96444
6.66419,810.00000,824.24047,0.58215,0.47614,12.96385
6.66519,810.00000,824.24047,0.58217,0.47614,12.96326
6.66619,810.00000,824.24047,0.58220,0.47614,12.96266
6.66719,810.00000,825.75701,0.58223,0.47614,12.96206
6.66819,810.00000,825.75701,0.58225,0.47614,12.96146
6.66919,810.00000,825.75701,0.58228,0.47614,12.96086
6.67019,810.00000,825.75701,0.58231,0.47614,12.96025
6.67119,810.00000,827.27917,0.58234,0.47614,12.95964
6.67219,810.00000,827.27917,0.58236,0.47614,12.95903
6.67319,810.00000,827.27917,0.58239,0.47614,12.95842
6.67419,810.00000,827.27917,0.58242,0.47614,12.95781
6.67519,810.00000,827.27917,0.58245,0.47614,12.95720
6.67619,810.00000,825.75701,0.58247,0.47614,12.95658
6.67719,810.00000,825.75701,0.58250,0.47614,12.95597
6.67819,810.00000,825.75701,0.58253,0.47614,12.95536
6.67919,810.00000,825.75701,0.58256,0.47614,12.95474
6.68019,810.00000,825.75701,0.58258,0.47614,12.95413
6.68119,810.00000,826.51739,0.58261,0.47614,12.95351
6.68219,810.00000,825.75701,0.58264,0.47614,12.95289
6.68319,810.00000,826.51739,0.58267,0.47614,12.95228
6.68419,810.00000,826.51739,0.58269,0.47614,12.95167
6.68519,810.00000,825.75701,0.58272,0.47614,12.95106
6.68619,810.00000,825.75701,0.58275,0.47614,12.95045
6.68719,810.00000,826.51739,0.58278,0.47614,12.94985
6.68819,810.00000,827.27917,0.58280,0.47614,12.94924
6.68919,810.00000,827.27917,0.58283,0.47614,12.94864
6.69019,810.00000,827.27917,0.58286,0.47614,12.94804
6.69119,810.00000,826.51739,0.58289,0.47614,12.94744
6.69219,810.00000,827.27917,0.58291,0.47614,12.94684
6.69319,810.00000,827.27917,0.58294,0.47614,12.94625
6.69419,810.00000,825.75701,0.58297,0.47614,12.94566
6.69519,810.00000,825.75701,0.58299,0.47614,12.94507
6.69619,810.00000,825.75701,0.58302,0.47614,12.94448
6.69719,810.00000,825.75701,0.58305,0.47614,12.94389
6.69819,810.00000,822.72949,0.58307,0.47614,12.94331
6.69919,810.00000,822.72949,0.58310,0.47614,12.94273
6.70019,810.00000,822.72949,0.58312,0.47614,12.94215
6.70119,810.00000,824.24047,0.58315,0.47614,12.94158
6.70219,810.00000,824.24047,0.58317,0.47614,12.94101
6.70319,810.00000,824.24047,0.58320,0.47614,12.94044
6.70419,810.00000,825.75701,0.58323,0.47614,12.93988
6.70519,810.00000,824.24047,0.58325,0.47614,12.93932
6.70619,810.00000,824.99804,0.58328,0.47614,12.93877
6.70719,810.00000,825.75701,0.58330,0.47614,12.93822
6.70819,810.00000,825.75701,0.58333,0.47614,12.93767
6.70919,810.00000,825.75701,0.58335,0.47614,12.93712
6.71019,810.00000,828.04235,0.58337,0.47614,12.93659
6.71119,810.00000,828.04235,0.58340,0.47614,12.93606
6.71219,810.00000,825.75701,0.58342,0.47614,12.93553
6.71319,810.00000,825.75701,0.58345,0.47614,12.93501
6.71419,810.00000,825.75701,0.58347,0.47614,12.93450
6.71519,810.00000,824.99804,0.58349,0.47614,12.93399
6.71619,810.00000,824.99804,0.58351,0.47614,12.93348
6.71719,810.00000,825.75701,0.58354,0.47614,12.93299
6.71819,810.00000,824.99804,0.58356,0.47614,12.93249
6.71919,810.00000,821.97613,0.58358,0.47614,12.93200
6.72019,810.00000,824.99804,0.58360,0.47614,12.93152
6.72119,810.00000,824.99804,0.58362,0.47614,12.93105
6.72219,810.00000,824.99804,0.58364,0.47614,12.93058
6.72319,810.00000,824.99804,0.58367,0.47614,12.93013
6.72419,810.00000,824.99804,0.58369,0.47614,12.92967
6.72519,810.00000,827.27917,0.58371,0.47614,12.92923
6.72619,810.00000,828.80694,0.58373,0.47614,12.92879
6.72719,810.00000,828.80694,0.58375,0.47614,12.92836
6.72819,810.00000,827.27917,0.58376,0.47614,12.92794
6.72919,810.00000,827.27917,0.58378,0.47614,12.92752
6.73019,810.00000,827.27917,0.58380,0.47614,12.92711
6.73119,810.00000,830.34033,0.58382,0.47614,12.92670
6.73219,810.00000,828.04235,0.58384,0.47614,12.92631
6.73319,810.00000,828.04235,0.58386,0.47614,12.92592
6.73419,810.00000,823.48431,0.58387,0.47614,12.92553
6.73519,810.00000,828.04235,0.58389,0.47614,12.92516
6.73619,810.00000,823.48431,0.58391,0.47614,12.92478
6.73719,810.00000,823.48431,0.58392,0.47614,12.92442
6.73819,810.00000,823.48431,0.58394,0.47614,12.92406
6.73919,810.00000,823.48431,0.58396,0.47614,12.92371
6.74019,810.00000,823.48431,0.58397,0.47614,12.92336
6.74120,810.00000,823.48431,0.58399,0.47614,12.92302
6.74222,810.00000,823.48431,0.58400,0.47614,12.92269
6.74319,810.00000,823.48431,0.58402,0.47614,12.92236
6.74419,810.00000,824.24047,0.58403,0.47614,12.92204
6.74519,810.00000,824.24047,0.58404,0.47614,12.92173
6.74619,810.00000,824.24047,0.58406,0.47614,12.92142
6.74719,810.00000,824.24047,0.58407,0.47614,12.92112
6.74819,810.00000,824.24047,0.58409,0.47614,12.92083
6.74919,810.00000,824.24047,0.58410,0.47614,12.92054
6.75019,810.00000,824.24047,0.58411,0.47614,12.92026
6.75119,810.00000,824.99804,0.58412,0.47614,12.91999
6.75219,810.00000,824.99804,0.58414,0.47614,12.91973
6.75319,810.00000,824.99804,0.58415,0.47614,12.91947
6.75419,810.00000,825.75701,0.58416,0.47614,12.91922
6.75520,810.00000,827.27917,0.58417,0.47614,12.91898
6.75619,810.00000,827.27917,0.58418,0.47614,12.91874
6.75719,810.00000,827.27917,0.58419,0.47614,12.91852
6.75819,810.00000,827.27917,0.58420,0.47614,12.91830
6.75919,810.00000,827.27917,0.58421,0.47614,12.91809
6.76019,810.00000,827.27917,0.58422,0.47614,12.91789
6.76119,810.00000,827.27917,0.58423,0.47614,12.91769
6.76219,810.00000,827.27917,0.58424,0.47614,12.91750
6.76319,810.00000,827.27917,0.58424,0.47614,12.91732
6.76419,810.00000,827.27917,0.58425,0.47614,12.91715
6.76519,810.00000,827.27917,0.58426,0.47614,12.91698
6.76619,810.00000,826.51739,0.58427,0.47614,12.91682
6.76719,810.00000,828.04235,0.58427,0.47614,12.91667
6.76819,810.00000,828.04235,0.58428,0.47614,12.91652
6.76919,810.00000,831.87939,0.58429,0.47614,12.91638
6.77019,810.00000,831.87939,0.58429,0.47614,12.91625
6.77119,810.00000,828.04235,0.58430,0.47614,12.91613
6.77219,810.00000,827.27917,0.58430,0.47614,12.91602
6.77319,810.00000,828.04235,0.58431,0.47614,12.91592
6.77419,810.00000,827.27917,0.58431,0.47614,12.91582
6.77519,810.00000,827.27917,0.58432,0.47614,12.91573
6.77619,810.00000,828.04235,0.58432,0.47614,12.91565
6.77719,810.00000,828.04235,0.58432,0.47614,12.91558
6.77819,810.00000,827.27917,0.58433,0.47614,12.91551
6.77919,810.00000,827.27917,0.58433,0.47614,12.91546
6.78019,810.00000,827.27917,0.58433,0.47614,12.91541
6.78119,810.00000,827.27917,0.58433,0.47614,12.91537
6.78219,810.00000,828.04235,0.58433,0.47614,12.91534
6.78319,810.00000,828.04235,0.58434,0.47614,12.91531
6.78419,810.00000,826.51739,0.58434,0.47614,12.91529
6.78519,810.00000,829.57287,0.58434,0.47614,12.91528
6.78619,810.00000,828.04235,0.58434,0.47614,12.91528
6.78719,810.00000,826.51739,0.58434,0.47614,12.91528
6.78819,810.00000,826.51739,0.58434,0.47614,12.91529
6.78919,810.00000,828.04235,0.58434,0.47614,12.91530
6.79019,810.00000,828.04235,0.58433,0.47614,12.91532
6.79119,810.00000,826.51739,0.58433,0.47614,12.91535
6.79219,810.00000,826.51739,0.58433,0.47614,12.91538
6.79319,810.00000,826.51739,0.58433,0.47614,12.91542
6.79419,810.00000,826.51739,0.58433,0.47614,12.91546
6.79519,810.00000,828.04235,0.58433,0.47614,12.91550
6.79619,810.00000,825.75701,0.58432,0.47614,12.91555
6.79719,810.00000,825.75701,0.58432,0.47614,12.91561
6.79819,810.00000,826.51739,0.58432,0.47614,12.91567
6.79919,810.00000,826.51739,0.58432,0.47614,12.91573
6.80019,810.00000,826.51739,0.58431,0.47614,12.91580
6.80119,810.00000,826.51739,0.58431,0.47614,12.91587
6.80219,810.00000,826.51739,0.58431,0.47614,12.91595
6.80319,810.00000,830.34033,0.58430,0.47614,12.91604
6.80419,810.00000,830.34033,0.58430,0.47614,12.91612
6.80519,810.00000,830.34033,0.58429,0.47614,12.91622
6.80619,810.00000,830.34033,0.58429,0.47614,12.91631
6.80719,810.00000,830.34033,0.58429,0.47614,12.91642
6.80819,810.00000,830.34033,0.58428,0.47614,12.91652
6.80919,810.00000,830.34033,0.58428,0.47614,12.91663
6.81019,810.00000,830.34033,0.58427,0.47614,12.91675
6.81119,810.00000,830.34033,0.58426,0.47614,12.91687
6.81219,810.00000,830.34033,0.58426,0.47614,12.91699
6.81319,810.00000,830.34033,0.58425,0.47614,12.91712
6.81419,810.00000,830.34033,0.58425,0.47614,12.91725
6.81519,810.00000,830.34033,0.58424,0.47614,12.91739
6.81619,810.00000,830.34033,0.58423,0.47614,12.91753
6.81719,810.00000,820.47338,0.58423,0.47614,12.91768
6.81819,810.00000,831.10913,0.58422,0.47614,12.91782
6.81919,810.00000,820.47338,0.58421,0.47614,12.91797
6.82019,810.00000,833.42425,0.58421,0.47614,12.91812
6.82119,810.00000,822.72949,0.58420,0.47614,12.91827
6.82219,810.00000,829.57287,0.58419,0.47614,12.91843
6.82319,810.00000,822.72949,0.58419,0.47614,12.91858
6.82419,810.00000,827.27917,0.58418,0.47614,12.91874
6.82519,810.00000,823.48431,0.58417,0.47614,12.91891
6.82619,810.00000,827.27917,0.58417,0.47614,12.91907
6.82719,810.00000,829.57287,0.58416,0.47614,12.91923
6.82819,810.00000,829.57287,0.58415,0.47614,12.91940
6.82919,810.00000,827.27917,0.58414,0.47614,12.91957
6.83019,810.00000,829.57287,0.58413,0.47614,12.91974
6.83119,810.00000,827.27917,0.58413,0.47614,12.91991
6.83219,810.00000,827.27917,0.58412,0.47614,12.92008
6.83319,810.00000,825.75701,0.58411,0.47614,12.92026
6.83419,810.00000,827.27917,0.58410,0.47614,12.92044
6.83519,810.00000,825.75701,0.58410,0.47614,12.92062
6.83619,810.00000,829.57287,0.58409,0.47614,12.92080
6.83719,810.00000,829.57287,0.58408,0.47614,12.92098
6.83819,810.00000,825.75701,0.58407,0.47614,12.92117
6.83919,810.00000,826.51739,0.58406,0.47614,12.92135
6.84019,810.00000,826.51739,0.58405,0.47614,12.92154
6.84119,810.00000,825.75701,0.58404,0.47614,12.92173
6.84219,810.00000,826.51739,0.58404,0.47614,12.92192
6.84319,810.00000,826.51739,0.58403,0.47614,12.92211
6.84419,810.00000,827.27917,0.58402,0.47614,12.92230
6.84519,810.00000,827.27917,0.58401,0.47614,12.92250
6.84619,810.00000,827.27917,0.58400,0.47614,12.92269
6.84719,810.00000,827.27917,0.58399,0.47614,12.92287
6.84819,810.00000,827.27917,0.58398,0.47614,12.92306
6.84919,810.00000,827.27917,0.58398,0.47614,12.92325
6.85019,810.00000,827.27917,0.58397,0.47614,12.92344
6.85119,810.00000,827.27917,0.58396,0.47614,12.92363
6.85219,810.00000,824.24047,0.58395,0.47614,12.92382
6.85319,810.00000,824.24047,0.58394,0.47614,12.92400
6.85419,810.00000,827.27917,0.58393,0.47614,12.92419
6.85519,810.00000,824.24047,0.58393,0.47614,12.92438
6.85620,810.00000,824.24047,0.58392,0.47614,12.92456
6.85719,810.00000,829.57287,0.58391,0.47614,12.92475
6.85819,810.00000,824.24047,0.58390,0.47614,12.92493
6.85919,810.00000,824.24047,0.58389,0.47614,12.92511
6.86019,810.00000,824.24047,0.58388,0.47614,12.92529
6.86119,810.00000,831.87939,0.58388,0.47614,12.92547
6.86219,810.00000,831.87939,0.58387,0.47614,12.92565
6.86319,810.00000,832.65112,0.58386,0.47614,12.92582
6.86419,810.00000,832.65112,0.58385,0.47614,12.92599
6.86519,810.00000,832.65112,0.58384,0.47614,12.92616
6.86619,810.00000,832.65112,0.58384,0.47614,12.92632
6.86719,810.00000,822.72949,0.58383,0.47614,12.92649
6.86819,810.00000,821.22412,0.58382,0.47614,12.92665
6.86919,810.00000,821.22412,0.58382,0.47614,12.92681
6.87019,810.00000,821.22412,0.58381,0.47614,12.92696
6.87119,810.00000,821.22412,0.58380,0.47614,12.92712
6.87219,810.00000,821.22412,0.58379,0.47614,12.92727
6.87319,810.00000,828.80694,0.58379,0.47614,12.92742
6.87419,810.00000,821.22412,0.58378,0.47614,12.92756
6.87519,810.00000,824.24047,0.58377,0.47614,12.92770
6.87619,810.00000,828.80694,0.58377,0.47614,12.92784
6.87719,810.00000,828.80694,0.58376,0.47614,12.92797
6.87819,810.00000,828.80694,0.58376,0.47614,12.92810
6.87919,810.00000,828.80694,0.58375,0.47614,12.92823
6.88019,810.00000,828.80694,0.58375,0.47614,12.92835
6.88119,810.00000,828.80694,0.58374,0.47614,12.92847
6.88219,810.00000,826.51739,0.58374,0.47614,12.92858
6.88319,810.00000,825.75701,0.58373,0.47614,12.92869
6.88419,810.00000,825.75701,0.58373,0.47614,12.92880
6.88519,810.00000,825.75701,0.58372,0.47614,12.92890
6.88619,810.00000,826.51739,0.58372,0.47614,12.92899
6.88720,810.00000,825.75701,0.58371,0.47614,12.92909
6.88823,810.00000,826.51739,0.58371,0.47614,12.92918
6.88919,810.00000,826.51739,0.58370,0.47614,12.92926
6.89019,810.00000,825.75701,0.58370,0.47614,12.92934
6.89119,810.00000,825.75701,0.58370,0.47614,12.92942
6.89219,810.00000,825.75701,0.58369,0.47614,12.92950
6.89319,810.00000,825.75701,0.58369,0.47614,12.92957
6.89419,810.00000,825.75701,0.58369,0.47614,12.92964
6.89519,810.00000,823.48431,0.58368,0.47614,12.92970
6.89619,810.00000,825.75701,0.58368,0.47614,12.92976
6.89719,810.00000,825.75701,0.58368,0.47614,12.92982
6.89819,810.00000,825.75701,0.58368,0.47614,12.92987
6.89919,810.00000,825.75701,0.58367,0.47614,12.92993
6.90019,810.00000,826.51739,0.58367,0.47614,12.92998
6.90119,810.00000,826.51739,0.58367,0.47614,12.93003
6.90219,810.00000,826.51739,0.58367,0.47614,12.93008
6.90319,810.00000,826.51739,0.58367,0.47614,12.93013
6.90419,810.00000,826.51739,0.58366,0.47614,12.93018
6.90519,810.00000,828.04235,0.58366,0.47614,12.93023
6.90619,810.00000,828.04235,0.58366,0.47614,12.93027
6.90719,810.00000,828.04235,0.58366,0.47614,12.93032
6.90819,810.00000,828.04235,0.58366,0.47614,12.93036
6.90919,810.00000,828.04235,0.58365,0.47614,12.93040
6.91019,810.00000,826.51739,0.58365,0.47614,12.93044
6.91119,810.00000,831.10913,0.58365,0.47614,12.93048
6.91219,810.00000,833.42425,0.58365,0.47614,12.93052
6.91319,810.00000,833.42425,0.58365,0.47614,12.93055
6.91419,810.00000,833.42425,0.58364,0.47614,12.93059
6.91519,810.00000,833.42425,0.58364,0.47614,12.93062
6.91619,810.00000,833.42425,0.58364,0.47614,12.93065
6.91719,810.00000,826.51739,0.58364,0.47614,12.93068
6.91819,810.00000,828.04235,0.58364,0.47614,12.93071
6.91919,810.00000,834.19879,0.58364,0.47614,12.93075
6.92019,810.00000,828.04235,0.58364,0.47614,12.93078
6.92119,810.00000,834.19879,0.58363,0.47614,12.93081
6.92219,810.00000,828.04235,0.58363,0.47614,12.93085
6.92319,810.00000,826.51739,0.58363,0.47614,12.93089
6.92419,810.00000,828.04235,0.58363,0.47614,12.93092
6.92519,810.00000,828.04235,0.58363,0.47614,12.93096
6.92619,810.00000,826.51739,0.58363,0.47614,12.93100
6.92719,810.00000,828.04235,0.58362,0.47614,12.93104
6.92819,810.00000,830.34033,0.58362,0.47614,12.93108
6.92919,810.00000,830.34033,0.58362,0.47614,12.93112
6.93019,810.00000,830.34033,0.58362,0.47614,12.93117
6.93119,810.00000,830.34033,0.58362,0.47614,12.93121
6.93219,810.00000,825.75701,0.58361,0.47614,12.93126
6.93319,810.00000,825.75701,0.58361,0.47614,12.93132
6.93419,810.00000,825.75701,0.58361,0.47614,12.93137
6.93519,810.00000,825.75701,0.58361,0.47614,12.93143
6.93619,810.00000,828.04235,0.58360,0.47614,12.93149
6.93719,810.00000,828.04235,0.58360,0.47614,12.93155
6.93819,810.00000,828.04235,0.58360,0.47614,12.93161
6.93919,810.00000,825.75701,0.58360,0.47614,12.93168
6.94019,810.00000,825.75701,0.58359,0.47614,12.93175
6.94119,810.00000,826.51739,0.58359,0.47614,12.93182
6.94219,810.00000,826.51739,0.58359,0.47614,12.93190
6.94319,810.00000,826.51739,0.58358,0.47614,12.93197
6.94419,810.00000,827.27917,0.58358,0.47614,12.93205
6.94519,810.00000,828.04235,0.58357,0.47614,12.93213
6.94619,810.00000,827.27917,0.58357,0.47614,12.93222
6.94719,810.00000,826.51739,0.58357,0.47614,12.93230
6.94819,810.00000,826.51739,0.58356,0.47614,12.93239
6.94919,810.00000,826.51739,0.58356,0.47614,12.93248
6.95019,810.00000,826.51739,0.58356,0.47614,12.93257
6.95119,810.00000,825.75701,0.58355,0.47614,12.93267
6.95219,810.00000,825.75701,0.58355,0.47614,12.93276
6.95319,810.00000,824.99804,0.58354,0.47614,12.93286
6.95419,810.00000,824.99804,0.58354,0.47614,12.93295
6.95519,810.00000,824.99804,0.58353,0.47614,12.93305
6.95619,810.00000,824.24047,0.58353,0.47614,12.93314
6.95719,810.00000,824.24047,0.58353,0.47614,12.93324
6.95819,810.00000,824.99804,0.58352,0.47614,12.93333
6.95919,810.00000,824.99804,0.58352,0.47614,12.93343
6.96019,810.00000,824.99804,0.58351,0.47614,12.93352
6.96119,810.00000,824.99804,0.58351,0.47614,12.93362
6.96219,810.00000,825.75701,0.58350,0.47614,12.93371
6.96319,810.00000,822.72949,0.58350,0.47614,12.93380
6.96419,810.00000,822.72949,0.58350,0.47614,12.93390
6.96519,810.00000,822.72949,0.58349,0.47614,12.93399
6.96619,810.00000,822.72949,0.58349,0.47614,12.93409
6.96719,810.00000,827.27917,0.58348,0.47614,12.93418
6.96819,810.00000,829.57287,0.58348,0.47614,12.93428
6.96919,810.00000,829.57287,0.58347,0.47614,12.93438
6.97019,810.00000,829.57287,0.58347,0.47614,12.93448
6.97119,810.00000,831.10913,0.58346,0.47614,12.93458
6.97219,810.00000,831.87939,0.58346,0.47614,12.93468
6.97319,810.00000,836.53112,0.58346,0.47614,12.93479
6.97419,810.00000,836.53112,0.58345,0.47614,12.93489
6.97519,810.00000,836.53112,0.58345,0.47614,12.93500
6.97619,810.00000,831.10913,0.58344,0.47614,12.93511
6.97719,810.00000,827.27917,0.58344,0.47614,12.93521
6.97819,810.00000,827.27917,0.58343,0.47614,12.93532
6.97919,810.00000,827.27917,0.58343,0.47614,12.93543
6.98019,810.00000,827.27917,0.58342,0.47614,12.93554
6.98119,810.00000,828.80694,0.58342,0.47614,12.93565
6.98219,810.00000,827.27917,0.58341,0.47614,12.93576
6.98319,810.00000,827.27917,0.58341,0.47614,12.93587
6.98419,810.00000,827.27917,0.58340,0.47614,12.93598
6.98519,810.00000,827.27917,0.58340,0.47614,12.93609
6.98619,810.00000,827.27917,0.58339,0.47614,12.93620
6.98719,810.00000,827.27917,0.58339,0.47614,12.93631
6.98819,810.00000,827.27917,0.58338,0.47614,12.93642
6.98919,810.00000,827.27917,0.58338,0.47614,12.93653
6.99019,810.00000,827.27917,0.58337,0.47614,12.93663
6.99119,810.00000,827.27917,0.58337,0.47614,12.93674
6.99219,810.00000,827.27917,0.58336,0.47614,12.93685
6.99319,810.00000,827.27917,0.58336,0.47614,12.93695
6.99419,810.00000,834.19879,0.58335,0.47614,12.93706
6.99519,810.00000,827.27917,0.58335,0.47614,12.93716
6.99619,810.00000,827.27917,0.58334,0.47614,12.93727
6.99719,810.00000,832.65112,0.58334,0.47614,12.93737
6.99819,810.00000,828.04235,0.58333,0.47614,12.93748
6.99919,810.00000,828.04235,0.58333,0.47614,12.93758
7.00019,810.00000,828.04235,0.58332,0.47614,12.93769
7.00119,810.00000,828.04235,0.58332,0.47614,12.93779
7.00219,810.00000,824.99804,0.58332,0.47614,12.93790
7.00319,810.00000,828.04235,0.58331,0.47614,12.93800
7.00419,810.00000,828.04235,0.58331,0.47614,12.93811
7.00519,810.00000,824.99804,0.58330,0.47614,12.93822
7.00619,810.00000,825.75701,0.58330,0.47614,12.93833
7.00719,810.00000,826.51739,0.58329,0.47614,12.93844
7.00819,810.00000,825.75701,0.58329,0.47614,12.93854
7.00919,810.00000,825.75701,0.58328,0.47614,12.93865
7.01019,810.00000,826.51739,0.58328,0.47614,12.93876
7.01119,810.00000,828.04235,0.58327,0.47614,12.93887
7.01219,810.00000,829.57287,0.58327,0.47614,12.93898
7.01319,810.00000,829.57287,0.58326,0.47614,12.93909
7.01419,810.00000,828.04235,0.58326,0.47614,12.93920
7.01519,810.00000,828.04235,0.58325,0.47614,12.93930
7.01619,810.00000,828.04235,0.58325,0.47614,12.93940
7.01719,810.00000,830.34033,0.58324,0.47614,12.93950
7.01819,810.00000,830.34033,0.58324,0.47614,12.93960
7.01919,810.00000,830.34033,0.58323,0.47614,12.93970
7.02019,810.00000,828.04235,0.58323,0.47614,12.93979
7.02119,810.00000,828.04235,0.58323,0.47614,12.93988
7.02219,810.00000,824.99804,0.58322,0.47614,12.93997
7.02319,810.00000,824.99804,0.58322,0.47614,12.94006
7.02419,810.00000,824.99804,0.58321,0.47614,12.94014
7.02519,810.00000,824.99804,0.58321,0.47614,12.94022
7.02619,810.00000,824.99804,0.58321,0.47614,12.94030
7.02719,810.00000,822.72949,0.58320,0.47614,12.94038
7.02819,810.00000,822.72949,0.58320,0.47614,12.94046
7.02919,810.00000,822.72949,0.58320,0.47614,12.94053
7.03019,810.00000,819.72406,0.58319,0.47614,12.94060
7.03119,810.00000,829.57287,0.58319,0.47614,12.94067
7.03219,810.00000,829.57287,0.58319,0.47614,12.94074
7.03319,810.00000,829.57287,0.58318,0.47614,12.94081
7.03420,810.00000,829.57287,0.58318,0.47614,12.94087
7.03522,810.00000,826.51739,0.58318,0.47614,12.94093
7.03619,810.00000,826.51739,0.58318,0.47614,12.94099
7.03719,810.00000,826.51739,0.58317,0.47614,12.94105
7.03819,810.00000,829.57287,0.58317,0.47614,12.94111
7.03919,810.00000,829.57287,0.58317,0.47614,12.94116
7.04019,810.00000,829.57287,0.58317,0.47614,12.94122
7.04119,810.00000,829.57287,0.58316,0.47614,12.94127
7.04219,810.00000,829.57287,0.58316,0.47614,12.94131
7.04319,810.00000,826.51739,0.58316,0.47614,12.94136
7.04419,810.00000,826.51739,0.58316,0.47614,12.94141
7.04519,810.00000,826.51739,0.58315,0.47614,12.94145
7.04619,810.00000,829.57287,0.58315,0.47614,12.94149
7.04719,810.00000,829.57287,0.58315,0.47614,12.94153
7.04819,810.00000,826.51739,0.58315,0.47614,12.94157
7.04919,810.00000,826.51739,0.58315,0.47614,12.94161
7.05019,810.00000,825.75701,0.58315,0.47614,12.94164
7.05119,810.00000,824.24047,0.58314,0.47614,12.94167
7.05219,810.00000,824.24047,0.58314,0.47614,12.94170
7.05319,810.00000,824.24047,0.58314,0.47614,12.94173
7.05419,810.00000,824.24047,0.58314,0.47614,12.94176
7.05519,810.00000,824.24047,0.58314,0.47614,12.94179
7.05619,810.00000,824.24047,0.58314,0.47614,12.94181
7.05719,810.00000,824.24047,0.58314,0.47614,12.94184
7.05819,810.00000,824.24047,0.58314,0.47614,12.94186
7.05919,810.00000,824.24047,0.58314,0.47614,12.94188
7.06019,810.00000,824.24047,0.58313,0.47614,12.94189
7.06119,810.00000,824.24047,0.58313,0.47614,12.94191
7.06219,810.00000,822.72949,0.58313,0.47614,12.94193
7.06319,810.00000,826.51739,0.58313,0.47614,12.94194
7.06419,810.00000,829.57287,0.58313,0.47614,12.94195
7.06519,810.00000,829.57287,0.58313,0.47614,12.94197
7.06619,810.00000,829.57287,0.58313,0.47614,12.94198
7.06719,810.00000,829.57287,0.58313,0.47614,12.94199
7.06819,810.00000,828.04235,0.58313,0.47614,12.94200
7.06919,810.00000,828.04235,0.58313,0.47614,12.94200
7.07019,810.00000,825.75701,0.58313,0.47614,12.94200
7.07119,810.00000,828.04235,0.58313,0.47614,12.94201
7.07219,810.00000,825.75701,0.58313,0.47614,12.94201
7.07319,810.00000,825.75701,0.58313,0.47614,12.94200
7.07419,810.00000,825.75701,0.58313,0.47614,12.94200
7.07519,810.00000,825.75701,0.58313,0.47614,12.94200
7.07619,810.00000,825.75701,0.58313,0.47614,12.94199
7.07719,810.00000,825.75701,0.58313,0.47614,12.94198
7.07819,810.00000,825.75701,0.58313,0.47614,12.94197
7.07919,810.00000,825.75701,0.58313,0.47614,12.94196
7.08019,810.00000,825.75701,0.58313,0.47614,12.94195
7.08119,810.00000,825.75701,0.58313,0.47614,12.94193
7.08219,810.00000,825.75701,0.58313,0.47614,12.94192
7.08319,810.00000,825.75701,0.58313,0.47614,12.94191
7.08419,810.00000,829.57287,0.58313,0.47614,12.94189
7.08519,810.00000,829.57287,0.58314,0.47614,12.94188
7.08619,810.00000,829.57287,0.58314,0.47614,12.94186
7.08719,810.00000,823.48431,0.58314,0.47614,12.94184
7.08819,810.00000,823.48431,0.58314,0.47614,12.94182
7.08919,810.00000,823.48431,0.58314,0.47614,12.94180
7.09019,810.00000,823.48431,0.58314,0.47614,12.94177
7.09119,810.00000,820.47338,0.58314,0.47614,12.94175
7.09219,810.00000,820.47338,0.58314,0.47614,12.94172
7.09319,810.00000,823.48431,0.58314,0.47614,12.94170
7.09419,810.00000,823.48431,0.58314,0.47614,12.94167
7.09519,810.00000,823.48431,0.58315,0.47614,12.94165
7.09619,810.00000,825.75701,0.58315,0.47614,12.94163
7.09719,810.00000,825.75701,0.58315,0.47614,12.94161
7.09819,810.00000,826.51739,0.58315,0.47614,12.94159
7.09919,810.00000,825.75701,0.58315,0.47614,12.94157
7.10019,810.00000,825.75701,0.58315,0.47614,12.94155
7.10119,810.00000,826.51739,0.58315,0.47614,12.94153
7.10219,810.00000,826.51739,0.58315,0.47614,12.94151
7.10319,810.00000,826.51739,0.58315,0.47614,12.94149
7.10419,810.00000,826.51739,0.58315,0.47614,12.94148
7.10519,810.00000,826.51739,0.58315,0.47614,12.94147
7.10619,810.00000,826.51739,0.58315,0.47614,12.94147
7.10719,810.00000,826.51739,0.58315,0.47614,12.94146
7.10819,810.00000,826.51739,0.58315,0.47614,12.94146
7.10919,810.00000,826.51739,0.58315,0.47614,12.94146
7.11019,810.00000,826.51739,0.58315,0.47614,12.94147
7.11119,810.00000,826.51739,0.58315,0.47614,12.94148
7.11219,810.00000,827.27917,0.58315,0.47614,12.94149
7.11319,810.00000,827.27917,0.58315,0.47614,12.94150
7.11419,810.00000,824.24047,0.58315,0.47614,12.94152
7.11519,810.00000,819.72406,0.58315,0.47614,12.94155
7.11618,810.00000,819.72406,0.58315,0.47614,12.94158
7.11719,810.00000,819.72406,0.58315,0.47614,12.94161
7.11819,810.00000,819.72406,0.58315,0.47614,12.94164
7.11919,810.00000,830.34033,0.58314,0.47614,12.94169
7.12019,810.00000,819.72406,0.58314,0.47614,12.94173
7.12119,810.00000,818.97613,0.58314,0.47614,12.94179
7.12219,810.00000,819.72406,0.58314,0.47614,12.94185
7.12319,810.00000,818.97613,0.58313,0.47614,12.94191
7.12419,810.00000,819.72406,0.58313,0.47614,12.94198
7.12519,810.00000,826.51739,0.58313,0.47614,12.94206
7.12619,810.00000,826.51739,0.58312,0.47614,12.94214
7.12719,810.00000,826.51739,0.58312,0.47614,12.94223
7.12819,810.00000,826.51739,0.58312,0.47614,12.94232
7.12919,810.00000,824.99804,0.58311,0.47614,12.94242
7.13019,810.00000,824.99804,0.58311,0.47614,12.94252
7.13119,810.00000,826.51739,0.58310,0.47614,12.94263
7.13219,810.00000,828.04235,0.58310,0.47614,12.94275
7.13319,810.00000,826.51739,0.58309,0.47614,12.94287
7.13419,810.00000,828.04235,0.58309,0.47614,12.94299
7.13519,810.00000,827.27917,0.58308,0.47614,12.94312
7.13619,810.00000,827.27917,0.58307,0.47614,12.94325
7.13719,810.00000,828.04235,0.58307,0.47614,12.94339
7.13819,810.00000,828.04235,0.58306,0.47614,12.94354
7.13919,810.00000,828.04235,0.58305,0.47614,12.94369
7.14019,810.00000,828.04235,0.58305,0.47614,12.94384
7.14119,810.00000,828.04235,0.58304,0.47614,12.94400
7.14219,810.00000,828.04235,0.58303,0.47614,12.94417
7.14319,810.00000,827.27917,0.58302,0.47614,12.94434
7.14419,810.00000,828.04235,0.58302,0.47614,12.94451
7.14519,810.00000,827.27917,0.58301,0.47614,12.94469
7.14619,810.00000,825.75701,0.58300,0.47614,12.94488
7.14719,810.00000,825.75701,0.58299,0.47614,12.94506
7.14819,810.00000,825.75701,0.58298,0.47614,12.94526
7.14919,810.00000,825.75701,0.58297,0.47614,12.94545
7.15019,810.00000,828.04235,0.58297,0.47614,12.94565
7.15119,810.00000,825.75701,0.58296,0.47614,12.94586
7.15219,810.00000,825.75701,0.58295,0.47614,12.94607
7.15319,810.00000,825.75701,0.58294,0.47614,12.94628
7.15419,810.00000,825.75701,0.58293,0.47614,12.94650
7.15519,810.00000,825.75701,0.58292,0.47614,12.94673
7.15619,810.00000,825.75701,0.58291,0.47614,12.94695
7.15719,810.00000,825.75701,0.58290,0.47614,12.94719
7.15819,810.00000,825.75701,0.58289,0.47614,12.94743
7.15919,810.00000,825.75701,0.58287,0.47614,12.94767
7.16019,810.00000,825.75701,0.58286,0.47614,12.94792
7.16119,810.00000,825.75701,0.58285,0.47614,12.94818
7.16219,810.00000,820.47338,0.58284,0.47614,12.94844
7.16319,810.00000,818.97613,0.58283,0.47614,12.94871
7.16419,810.00000,820.47338,0.58282,0.47614,12.94898
7.16519,810.00000,818.97613,0.58280,0.47614,12.94926
7.16619,810.00000,818.97613,0.58279,0.47614,12.94955
7.16719,810.00000,820.47338,0.58278,0.47614,12.94984
7.16819,810.00000,831.10913,0.58276,0.47614,12.95013
7.16919,810.00000,824.99804,0.58275,0.47614,12.95043
7.17019,810.00000,829.57287,0.58274,0.47614,12.95074
7.17119,810.00000,829.57287,0.58272,0.47614,12.95105
7.17219,810.00000,827.27917,0.58271,0.47614,12.95136
7.17319,810.00000,827.27917,0.58269,0.47614,12.95168
7.17419,810.00000,828.04235,0.58268,0.47614,12.95201
7.17519,810.00000,827.27917,0.58266,0.47614,12.95234
7.17619,810.00000,828.04235,0.58265,0.47614,12.95268
7.17719,810.00000,827.27917,0.58263,0.47614,12.95302
7.17819,810.00000,827.27917,0.58262,0.47614,12.95336
7.17919,810.00000,827.27917,0.58260,0.47614,12.95371
7.18019,810.00000,827.27917,0.58259,0.47614,12.95407
7.18122,810.00000,827.27917,0.58257,0.47614,12.95443
7.18219,810.00000,827.27917,0.58255,0.47614,12.95479
7.18319,810.00000,827.27917,0.58254,0.47614,12.95516
7.18419,810.00000,827.27917,0.58252,0.47614,12.95553
7.18519,810.00000,827.27917,0.58250,0.47614,12.95591
7.18619,810.00000,830.34033,0.58249,0.47614,12.95629
7.18719,810.00000,825.75701,0.58247,0.47614,12.95668
7.18819,810.00000,825.75701,0.58245,0.47614,12.95707
7.18919,810.00000,825.75701,0.58243,0.47614,12.95746
7.19019,810.00000,828.04235,0.58242,0.47614,12.95786
7.19119,810.00000,828.04235,0.58240,0.47614,12.95826
7.19219,810.00000,825.75701,0.58238,0.47614,12.95867
7.19319,810.00000,828.04235,0.58236,0.47614,12.95907
7.19419,810.00000,828.04235,0.58234,0.47614,12.95948
7.19519,810.00000,830.34033,0.58232,0.47614,12.95990
7.19619,810.00000,830.34033,0.58231,0.47614,12.96031
7.19719,810.00000,830.34033,0.58229,0.47614,12.96073
7.19819,810.00000,830.34033,0.58227,0.47614,12.96114
7.19919,810.00000,830.34033,0.58225,0.47614,12.96156
7.20019,810.00000,828.04235,0.58223,0.47614,12.96198
7.20119,810.00000,824.99804,0.58221,0.47614,12.96240
7.20219,810.00000,824.99804,0.58219,0.47614,12.96282
7.20319,810.00000,824.99804,0.58217,0.47614,12.96325
7.20419,810.00000,824.99804,0.58216,0.47614,12.96367
7.20519,810.00000,824.99804,0.58214,0.47614,12.96409
7.20619,810.00000,823.48431,0.58212,0.47614,12.96451
7.20719,810.00000,822.72949,0.58210,0.47614,12.96493
7.20819,810.00000,822.72949,0.58208,0.47614,12.96536
7.20919,810.00000,822.72949,0.58206,0.47614,12.96578
7.21019,810.00000,822.72949,0.58204,0.47614,12.96620
7.21119,810.00000,822.72949,0.58202,0.47614,12.96662
7.21219,810.00000,821.22412,0.58200,0.47614,12.96705
7.21319,810.00000,821.22412,0.58198,0.47614,12.96747
7.21419,810.00000,826.51739,0.58197,0.47614,12.96789
7.21519,810.00000,821.22412,0.58195,0.47614,12.96831
7.21619,810.00000,821.22412,0.58193,0.47614,12.96874
7.21719,810.00000,821.22412,0.58191,0.47614,12.96916
7.21819,810.00000,826.51739,0.58189,0.47614,12.96958
7.21919,810.00000,824.24047,0.58187,0.47614,12.97000
7.22019,810.00000,823.48431,0.58185,0.47614,12.97042
7.22119,810.00000,824.24047,0.58183,0.47614,12.97084
7.22219,810.00000,824.24047,0.58181,0.47614,12.97126
7.22319,810.00000,824.24047,0.58180,0.47614,12.97168
7.22419,810.00000,824.24047,0.58178,0.47614,12.97210
7.22519,810.00000,824.24047,0.58176,0.47614,12.97252
7.22619,810.00000,824.24047,0.58174,0.47614,12.97293
7.22719,810.00000,824.24047,0.58172,0.47614,12.97335
7.22819,810.00000,824.24047,0.58170,0.47614,12.97376
7.22919,810.00000,824.24047,0.58168,0.47614,12.97417
7.23019,810.00000,824.24047,0.58167,0.47614,12.97459
7.23119,810.00000,824.99804,0.58165,0.47614,12.97500
7.23219,810.00000,824.99804,0.58163,0.47614,12.97541
7.23319,810.00000,824.99804,0.58161,0.47614,12.97582
7.23419,810.00000,824.99804,0.58159,0.47614,12.97623
7.23519,810.00000,828.04235,0.58157,0.47614,12.97664
7.23619,810.00000,828.80694,0.58156,0.47614,12.97704
7.23719,810.00000,828.80694,0.58154,0.47614,12.97745
7.23819,810.00000,828.80694,0.58152,0.47614,12.97784
7.23919,810.00000,828.04235,0.58150,0.47614,12.97824
7.24019,810.00000,828.04235,0.58148,0.47614,12.97863
7.24119,810.00000,828.04235,0.58147,0.47614,12.97902
7.24219,810.00000,827.27917,0.58145,0.47614,12.97941
7.24319,810.00000,818.97613,0.58143,0.47614,12.97980
7.24419,810.00000,818.97613,0.58141,0.47614,12.98018
7.24519,810.00000,818.97613,0.58140,0.47614,12.98056
7.24619,810.00000,818.97613,0.58138,0.47614,12.98094
7.24719,810.00000,818.97613,0.58136,0.47614,12.98131
7.24819,810.00000,824.99804,0.58135,0.47614,12.98169
7.24919,810.00000,818.97613,0.58133,0.47614,12.98206
7.25019,810.00000,824.99804,0.58131,0.47614,12.98243
7.25119,810.00000,826.51739,0.58130,0.47614,12.98279
7.25219,810.00000,826.51739,0.58128,0.47614,12.98316
7.25319,810.00000,826.51739,0.58127,0.47614,12.98352
7.25419,810.00000,826.51739,0.58125,0.47614,12.98388
7.25519,810.00000,826.51739,0.58123,0.47614,12.98423
7.25619,810.00000,826.51739,0.58122,0.47614,12.98459
7.25719,810.00000,829.57287,0.58120,0.47614,12.98494
7.25819,810.00000,825.75701,0.58119,0.47614,12.98528
7.25919,810.00000,824.99804,0.58117,0.47614,12.98563
7.26019,810.00000,824.99804,0.58116,0.47614,12.98597
7.26119,810.00000,822.72949,0.58114,0.47614,12.98632
7.26219,810.00000,819.72406,0.58112,0.47614,12.98666
7.26319,810.00000,819.72406,0.58111,0.47614,12.98699
7.26419,810.00000,819.72406,0.58109,0.47614,12.98733
7.26519,810.00000,821.22412,0.58108,0.47614,12.98766
7.26619,810.00000,819.72406,0.58107,0.47614,12.98799
7.26719,810.00000,821.22412,0.58105,0.47614,12.98832
7.26819,810.00000,819.72406,0.58104,0.47614,12.98864
7.26919,810.00000,821.22412,0.58102,0.47614,12.98896
7.27019,810.00000,821.22412,0.58101,0.47614,12.98928
7.27119,810.00000,821.22412,0.58099,0.47614,12.98960
7.27219,810.00000,826.51739,0.58098,0.47614,12.98992
7.27319,810.00000,826.51739,0.58097,0.47614,12.99023
7.27419,810.00000,826.51739,0.58095,0.47614,12.99054
7.27519,810.00000,819.72406,0.58094,0.47614,12.99085
7.27619,810.00000,819.72406,0.58092,0.47614,12.99115
7.27719,810.00000,826.51739,0.58091,0.47614,12.99146
7.27819,810.00000,824.99804,0.58090,0.47614,12.99176
7.27919,810.00000,828.80694,0.58088,0.47614,12.99206
7.28019,810.00000,824.99804,0.58087,0.47614,12.99236
7.28119,810.00000,824.99804,0.58086,0.47614,12.99265
7.28219,810.00000,824.99804,0.58084,0.47614,12.99294
7.28319,810.00000,824.99804,0.58083,0.47614,12.99323
7.28419,810.00000,824.99804,0.58082,0.47614,12.99352
7.28519,810.00000,824.99804,0.58081,0.47614,12.99380
7.28619,810.00000,828.04235,0.58079,0.47614,12.99408
7.28719,810.00000,828.04235,0.58078,0.47614,12.99436
7.28819,810.00000,828.04235,0.58077,0.47614,12.99464
7.28919,810.00000,828.04235,0.58076,0.47614,12.99492
7.29019,810.00000,824.99804,0.58074,0.47614,12.99519
7.29119,810.00000,824.99804,0.58073,0.47614,12.99546
7.29219,810.00000,824.99804,0.58072,0.47614,12.99573
7.29319,810.00000,824.24047,0.58071,0.47614,12.99600
7.29419,810.00000,824.24047,0.58070,0.47614,12.99626
7.29519,810.00000,824.24047,0.58068,0.47614,12.99653
7.29619,810.00000,824.99804,0.58067,0.47614,12.99679
7.29719,810.00000,824.99804,0.58066,0.47614,12.99705
7.29819,810.00000,824.99804,0.58065,0.47614,12.99730
7.29919,810.00000,826.51739,0.58064,0.47614,12.99756
7.30019,810.00000,826.51739,0.58063,0.47614,12.99781
7.30119,810.00000,826.51739,0.58062,0.47614,12.99806
7.30219,810.00000,826.51739,0.58060,0.47614,12.99831
7.30319,810.00000,826.51739,0.58059,0.47614,12.99856
7.30419,810.00000,826.51739,0.58058,0.47614,12.99880
7.30519,810.00000,826.51739,0.58057,0.47614,12.99904
7.30619,810.00000,826.51739,0.58056,0.47614,12.99928
7.30719,810.00000,826.51739,0.58055,0.47614,12.99952
7.30819,810.00000,826.51739,0.58054,0.47614,12.99976
7.30919,810.00000,828.04235,0.58053,0.47614,13.00000
7.31019,810.00000,823.48431,0.58052,0.47614,13.00023
7.31119,810.00000,828.04235,0.58051,0.47614,13.00046
7.31219,810.00000,828.04235,0.58050,0.47614,13.00069
7.31319,810.00000,828.04235,0.58049,0.47614,13.00091
7.31418,810.00000,828.04235,0.58048,0.47614,13.00114
7.31519,810.00000,828.04235,0.58047,0.47614,13.00136
7.31619,810.00000,826.51739,0.58046,0.47614,13.00158
7.31719,810.00000,826.51739,0.58045,0.47614,13.00180
7.31819,810.00000,823.48431,0.58044,0.47614,13.00201
7.31919,810.00000,822.72949,0.58043,0.47614,13.00222
7.32019,810.00000,822.72949,0.58042,0.47614,13.00243
7.32119,810.00000,821.22412,0.58041,0.47614,13.00263
7.32219,810.00000,821.22412,0.58040,0.47614,13.00283
7.32319,810.00000,821.22412,0.58039,0.47614,13.00303
7.32419,810.00000,821.22412,0.58038,0.47614,13.00322
7.32519,810.00000,821.22412,0.58038,0.47614,13.00341
7.32620,810.00000,821.22412,0.58037,0.47614,13.00359
7.32722,810.00000,821.22412,0.58036,0.47614,13.00377
7.32819,810.00000,821.22412,0.58035,0.47614,13.00395
7.32919,810.00000,820.47338,0.58034,0.47614,13.00413
7.33019,810.00000,820.47338,0.58034,0.47614,13.00430
7.33119,810.00000,820.47338,0.58033,0.47614,13.00446
7.33219,810.00000,824.24047,0.58032,0.47614,13.00463
7.33319,810.00000,824.24047,0.58031,0.47614,13.00479
7.33419,810.00000,819.72406,0.58031,0.47614,13.00495
7.33519,810.00000,824.24047,0.58030,0.47614,13.00510
7.33619,810.00000,824.24047,0.58029,0.47614,13.00525
7.33719,810.00000,821.22412,0.58029,0.47614,13.00540
7.33819,810.00000,824.24047,0.58028,0.47614,13.00555
7.33919,810.00000,826.51739,0.58027,0.47614,13.00569
7.34019,810.00000,828.80694,0.58027,0.47614,13.00582
7.34119,810.00000,828.80694,0.58026,0.47614,13.00596
7.34219,810.00000,827.27917,0.58026,0.47614,13.00609
7.34319,810.00000,828.80694,0.58025,0.47614,13.00621
7.34419,810.00000,831.10913,0.58025,0.47614,13.00634
7.34519,810.00000,831.10913,0.58024,0.47614,13.00646
7.34619,810.00000,831.10913,0.58024,0.47614,13.00657
7.34719,810.00000,831.10913,0.58023,0.47614,13.00669
7.34819,810.00000,827.27917,0.58022,0.47614,13.00680
7.34919,810.00000,827.27917,0.58022,0.47614,13.00691
7.35019,810.00000,827.27917,0.58022,0.47614,13.00701
7.35119,810.00000,823.48431,0.58021,0.47614,13.00712
7.35219,810.00000,822.72949,0.58021,0.47614,13.00722
7.35319,810.00000,823.48431,0.58020,0.47614,13.00732
7.35419,810.00000,823.48431,0.58020,0.47614,13.00742
7.35519,810.00000,823.48431,0.58019,0.47614,13.00751
7.35619,810.00000,828.04235,0.58019,0.47614,13.00761
7.35719,810.00000,823.48431,0.58018,0.47614,13.00769
7.35819,810.00000,828.04235,0.58018,0.47614,13.00778
7.35919,810.00000,828.04235,0.58018,0.47614,13.00786
7.36019,810.00000,828.04235,0.58017,0.47614,13.00794
7.36119,810.00000,828.04235,0.58017,0.47614,13.00802
7.36219,810.00000,828.04235,0.58017,0.47614,13.00809
7.36319,810.00000,828.04235,0.58016,0.47614,13.00817
7.36419,810.00000,822.72949,0.58016,0.47614,13.00824
7.36519,810.00000,817.48443,0.58016,0.47614,13.00830
7.36619,810.00000,817.48443,0.58016,0.47614,13.00837
7.36719,810.00000,817.48443,0.58015,0.47614,13.00843
7.36819,810.00000,817.48443,0.58015,0.47614,13.00849
7.36919,810.00000,817.48443,0.58015,0.47614,13.00855
7.37019,810.00000,818.97613,0.58014,0.47614,13.00860
7.37119,810.00000,818.97613,0.58014,0.47614,13.00865
7.37219,810.00000,818.97613,0.58014,0.47614,13.00870
7.37319,810.00000,818.97613,0.58014,0.47614,13.00874
7.37419,810.00000,818.97613,0.58014,0.47614,13.00878
7.37519,810.00000,818.97613,0.58013,0.47614,13.00882
7.37619,810.00000,824.24047,0.58013,0.47614,13.00885
7.37719,810.00000,824.24047,0.58013,0.47614,13.00887
7.37819,810.00000,820.47338,0.58013,0.47614,13.00890
7.37919,810.00000,824.24047,0.58013,0.47614,13.00891
7.38019,810.00000,820.47338,0.58013,0.47614,13.00893
7.38119,810.00000,824.24047,0.58013,0.47614,13.00894
7.38219,810.00000,820.47338,0.58013,0.47614,13.00895
7.38319,810.00000,824.24047,0.58013,0.47614,13.00895
7.38419,810.00000,824.24047,0.58013,0.47614,13.00895
7.38519,810.00000,824.24047,0.58013,0.47614,13.00895
7.38619,810.00000,824.24047,0.58013,0.47614,13.00894
7.38719,810.00000,825.75701,0.58013,0.47614,13.00894
7.38819,810.00000,825.75701,0.58013,0.47614,13.00893
7.38919,810.00000,825.75701,0.58013,0.47614,13.00891
7.39019,810.00000,825.75701,0.58013,0.47614,13.00890
7.39119,810.00000,827.27917,0.58013,0.47614,13.00887
7.39219,810.00000,826.51739,0.58013,0.47614,13.00885
7.39319,810.00000,826.51739,0.58013,0.47614,13.00882
7.39419,810.00000,827.27917,0.58014,0.47614,13.00879
7.39519,810.00000,827.27917,0.58014,0.47614,13.00875
7.39619,810.00000,827.27917,0.58014,0.47614,13.00871
7.39719,810.00000,827.27917,0.58014,0.47614,13.00866
7.39819,810.00000,827.27917,0.58014,0.47614,13.00862
7.39919,810.00000,827.27917,0.58015,0.47614,13.00856
7.40019,810.00000,827.27917,0.58015,0.47614,13.00851
7.40119,810.00000,826.51739,0.58015,0.47614,13.00845
7.40219,810.00000,825.75701,0.58015,0.47614,13.00839
7.40319,810.00000,825.75701,0.58016,0.47614,13.00832
7.40419,810.00000,825.75701,0.58016,0.47614,13.00824
7.40519,810.00000,823.48431,0.58016,0.47614,13.00817
7.40619,810.00000,823.48431,0.58017,0.47614,13.00808
7.40719,810.00000,818.22955,0.58017,0.47614,13.00799
7.40819,810.00000,818.22955,0.58018,0.47614,13.00790
7.40919,810.00000,818.22955,0.58018,0.47614,13.00780
7.41019,810.00000,818.22955,0.58019,0.47614,13.00769
7.41119,810.00000,820.47338,0.58019,0.47614,13.00758
7.41219,810.00000,823.48431,0.58020,0.47614,13.00747
7.41319,810.00000,826.51739,0.58020,0.47614,13.00734
7.41419,810.00000,825.75701,0.58021,0.47614,13.00722
7.41519,810.00000,826.51739,0.58021,0.47614,13.00709
7.41619,810.00000,828.04235,0.58022,0.47614,13.00695
7.41719,810.00000,826.51739,0.58022,0.47614,13.00681
7.41819,810.00000,826.51739,0.58023,0.47614,13.00667
7.41919,810.00000,826.51739,0.58024,0.47614,13.00652
7.42019,810.00000,826.51739,0.58024,0.47614,13.00637
7.42119,810.00000,828.04235,0.58025,0.47614,13.00621
7.42219,810.00000,826.51739,0.58026,0.47614,13.00605
7.42319,810.00000,825.75701,0.58027,0.47614,13.00588
7.42419,810.00000,825.75701,0.58027,0.47614,13.00571
7.42519,810.00000,822.72949,0.58028,0.47614,13.00553
7.42619,810.00000,822.72949,0.58029,0.47614,13.00536
7.42719,810.00000,822.72949,0.58030,0.47614,13.00517
7.42819,810.00000,822.72949,0.58031,0.47614,13.00498
7.42919,810.00000,822.72949,0.58031,0.47614,13.00479
7.43019,810.00000,823.48431,0.58032,0.47614,13.00459
7.43119,810.00000,823.48431,0.58033,0.47614,13.00439
7.43219,810.00000,823.48431,0.58034,0.47614,13.00419
7.43319,810.00000,823.48431,0.58035,0.47614,13.00398
7.43419,810.00000,823.48431,0.58036,0.47614,13.00377
7.43519,810.00000,823.48431,0.58037,0.47614,13.00356
7.43619,810.00000,828.80694,0.58038,0.47614,13.00334
7.43719,810.00000,828.80694,0.58039,0.47614,13.00312
7.43819,810.00000,824.99804,0.58040,0.47614,13.00290
7.43919,810.00000,824.99804,0.58041,0.47614,13.00267
7.44019,810.00000,828.04235,0.58042,0.47614,13.00245
7.44119,810.00000,828.04235,0.58043,0.47614,13.00221
7.44219,810.00000,826.51739,0.58044,0.47614,13.00198
7.44319,810.00000,826.51739,0.58045,0.47614,13.00174
7.44419,810.00000,826.51739,0.58046,0.47614,13.00150
7.44519,810.00000,828.04235,0.58047,0.47614,13.00125
7.44619,810.00000,826.51739,0.58048,0.47614,13.00100
7.44719,810.00000,824.99804,0.58050,0.47614,13.00074
7.44819,810.00000,824.99804,0.58051,0.47614,13.00049
7.44919,810.00000,822.72949,0.58052,0.47614,13.00023
7.45019,810.00000,823.48431,0.58053,0.47614,12.99997
7.45119,810.00000,823.48431,0.58054,0.47614,12.99970
7.45219,810.00000,822.72949,0.58055,0.47614,12.99943
7.45319,810.00000,822.72949,0.58057,0.47614,12.99916
7.45419,810.00000,822.72949,0.58058,0.47614,12.99888
7.45519,810.00000,822.72949,0.58059,0.47614,12.99860
7.45619,810.00000,822.72949,0.58060,0.47614,12.99832
7.45719,810.00000,822.72949,0.58062,0.47614,12.99803
7.45819,810.00000,822.72949,0.58063,0.47614,12.99774
7.45919,810.00000,822.72949,0.58064,0.47614,12.99745
7.46019,810.00000,822.72949,0.58066,0.47614,12.99715
7.46119,810.00000,822.72949,0.58067,0.47614,12.99685
7.46219,810.00000,820.47338,0.58068,0.47614,12.99655
7.46319,810.00000,822.72949,0.58070,0.47614,12.99624
7.46419,810.00000,820.47338,0.58071,0.47614,12.99594
7.46519,810.00000,820.47338,0.58072,0.47614,12.99562
7.46619,810.00000,820.47338,0.58074,0.47614,12.99531
7.46719,810.00000,823.48431,0.58075,0.47614,12.99500
7.46819,810.00000,823.48431,0.58077,0.47614,12.99468
7.46919,810.00000,823.48431,0.58078,0.47614,12.99436
7.47019,810.00000,823.48431,0.58079,0.47614,12.99404
7.47119,810.00000,823.48431,0.58081,0.47614,12.99371
7.47220,810.00000,823.48431,0.58082,0.47614,12.99338
7.47322,810.00000,823.48431,0.58084,0.47614,12.99305
7.47419,810.00000,823.48431,0.58085,0.47614,12.99272
7.47519,810.00000,823.48431,0.58087,0.47614,12.99239
7.47619,810.00000,823.48431,0.58088,0.47614,12.99205
7.47719,810.00000,824.24047,0.58090,0.47614,12.99171
7.47819,810.00000,823.48431,0.58091,0.47614,12.99137
7.47919,810.00000,823.48431,0.58093,0.47614,12.99102
7.48019,810.00000,823.48431,0.58094,0.47614,12.99068
7.48119,810.00000,823.48431,0.58096,0.47614,12.99033
7.48219,810.00000,823.48431,0.58098,0.47614,12.98998
7.48319,810.00000,824.24047,0.58099,0.47614,12.98963
7.48419,810.00000,824.24047,0.58101,0.47614,12.98927
7.48519,810.00000,823.48431,0.58102,0.47614,12.98892
7.48619,810.00000,824.24047,0.58104,0.47614,12.98856
7.48719,810.00000,824.24047,0.58106,0.47614,12.98820
7.48819,810.00000,825.75701,0.58107,0.47614,12.98784
7.48919,810.00000,825.75701,0.58109,0.47614,12.98747
7.49019,810.00000,825.75701,0.58110,0.47614,12.98711
7.49119,810.00000,825.75701,0.58112,0.47614,12.98674
7.49219,810.00000,825.75701,0.58114,0.47614,12.98637
7.49319,810.00000,825.75701,0.58115,0.47614,12.98600
7.49419,810.00000,825.75701,0.58117,0.47614,12.98563
7.49519,810.00000,824.24047,0.58119,0.47614,12.98526
7.49619,810.00000,825.75701,0.58120,0.47614,12.98488
7.49719,810.00000,825.75701,0.58122,0.47614,12.98450
7.49819,810.00000,825.75701,0.58124,0.47614,12.98412
7.49919,810.00000,825.75701,0.58126,0.47614,12.98374
7.50019,810.00000,825.75701,0.58127,0.47614,12.98335
7.50119,810.00000,826.51739,0.58129,0.47614,12.98297
7.50219,810.00000,825.75701,0.58131,0.47614,12.98258
7.50319,810.00000,826.51739,0.58132,0.47614,12.98220
7.50419,810.00000,826.51739,0.58134,0.47614,12.98182
7.50519,810.00000,826.51739,0.58136,0.47614,12.98143
7.50619,810.00000,826.51739,0.58138,0.47614,12.98105
7.50719,810.00000,826.51739,0.58139,0.47614,12.98067
7.50819,810.00000,826.51739,0.58141,0.47614,12.98029
7.50919,810.00000,826.51739,0.58143,0.47614,12.97990
7.51019,810.00000,826.51739,0.58144,0.47614,12.97952
7.51119,810.00000,827.27917,0.58146,0.47614,12.97914
7.51219,810.00000,826.51739,0.58148,0.47614,12.97877
7.51319,810.00000,827.27917,0.58150,0.47614,12.97839
7.51419,810.00000,828.04235,0.58151,0.47614,12.97801
7.51519,810.00000,827.27917,0.58153,0.47614,12.97764
7.51619,810.00000,827.27917,0.58155,0.47614,12.97727
7.51719,810.00000,827.27917,0.58156,0.47614,12.97690
7.51819,810.00000,828.04235,0.58158,0.47614,12.97654
7.51919,810.00000,827.27917,0.58159,0.47614,12.97618
7.52019,810.00000,828.80694,0.58161,0.47614,12.97581
7.52119,810.00000,828.80694,0.58163,0.47614,12.97546
7.52219,810.00000,827.27917,0.58164,0.47614,12.97510
7.52319,810.00000,830.34033,0.58166,0.47614,12.97475
7.52419,810.00000,827.27917,0.58167,0.47614,12.97441
7.52519,810.00000,824.99804,0.58169,0.47614,12.97406
7.52619,810.00000,824.99804,0.58170,0.47614,12.97372
7.52719,810.00000,824.99804,0.58172,0.47614,12.97339
7.52819,810.00000,824.99804,0.58173,0.47614,12.97306
7.52919,810.00000,824.24047,0.58175,0.47614,12.97273
7.53019,810.00000,824.24047,0.58176,0.47614,12.97241
7.53119,810.00000,824.24047,0.58178,0.47614,12.97209
7.53219,810.00000,823.48431,0.58179,0.47614,12.97178
7.53319,810.00000,824.24047,0.58181,0.47614,12.97147
7.53419,810.00000,824.24047,0.58182,0.47614,12.97116
7.53519,810.00000,824.24047,0.58183,0.47614,12.97086
7.53619,810.00000,824.99804,0.58185,0.47614,12.97057
7.53719,810.00000,824.24047,0.58186,0.47614,12.97027
7.53819,810.00000,824.24047,0.58187,0.47614,12.96998
7.53919,810.00000,824.24047,0.58188,0.47614,12.96970
7.54019,810.00000,824.24047,0.58190,0.47614,12.96942
7.54119,810.00000,824.99804,0.58191,0.47614,12.96914
7.54219,810.00000,823.48431,0.58192,0.47614,12.96886
7.54319,810.00000,823.48431,0.58193,0.47614,12.96859
7.54419,810.00000,823.48431,0.58195,0.47614,12.96833
7.54519,810.00000,823.48431,0.58196,0.47614,12.96807
7.54619,810.00000,823.48431,0.58197,0.47614,12.96781
7.54719,810.00000,823.48431,0.58198,0.47614,12.96755
7.54819,810.00000,823.48431,0.58199,0.47614,12.96730
7.54919,810.00000,823.48431,0.58200,0.47614,12.96705
7.55019,810.00000,824.24047,0.58201,0.47614,12.96681
7.55119,810.00000,824.24047,0.58203,0.47614,12.96657
7.55219,810.00000,824.24047,0.58204,0.47614,12.96633
7.55319,810.00000,824.24047,0.58205,0.47614,12.96610
7.55419,810.00000,829.57287,0.58206,0.47614,12.96587
7.55519,810.00000,829.57287,0.58207,0.47614,12.96564
7.55619,810.00000,831.10913,0.58208,0.47614,12.96542
7.55719,810.00000,824.24047,0.58209,0.47614,12.96519
7.55819,810.00000,831.10913,0.58210,0.47614,12.96498
7.55919,810.00000,831.10913,0.58211,0.47614,12.96476
7.56019,810.00000,831.10913,0.58212,0.47614,12.96455
7.56119,810.00000,831.10913,0.58213,0.47614,12.96434
7.56219,810.00000,831.10913,0.58213,0.47614,12.96413
7.56319,810.00000,831.10913,0.58214,0.47614,12.96393
7.56419,810.00000,829.57287,0.58215,0.47614,12.96373
7.56519,810.00000,829.57287,0.58216,0.47614,12.96353
7.56619,810.00000,829.57287,0.58217,0.47614,12.96333
7.56719,810.00000,823.48431,0.58218,0.47614,12.96314
7.56819,810.00000,829.57287,0.58219,0.47614,12.96295
7.56919,810.00000,823.48431,0.58220,0.47614,12.96277
7.57019,810.00000,823.48431,0.58220,0.47614,12.96258
7.57119,810.00000,823.48431,0.58221,0.47614,12.96241
7.57219,810.00000,823.48431,0.58222,0.47614,12.96223
7.57319,810.00000,817.48443,0.58223,0.47614,12.96206
7.57419,810.00000,817.48443,0.58224,0.47614,12.96189
7.57519,810.00000,823.48431,0.58224,0.47614,12.96173
7.57619,810.00000,823.48431,0.58225,0.47614,12.96157
7.57719,810.00000,827.27917,0.58226,0.47614,12.96141
7.57819,810.00000,827.27917,0.58226,0.47614,12.96125
7.57919,810.00000,827.27917,0.58227,0.47614,12.96109
7.58019,810.00000,827.27917,0.58228,0.47614,12.96093
7.58119,810.00000,828.80694,0.58229,0.47614,12.96078
7.58219,810.00000,828.80694,0.58229,0.47614,12.96063
7.58319,810.00000,827.27917,0.58230,0.47614,12.96047
7.58419,810.00000,827.27917,0.58231,0.47614,12.96032
7.58519,810.00000,827.27917,0.58231,0.47614,12.96017
7.58619,810.00000,825.75701,0.58232,0.47614,12.96002
7.58719,810.00000,825.75701,0.58233,0.47614,12.95987
7.58819,810.00000,825.75701,0.58233,0.47614,12.95973
7.58919,810.00000,825.75701,0.58234,0.47614,12.95958
7.59019,810.00000,825.75701,0.58235,0.47614,12.95943
7.59119,810.00000,825.75701,0.58235,0.47614,12.95929
7.59219,810.00000,824.99804,0.58236,0.47614,12.95915
7.59319,810.00000,825.75701,0.58236,0.47614,12.95901
7.59419,810.00000,825.75701,0.58237,0.47614,12.95887
7.59519,810.00000,825.75701,0.58238,0.47614,12.95873
7.59619,810.00000,824.99804,0.58238,0.47614,12.95859
7.59719,810.00000,824.99804,0.58239,0.47614,12.95845
7.59819,810.00000,824.99804,0.58240,0.47614,12.95832
7.59919,810.00000,827.27917,0.58240,0.47614,12.95818
7.60019,810.00000,827.27917,0.58241,0.47614,12.95805
7.60119,810.00000,827.27917,0.58241,0.47614,12.95792
7.60219,810.00000,827.27917,0.58242,0.47614,12.95779
7.60319,810.00000,828.04235,0.58243,0.47614,12.95766
7.60419,810.00000,828.04235,0.58243,0.47614,12.95753
7.60519,810.00000,828.04235,0.58244,0.47614,12.95740
7.60619,810.00000,828.04235,0.58244,0.47614,12.95727
7.60719,810.00000,828.80694,0.58245,0.47614,12.95715
7.60819,810.00000,828.04235,0.58245,0.47614,12.95702
7.60919,810.00000,828.80694,0.58246,0.47614,12.95690
7.61019,810.00000,828.80694,0.58247,0.47614,12.95677
7.61119,810.00000,828.80694,0.58247,0.47614,12.95665
7.61219,810.00000,828.80694,0.58248,0.47614,12.95653
7.61319,810.00000,828.80694,0.58248,0.47614,12.95641
7.61419,810.00000,828.04235,0.58249,0.47614,12.95629
7.61519,810.00000,825.75701,0.58249,0.47614,12.95617
7.61619,810.00000,828.04235,0.58250,0.47614,12.95606
7.61719,810.00000,828.04235,0.58250,0.47614,12.95594
7.61819,810.00000,825.75701,0.58251,0.47614,12.95582
7.61920,810.00000,825.75701,0.58251,0.47614,12.95571
7.62022,810.00000,825.75701,0.58252,0.47614,12.95560
7.62119,810.00000,825.75701,0.58252,0.47614,12.95548
7.62219,810.00000,825.75701,0.58253,0.47614,12.95537
7.62319,810.00000,825.75701,0.58253,0.47614,12.95527
7.62419,810.00000,825.75701,0.58254,0.47614,12.95516
7.62519,810.00000,825.75701,0.58254,0.47614,12.95505
7.62619,810.00000,825.75701,0.58255,0.47614,12.95495
7.62719,810.00000,825.75701,0.58255,0.47614,12.95485
7.62819,810.00000,825.75701,0.58256,0.47614,12.95475
7.62919,810.00000,825.75701,0.58256,0.47614,12.95464
7.63019,810.00000,825.75701,0.58257,0.47614,12.95455
7.63119,810.00000,825.75701,0.58257,0.47614,12.95445
7.63219,810.00000,824.99804,0.58257,0.47614,12.95435
7.63319,810.00000,824.99804,0.58258,0.47614,12.95425
7.63419,810.00000,825.75701,0.58258,0.47614,12.95415
7.63519,810.00000,825.75701,0.58259,0.47614,12.95405
7.63619,810.00000,825.75701,0.58259,0.47614,12.95395
7.63719,810.00000,825.75701,0.58260,0.47614,12.95385
7.63819,810.00000,825.75701,0.58260,0.47614,12.95374
7.63919,810.00000,825.75701,0.58261,0.47614,12.95364
7.64019,810.00000,825.75701,0.58261,0.47614,12.95353
7.64119,810.00000,826.51739,0.58262,0.47614,12.95342
7.64219,810.00000,826.51739,0.58262,0.47614,12.95332
7.64319,810.00000,828.04235,0.58263,0.47614,12.95321
7.64419,810.00000,828.04235,0.58263,0.47614,12.95310
7.64519,810.00000,828.80694,0.58264,0.47614,12.95300
7.64619,810.00000,828.04235,0.58264,0.47614,12.95289
7.64719,810.00000,828.04235,0.58264,0.47614,12.95278
7.64819,810.00000,828.04235,0.58265,0.47614,12.95267
7.64919,810.00000,825.75701,0.58265,0.47614,12.95256
7.65019,810.00000,825.75701,0.58266,0.47614,12.95245
7.65119,810.00000,828.04235,0.58266,0.47614,12.95234
7.65219,810.00000,828.04235,0.58267,0.47614,12.95223
7.65319,810.00000,828.04235,0.58267,0.47614,12.95211
7.65419,810.00000,825.75701,0.58268,0.47614,12.95200
7.65519,810.00000,825.75701,0.58268,0.47614,12.95189
7.65619,810.00000,824.24047,0.58269,0.47614,12.95177
7.65719,810.00000,824.24047,0.58270,0.47614,12.95166
7.65819,810.00000,824.24047,0.58270,0.47614,12.95154
7.65919,810.00000,824.24047,0.58271,0.47614,12.95142
7.66019,810.00000,824.24047,0.58271,0.47614,12.95130
7.66119,810.00000,824.24047,0.58272,0.47614,12.95118
7.66219,810.00000,824.24047,0.58272,0.47614,12.95106
7.66319,810.00000,823.48431,0.58273,0.47614,12.95094
7.66419,810.00000,823.48431,0.58273,0.47614,12.95082
7.66519,810.00000,823.48431,0.58274,0.47614,12.95069
7.66619,810.00000,824.24047,0.58274,0.47614,12.95057
7.66719,810.00000,833.42425,0.58275,0.47614,12.95045
7.66819,810.00000,833.42425,0.58276,0.47614,12.95032
7.66919,810.00000,833.42425,0.58276,0.47614,12.95020
7.67019,810.00000,833.42425,0.58277,0.47614,12.95008
7.67119,810.00000,830.34033,0.58277,0.47614,12.94995
7.67219,810.00000,830.34033,0.58278,0.47614,12.94983
7.67319,810.00000,830.34033,0.58278,0.47614,12.94970
7.67419,810.00000,830.34033,0.58279,0.47614,12.94957
7.67519,810.00000,830.34033,0.58279,0.47614,12.94944
7.67619,810.00000,826.51739,0.58280,0.47614,12.94932
7.67719,810.00000,826.51739,0.58281,0.47614,12.94919
7.67819,810.00000,826.51739,0.58281,0.47614,12.94906
7.67919,810.00000,821.22412,0.58282,0.47614,12.94893
7.68019,810.00000,821.22412,0.58282,0.47614,12.94880
7.68119,810.00000,821.22412,0.58283,0.47614,12.94867
7.68219,810.00000,821.22412,0.58284,0.47614,12.94854
7.68319,810.00000,821.22412,0.58284,0.47614,12.94841
7.68419,810.00000,821.22412,0.58285,0.47614,12.94828
7.68519,810.00000,826.51739,0.58285,0.47614,12.94815
7.68619,810.00000,826.51739,0.58286,0.47614,12.94801
7.68719,810.00000,830.34033,0.58287,0.47614,12.94788
7.68819,810.00000,830.34033,0.58287,0.47614,12.94775
7.68919,810.00000,830.34033,0.58288,0.47614,12.94762
7.69019,810.00000,830.34033,0.58288,0.47614,12.94748
7.69119,810.00000,830.34033,0.58289,0.47614,12.94735
7.69219,810.00000,830.34033,0.58290,0.47614,12.94721
7.69319,810.00000,830.34033,0.58290,0.47614,12.94708
7.69419,810.00000,830.34033,0.58291,0.47614,12.94694
7.69519,810.00000,830.34033,0.58291,0.47614,12.94680
7.69619,810.00000,824.99804,0.58292,0.47614,12.94667
7.69719,810.00000,822.72949,0.58293,0.47614,12.94653
7.69819,810.00000,822.72949,0.58293,0.47614,12.94639
7.69919,810.00000,822.72949,0.58294,0.47614,12.94625
7.70019,810.00000,822.72949,0.58294,0.47614,12.94612
7.70119,810.00000,822.72949,0.58295,0.47614,12.94598
7.70219,810.00000,820.47338,0.58296,0.47614,12.94584
7.70319,810.00000,820.47338,0.58296,0.47614,12.94570
7.70419,810.00000,820.47338,0.58297,0.47614,12.94556
7.70519,810.00000,820.47338,0.58298,0.47614,12.94542
7.70619,810.00000,820.47338,0.58298,0.47614,12.94528
7.70719,810.00000,821.97613,0.58299,0.47614,12.94514
7.70819,810.00000,821.97613,0.58299,0.47614,12.94500
7.70919,810.00000,821.97613,0.58300,0.47614,12.94486
7.71019,810.00000,821.97613,0.58301,0.47614,12.94472
7.71119,810.00000,821.97613,0.58301,0.47614,12.94458
7.71219,810.00000,824.24047,0.58302,0.47614,12.94444
7.71319,810.00000,824.24047,0.58303,0.47614,12.94430
7.71419,810.00000,824.24047,0.58303,0.47614,12.94416
7.71519,810.00000,824.24047,0.58304,0.47614,12.94402
7.71619,810.00000,824.24047,0.58305,0.47614,12.94388
7.71719,810.00000,824.24047,0.58305,0.47614,12.94373
7.71819,810.00000,828.04235,0.58306,0.47614,12.94358
7.71919,810.00000,828.04235,0.58307,0.47614,12.94344
7.72019,810.00000,828.80694,0.58307,0.47614,12.94328
7.72119,810.00000,828.80694,0.58308,0.47614,12.94313
7.72219,810.00000,828.80694,0.58309,0.47614,12.94298
7.72319,810.00000,828.80694,0.58309,0.47614,12.94282
7.72419,810.00000,828.80694,0.58310,0.47614,12.94266
7.72519,810.00000,831.10913,0.58311,0.47614,12.94250
7.72619,810.00000,831.10913,0.58311,0.47614,12.94234
7.72719,810.00000,834.97479,0.58312,0.47614,12.94217
7.72819,810.00000,834.97479,0.58313,0.47614,12.94200
7.72919,810.00000,831.10913,0.58314,0.47614,12.94183
7.73019,810.00000,831.10913,0.58315,0.47614,12.94166
7.73119,810.00000,831.10913,0.58315,0.47614,12.94148
7.73219,810.00000,831.10913,0.58316,0.47614,12.94130
7.73319,810.00000,822.72949,0.58317,0.47614,12.94111
7.73419,810.00000,822.72949,0.58318,0.47614,12.94093
7.73519,810.00000,822.72949,0.58319,0.47614,12.94073
7.73619,810.00000,822.72949,0.58320,0.47614,12.94054
7.73719,810.00000,824.24047,0.58321,0.47614,12.94034
7.73819,810.00000,824.24047,0.58321,0.47614,12.94013
7.73919,810.00000,822.72949,0.58322,0.47614,12.93992
7.74019,810.00000,824.24047,0.58323,0.47614,12.93971
7.74119,810.00000,824.99804,0.58324,0.47614,12.93950
7.74219,810.00000,824.24047,0.58325,0.47614,12.93928
7.74319,810.00000,824.24047,0.58326,0.47614,12.93906
7.74419,810.00000,824.24047,0.58327,0.47614,12.93883
7.74519,810.00000,824.99804,0.58328,0.47614,12.93860
7.74619,810.00000,824.99804,0.58329,0.47614,12.93836
7.74719,810.00000,824.99804,0.58330,0.47614,12.93812
7.74819,810.00000,824.99804,0.58332,0.47614,12.93788
7.74919,810.00000,822.72949,0.58333,0.47614,12.93763
7.75019,810.00000,823.48431,0.58334,0.47614,12.93738
7.75119,810.00000,822.72949,0.58335,0.47614,12.93712
7.75219,810.00000,822.72949,0.58336,0.47614,12.93686
7.75319,810.00000,823.48431,0.58337,0.47614,12.93659
7.75419,810.00000,824.99804,0.58339,0.47614,12.93632
7.75519,810.00000,824.99804,0.58340,0.47614,12.93604
7.75619,810.00000,824.99804,0.58341,0.47614,12.93576
7.75719,810.00000,824.99804,0.58342,0.47614,12.93548
7.75819,810.00000,826.51739,0.58344,0.47614,12.93518
7.75919,810.00000,826.51739,0.58345,0.47614,12.93489
7.76019,810.00000,826.51739,0.58346,0.47614,12.93459
7.76119,810.00000,826.51739,0.58348,0.47614,12.93429
7.76219,810.00000,826.51739,0.58349,0.47614,12.93398
7.76319,810.00000,826.51739,0.58351,0.47614,12.93367
7.76419,810.00000,826.51739,0.58352,0.47614,12.93335
7.76520,810.00000,825.75701,0.58353,0.47614,12.93303
7.76622,810.00000,825.75701,0.58355,0.47614,12.93270
7.76719,810.00000,825.75701,0.58356,0.47614,12.93237
7.76819,810.00000,824.24047,0.58358,0.47614,12.93204
7.76919,810.00000,824.24047,0.58359,0.47614,12.93170
7.77019,810.00000,825.75701,0.58361,0.47614,12.93136
7.77119,810.00000,825.75701,0.58363,0.47614,12.93101
7.77219,810.00000,825.75701,0.58364,0.47614,12.93067
7.77319,810.00000,825.75701,0.58366,0.47614,12.93031
7.77419,810.00000,825.75701,0.58367,0.47614,12.92996
7.77519,810.00000,825.75701,0.58369,0.47614,12.92960
7.77619,810.00000,827.27917,0.58371,0.47614,12.92924
7.77719,810.00000,827.27917,0.58372,0.47614,12.92887
7.77819,810.00000,827.27917,0.58374,0.47614,12.92850
7.77919,810.00000,828.80694,0.58376,0.47614,12.92813
7.78019,810.00000,828.80694,0.58377,0.47614,12.92776
7.78119,810.00000,826.51739,0.58379,0.47614,12.92738
7.78219,810.00000,826.51739,0.58381,0.47614,12.92700
7.78319,810.00000,826.51739,0.58382,0.47614,12.92661
7.78419,810.00000,826.51739,0.58384,0.47614,12.92622
7.78519,810.00000,826.51739,0.58386,0.47614,12.92583
7.78619,810.00000,826.51739,0.58388,0.47614,12.92544
7.78719,810.00000,825.75701,0.58390,0.47614,12.92504
7.78819,810.00000,826.51739,0.58391,0.47614,12.92464
7.78919,810.00000,825.75701,0.58393,0.47614,12.92424
7.79019,810.00000,825.75701,0.58395,0.47614,12.92383
7.79119,810.00000,824.99804,0.58397,0.47614,12.92341
7.79219,810.00000,825.75701,0.58399,0.47614,12.92299
7.79319,810.00000,825.75701,0.58401,0.47614,12.92257
7.79419,810.00000,825.75701,0.58403,0.47614,12.92214
7.79519,810.00000,827.27917,0.58405,0.47614,12.92171
7.79619,810.00000,825.75701,0.58407,0.47614,12.92127
7.79719,810.00000,825.75701,0.58409,0.47614,12.92082
7.79819,810.00000,825.75701,0.58411,0.47614,12.92038
7.79919,810.00000,825.75701,0.58413,0.47614,12.91992
7.80019,810.00000,824.99804,0.58415,0.47614,12.91946
7.80119,810.00000,826.51739,0.58417,0.47614,12.91900
7.80219,810.00000,826.51739,0.58419,0.47614,12.91854
7.80319,810.00000,824.99804,0.58421,0.47614,12.91807
7.80419,810.00000,824.99804,0.58423,0.47614,12.91759
7.80519,810.00000,826.51739,0.58425,0.47614,12.91712
7.80619,810.00000,823.48431,0.58428,0.47614,12.91664
7.80719,810.00000,826.51739,0.58430,0.47614,12.91615
7.80819,810.00000,826.51739,0.58432,0.47614,12.91566
7.80919,810.00000,826.51739,0.58434,0.47614,12.91517
7.81019,810.00000,824.24047,0.58436,0.47614,12.91467
7.81119,810.00000,824.24047,0.58439,0.47614,12.91417
7.81219,810.00000,824.24047,0.58441,0.47614,12.91367
7.81319,810.00000,824.24047,0.58443,0.47614,12.91316
7.81419,810.00000,828.80694,0.58446,0.47614,12.91265
7.81519,810.00000,824.24047,0.58448,0.47614,12.91214
7.81619,810.00000,824.24047,0.58450,0.47614,12.91162
7.81719,810.00000,824.24047,0.58453,0.47614,12.91110
7.81819,810.00000,823.48431,0.58455,0.47614,12.91058
7.81919,810.00000,823.48431,0.58457,0.47614,12.91005
7.82019,810.00000,823.48431,0.58460,0.47614,12.90952
7.82119,810.00000,824.24047,0.58462,0.47614,12.90899
7.82219,810.00000,824.24047,0.58465,0.47614,12.90845
7.82319,810.00000,824.24047,0.58467,0.47614,12.90792
7.82419,810.00000,824.24047,0.58469,0.47614,12.90738
7.82519,810.00000,824.24047,0.58472,0.47614,12.90684
7.82619,810.00000,824.24047,0.58474,0.47614,12.90630
7.82719,810.00000,824.24047,0.58477,0.47614,12.90577
7.82819,810.00000,824.24047,0.58479,0.47614,12.90523
7.82919,810.00000,824.24047,0.58482,0.47614,12.90469
7.83019,810.00000,824.24047,0.58484,0.47614,12.90415
7.83119,810.00000,824.24047,0.58487,0.47614,12.90360
7.83219,810.00000,824.24047,0.58489,0.47614,12.90306
7.83319,810.00000,824.24047,0.58491,0.47614,12.90253
7.83419,810.00000,824.24047,0.58494,0.47614,12.90199
7.83519,810.00000,824.24047,0.58496,0.47614,12.90145
7.83619,810.00000,824.24047,0.58499,0.47614,12.90091
7.83719,810.00000,824.24047,0.58501,0.47614,12.90037
7.83819,810.00000,825.75701,0.58504,0.47614,12.89984
7.83919,810.00000,829.57287,0.58506,0.47614,12.89931
7.84019,810.00000,825.75701,0.58508,0.47614,12.89878
7.84119,810.00000,829.57287,0.58511,0.47614,12.89826
7.84219,810.00000,825.75701,0.58513,0.47614,12.89774
7.84319,810.00000,825.75701,0.58515,0.47614,12.89722
7.84419,810.00000,828.80694,0.58518,0.47614,12.89671
7.84519,810.00000,829.57287,0.58520,0.47614,12.89620
7.84619,810.00000,829.57287,0.58522,0.47614,12.89569
7.84719,810.00000,829.57287,0.58525,0.47614,12.89518
7.84819,810.00000,828.80694,0.58527,0.47614,12.89469
7.84919,810.00000,828.80694,0.58529,0.47614,12.89419
7.85019,810.00000,828.80694,0.58531,0.47614,12.89370
7.85119,810.00000,828.80694,0.58534,0.47614,12.89322
7.85219,810.00000,828.80694,0.58536,0.47614,12.89274
7.85319,810.00000,828.80694,0.58538,0.47614,12.89227
7.85419,810.00000,829.57287,0.58540,0.47614,12.89180
7.85519,810.00000,829.57287,0.58542,0.47614,12.89133
7.85619,810.00000,829.57287,0.58544,0.47614,12.89087
7.85719,810.00000,829.57287,0.58546,0.47614,12.89041
7.85819,810.00000,829.57287,0.58548,0.47614,12.88996
7.85919,810.00000,829.57287,0.58550,0.47614,12.88952
7.86019,810.00000,829.57287,0.58552,0.47614,12.88908
7.86119,810.00000,825.75701,0.58554,0.47614,12.88864
7.86219,810.00000,826.51739,0.58556,0.47614,12.88821
7.86319,810.00000,826.51739,0.58558,0.47614,12.88779
7.86419,810.00000,825.75701,0.58560,0.47614,12.88737
7.86519,810.00000,824.24047,0.58562,0.47614,12.88696
7.86619,810.00000,825.75701,0.58564,0.47614,12.88656
7.86719,810.00000,825.75701,0.58566,0.47614,12.88616
7.86819,810.00000,825.75701,0.58567,0.47614,12.88577
7.86919,810.00000,826.51739,0.58569,0.47614,12.88538
7.87019,810.00000,826.51739,0.58571,0.47614,12.88501
7.87119,810.00000,826.51739,0.58573,0.47614,12.88463
7.87219,810.00000,826.51739,0.58574,0.47614,12.88427
7.87319,810.00000,821.97613,0.58576,0.47614,12.88391
7.87419,810.00000,821.97613,0.58578,0.47614,12.88355
7.87519,810.00000,821.97613,0.58579,0.47614,12.88320
7.87619,810.00000,826.51739,0.58581,0.47614,12.88286
7.87719,810.00000,825.75701,0.58582,0.47614,12.88252
7.87819,810.00000,824.99804,0.58584,0.47614,12.88219
7.87919,810.00000,825.75701,0.58585,0.47614,12.88187
7.88019,810.00000,825.75701,0.58587,0.47614,12.88155
7.88119,810.00000,825.75701,0.58588,0.47614,12.88123
7.88219,810.00000,825.75701,0.58589,0.47614,12.88093
7.88319,810.00000,832.65112,0.58591,0.47614,12.88063
7.88419,810.00000,832.65112,0.58592,0.47614,12.88034
7.88519,810.00000,825.75701,0.58593,0.47614,12.88005
7.88619,810.00000,829.57287,0.58595,0.47614,12.87978
7.88719,810.00000,825.75701,0.58596,0.47614,12.87951
7.88819,810.00000,825.75701,0.58597,0.47614,12.87925
7.88919,810.00000,825.75701,0.58598,0.47614,12.87899
7.89019,810.00000,825.75701,0.58599,0.47614,12.87874
7.89119,810.00000,824.24047,0.58601,0.47614,12.87849
7.89219,810.00000,824.24047,0.58602,0.47614,12.87825
7.89319,810.00000,824.24047,0.58603,0.47614,12.87801
7.89419,810.00000,824.24047,0.58604,0.47614,12.87778
7.89519,810.00000,824.24047,0.58605,0.47614,12.87756
7.89619,810.00000,824.24047,0.58606,0.47614,12.87734
7.89719,810.00000,824.24047,0.58607,0.47614,12.87713
7.89819,810.00000,825.75701,0.58608,0.47614,12.87692
7.89919,810.00000,825.75701,0.58609,0.47614,12.87672
7.90019,810.00000,832.65112,0.58610,0.47614,12.87652
7.90119,810.00000,832.65112,0.58610,0.47614,12.87633
7.90219,810.00000,833.42425,0.58611,0.47614,12.87614
7.90319,810.00000,833.42425,0.58612,0.47614,12.87595
7.90419,810.00000,834.19879,0.58613,0.47614,12.87577
7.90519,810.00000,833.42425,0.58614,0.47614,12.87560
7.90619,810.00000,833.42425,0.58615,0.47614,12.87543
7.90719,810.00000,832.65112,0.58615,0.47614,12.87526
7.90819,810.00000,832.65112,0.58616,0.47614,12.87510
7.90919,810.00000,832.65112,0.58617,0.47614,12.87494
7.91019,810.00000,832.65112,0.58617,0.47614,12.87479
7.91120,810.00000,830.34033,0.58618,0.47614,12.87465
7.91222,810.00000,821.22412,0.58619,0.47614,12.87450
7.91319,810.00000,830.34033,0.58619,0.47614,12.87437
7.91419,810.00000,821.22412,0.58620,0.47614,12.87423
7.91519,810.00000,824.24047,0.58621,0.47614,12.87411
7.91619,810.00000,824.24047,0.58621,0.47614,12.87398
7.91719,810.00000,824.24047,0.58622,0.47614,12.87386
7.91820,810.00000,826.51739,0.58622,0.47614,12.87375
7.91919,810.00000,826.51739,0.58623,0.47614,12.87364
7.92019,810.00000,834.97479,0.58623,0.47614,12.87353
7.92119,810.00000,834.97479,0.58624,0.47614,12.87343
7.92219,810.00000,834.97479,0.58624,0.47614,12.87333
7.92319,810.00000,834.97479,0.58624,0.47614,12.87324
7.92419,810.00000,834.97479,0.58625,0.47614,12.87315
7.92519,810.00000,834.97479,0.58625,0.47614,12.87307
7.92619,810.00000,834.97479,0.58626,0.47614,12.87299
7.92719,810.00000,831.10913,0.58626,0.47614,12.87291
7.92819,810.00000,831.10913,0.58626,0.47614,12.87284
7.92919,810.00000,831.10913,0.58627,0.47614,12.87277
7.93019,810.00000,826.51739,0.58627,0.47614,12.87270
7.93119,810.00000,824.99804,0.58627,0.47614,12.87264
7.93219,810.00000,826.51739,0.58627,0.47614,12.87259
7.93319,810.00000,824.99804,0.58628,0.47614,12.87253
7.93419,810.00000,824.99804,0.58628,0.47614,12.87248
7.93519,810.00000,826.51739,0.58628,0.47614,12.87244
7.93619,810.00000,826.51739,0.58628,0.47614,12.87239
7.93719,810.00000,826.51739,0.58629,0.47614,12.87236
7.93819,810.00000,829.57287,0.58629,0.47614,12.87232
7.93919,810.00000,829.57287,0.58629,0.47614,12.87229
7.94019,810.00000,828.80694,0.58629,0.47614,12.87226
7.94119,810.00000,829.57287,0.58629,0.47614,12.87224
7.94219,810.00000,829.57287,0.58629,0.47614,12.87222
7.94319,810.00000,829.57287,0.58629,0.47614,12.87220
7.94419,810.00000,829.57287,0.58629,0.47614,12.87219
7.94519,810.00000,828.80694,0.58629,0.47614,12.87218
7.94619,810.00000,828.80694,0.58629,0.47614,12.87217
7.94719,810.00000,828.80694,0.58629,0.47614,12.87217
7.94819,810.00000,828.80694,0.58629,0.47614,12.87217
7.94919,810.00000,828.80694,0.58629,0.47614,12.87218
7.95019,810.00000,828.80694,0.58629,0.47614,12.87219
7.95119,810.00000,828.80694,0.58629,0.47614,12.87220
7.95219,810.00000,826.51739,0.58629,0.47614,12.87222
7.95319,810.00000,826.51739,0.58629,0.47614,12.87224
7.95419,810.00000,826.51739,0.58629,0.47614,12.87226
7.95519,810.00000,826.51739,0.58629,0.47614,12.87229
7.95619,810.00000,826.51739,0.58629,0.47614,12.87231
7.95719,810.00000,826.51739,0.58629,0.47614,12.87235
7.95819,810.00000,826.51739,0.58628,0.47614,12.87238
7.95919,810.00000,826.51739,0.58628,0.47614,12.87242
7.96019,810.00000,826.51739,0.58628,0.47614,12.87247
7.96119,810.00000,826.51739,0.58628,0.47614,12.87252
7.96219,810.00000,826.51739,0.58627,0.47614,12.87258
7.96319,810.00000,827.27917,0.58627,0.47614,12.87264
7.96419,810.00000,827.27917,0.58627,0.47614,12.87271
7.96519,810.00000,826.51739,0.58627,0.47614,12.87278
7.96619,810.00000,826.51739,0.58626,0.47614,12.87285
7.96719,810.00000,827.27917,0.58626,0.47614,12.87293
7.96819,810.00000,826.51739,0.58625,0.47614,12.87302
7.96919,810.00000,826.51739,0.58625,0.47614,12.87311
7.97019,810.00000,826.51739,0.58625,0.47614,12.87321
7.97119,810.00000,826.51739,0.58624,0.47614,12.87332
7.97219,810.00000,826.51739,0.58624,0.47614,12.87343
7.97319,810.00000,826.51739,0.58623,0.47614,12.87355
7.97419,810.00000,826.51739,0.58623,0.47614,12.87367
7.97519,810.00000,824.24047,0.58622,0.47614,12.87380
7.97619,810.00000,825.75701,0.58621,0.47614,12.87394
7.97719,810.00000,825.75701,0.58621,0.47614,12.87408
7.97819,810.00000,825.75701,0.58620,0.47614,12.87423
7.97919,810.00000,829.57287,0.58619,0.47614,12.87439
7.98019,810.00000,825.75701,0.58618,0.47614,12.87456
7.98119,810.00000,825.75701,0.58618,0.47614,12.87473
7.98219,810.00000,825.75701,0.58617,0.47614,12.87491
7.98319,810.00000,825.75701,0.58616,0.47614,12.87510
7.98419,810.00000,825.75701,0.58615,0.47614,12.87530
7.98519,810.00000,825.75701,0.58614,0.47614,12.87550
7.98619,810.00000,825.75701,0.58613,0.47614,12.87571
7.98719,810.00000,825.75701,0.58612,0.47614,12.87592
7.98819,810.00000,826.51739,0.58611,0.47614,12.87615
7.98919,810.00000,825.75701,0.58610,0.47614,12.87637
7.99019,810.00000,824.24047,0.58609,0.47614,12.87661
7.99119,810.00000,825.75701,0.58608,0.47614,12.87685
7.99219,810.00000,824.24047,0.58607,0.47614,12.87710
7.99319,810.00000,826.51739,0.58606,0.47614,12.87736
7.99419,810.00000,826.51739,0.58605,0.47614,12.87762
7.99519,810.00000,826.51739,0.58603,0.47614,12.87789
7.99619,810.00000,826.51739,0.58602,0.47614,12.87816
7.99719,810.00000,826.51739,0.58601,0.47614,12.87844
7.99819,810.00000,826.51739,0.58599,0.47614,12.87873
7.99919,810.00000,824.24047,0.58598,0.47614,12.87903
8.00019,810.00000,824.99804,0.58597,0.47614,12.87933
8.00119,810.00000,825.75701,0.58595,0.47614,12.87963
8.00219,810.00000,825.75701,0.58594,0.47614,12.87994
8.00319,810.00000,827.27917,0.58593,0.47614,12.88026
8.00419,810.00000,825.75701,0.58591,0.47614,12.88059
8.00519,810.00000,824.99804,0.58590,0.47614,12.88092
8.00619,810.00000,824.99804,0.58588,0.47614,12.88125
8.00719,810.00000,824.99804,0.58586,0.47614,12.88160
8.00819,810.00000,825.75701,0.58585,0.47614,12.88194
8.00919,810.00000,829.57287,0.58583,0.47614,12.88230
8.01019,810.00000,829.57287,0.58582,0.47614,12.88265
8.01119,810.00000,829.57287,0.58580,0.47614,12.88302
8.01219,810.00000,829.57287,0.58578,0.47614,12.88339
8.01319,810.00000,829.57287,0.58577,0.47614,12.88376
8.01419,810.00000,829.57287,0.58575,0.47614,12.88414
8.01519,810.00000,829.57287,0.58573,0.47614,12.88453
8.01619,810.00000,831.87939,0.58571,0.47614,12.88491
8.01719,810.00000,831.87939,0.58570,0.47614,12.88531
8.01819,810.00000,831.87939,0.58568,0.47614,12.88571
8.01919,810.00000,831.10913,0.58566,0.47614,12.88611
8.02019,810.00000,825.75701,0.58564,0.47614,12.88652
8.02119,810.00000,831.10913,0.58562,0.47614,12.88694
8.02219,810.00000,831.10913,0.58560,0.47614,12.88736
8.02319,810.00000,825.75701,0.58558,0.47614,12.88778
8.02419,810.00000,825.75701,0.58556,0.47614,12.88821
8.02519,810.00000,825.75701,0.58554,0.47614,12.88864
8.02619,810.00000,825.75701,0.58552,0.47614,12.88908
8.02719,810.00000,825.75701,0.58550,0.47614,12.88953
8.02819,810.00000,825.75701,0.58548,0.47614,12.88998
8.02919,810.00000,825.75701,0.58546,0.47614,12.89043
8.03019,810.00000,825.75701,0.58544,0.47614,12.89089
8.03119,810.00000,825.75701,0.58542,0.47614,12.89135
8.03219,810.00000,825.75701,0.58540,0.47614,12.89181
8.03319,810.00000,825.75701,0.58538,0.47614,12.89229
8.03419,810.00000,826.51739,0.58536,0.47614,12.89276
8.03519,810.00000,828.04235,0.58534,0.47614,12.89323
8.03619,810.00000,828.04235,0.58531,0.47614,12.89371
8.03719,810.00000,828.04235,0.58529,0.47614,12.89419
8.03819,810.00000,828.04235,0.58527,0.47614,12.89467
8.03919,810.00000,828.04235,0.58525,0.47614,12.89515
8.04019,810.00000,828.04235,0.58523,0.47614,12.89563
8.04119,810.00000,828.04235,0.58520,0.47614,12.89612
8.04219,810.00000,828.04235,0.58518,0.47614,12.89660
8.04319,810.00000,828.04235,0.58516,0.47614,12.89709
8.04419,810.00000,826.51739,0.58514,0.47614,12.89759
8.04519,810.00000,828.04235,0.58512,0.47614,12.89808
8.04619,810.00000,828.04235,0.58509,0.47614,12.89857
8.04719,810.00000,828.80694,0.58507,0.47614,12.89907
8.04819,810.00000,828.80694,0.58505,0.47614,12.89957
8.04919,810.00000,828.80694,0.58503,0.47614,12.90007
8.05019,810.00000,828.80694,0.58500,0.47614,12.90057
8.05119,810.00000,828.80694,0.58498,0.47614,12.90107
8.05219,810.00000,831.87939,0.58496,0.47614,12.90157
8.05319,810.00000,831.87939,0.58493,0.47614,12.90208
8.05419,810.00000,830.34033,0.58491,0.47614,12.90258
8.05519,810.00000,830.34033,0.58489,0.47614,12.90309
8.05619,810.00000,830.34033,0.58487,0.47614,12.90360
8.05719,810.00000,830.34033,0.58484,0.47614,12.90411
8.05820,810.00000,826.51739,0.58482,0.47614,12.90462
8.05923,810.00000,830.34033,0.58480,0.47614,12.90513
8.06019,810.00000,830.34033,0.58477,0.47614,12.90564
8.06119,810.00000,830.34033,0.58475,0.47614,12.90616
8.06219,810.00000,826.51739,0.58473,0.47614,12.90667
8.06319,810.00000,821.22412,0.58470,0.47614,12.90719
8.06419,810.00000,826.51739,0.58468,0.47614,12.90771
8.06519,810.00000,821.22412,0.58466,0.47614,12.90822
8.06619,810.00000,821.22412,0.58463,0.47614,12.90874
8.06719,810.00000,821.22412,0.58461,0.47614,12.90927
8.06819,810.00000,821.22412,0.58459,0.47614,12.90979
8.06919,810.00000,829.57287,0.58456,0.47614,12.91030
8.07019,810.00000,829.57287,0.58454,0.47614,12.91082
8.07119,810.00000,829.57287,0.58451,0.47614,12.91134
8.07219,810.00000,829.57287,0.58449,0.47614,12.91186
8.07319,810.00000,829.57287,0.58447,0.47614,12.91238
8.07419,810.00000,829.57287,0.58444,0.47614,12.91289
8.07519,810.00000,828.80694,0.58442,0.47614,12.91340
8.07619,810.00000,828.80694,0.58440,0.47614,12.91392
8.07719,810.00000,827.27917,0.58438,0.47614,12.91443
8.07819,810.00000,828.80694,0.58435,0.47614,12.91494
8.07919,810.00000,827.27917,0.58433,0.47614,12.91545
8.08019,810.00000,827.27917,0.58431,0.47614,12.91596
8.08119,810.00000,827.27917,0.58428,0.47614,12.91646
8.08219,810.00000,827.27917,0.58426,0.47614,12.91697
8.08319,810.00000,827.27917,0.58424,0.47614,12.91748
8.08419,810.00000,827.27917,0.58421,0.47614,12.91798
8.08519,810.00000,827.27917,0.58419,0.47614,12.91848
8.08619,810.00000,827.27917,0.58417,0.47614,12.91897
8.08719,810.00000,828.04235,0.58415,0.47614,12.91947
8.08819,810.00000,828.04235,0.58413,0.47614,12.91996
8.08919,810.00000,828.04235,0.58410,0.47614,12.92044
8.09019,810.00000,828.04235,0.58408,0.47614,12.92093
8.09119,810.00000,828.04235,0.58406,0.47614,12.92141
8.09219,810.00000,828.04235,0.58404,0.47614,12.92189
8.09319,810.00000,826.51739,0.58402,0.47614,12.92236
8.09419,810.00000,826.51739,0.58399,0.47614,12.92284
8.09519,810.00000,826.51739,0.58397,0.47614,12.92331
8.09619,810.00000,825.75701,0.58395,0.47614,12.92379
8.09719,810.00000,825.75701,0.58393,0.47614,12.92426
8.09819,810.00000,825.75701,0.58391,0.47614,12.92473
8.09919,810.00000,824.24047,0.58389,0.47614,12.92520
8.10019,810.00000,822.72949,0.58387,0.47614,12.92566
8.10119,810.00000,824.24047,0.58385,0.47614,12.92613
8.10219,810.00000,824.24047,0.58382,0.47614,12.92660
8.10319,810.00000,826.51739,0.58380,0.47614,12.92706
8.10419,810.00000,826.51739,0.58378,0.47614,12.92753
8.10519,810.00000,826.51739,0.58376,0.47614,12.92799
8.10619,810.00000,826.51739,0.58374,0.47614,12.92845
8.10719,810.00000,826.51739,0.58372,0.47614,12.92891
8.10820,810.00000,828.04235,0.58370,0.47614,12.92937
8.10919,810.00000,828.04235,0.58368,0.47614,12.92983
8.11019,810.00000,828.80694,0.58366,0.47614,12.93029
8.11119,810.00000,828.80694,0.58364,0.47614,12.93074
8.11219,810.00000,828.80694,0.58362,0.47614,12.93120
8.11319,810.00000,828.04235,0.58360,0.47614,12.93165
8.11419,810.00000,828.04235,0.58358,0.47614,12.93210
8.11519,810.00000,828.04235,0.58356,0.47614,12.93256
8.11619,810.00000,828.04235,0.58354,0.47614,12.93301
8.11719,810.00000,825.75701,0.58352,0.47614,12.93346
8.11819,810.00000,825.75701,0.58350,0.47614,12.93391
8.11919,810.00000,824.99804,0.58347,0.47614,12.93435
8.12019,810.00000,824.99804,0.58345,0.47614,12.93480
8.12119,810.00000,822.72949,0.58343,0.47614,12.93524
8.12219,810.00000,824.99804,0.58341,0.47614,12.93568
8.12319,810.00000,824.99804,0.58340,0.47614,12.93612
8.12419,810.00000,822.72949,0.58338,0.47614,12.93656
8.12519,810.00000,822.72949,0.58336,0.47614,12.93699
8.12619,810.00000,824.99804,0.58334,0.47614,12.93742
8.12719,810.00000,825.75701,0.58332,0.47614,12.93785
8.12819,810.00000,827.27917,0.58330,0.47614,12.93828
8.12919,810.00000,827.27917,0.58328,0.47614,12.93870
8.13019,810.00000,828.04235,0.58326,0.47614,12.93912
8.13119,810.00000,827.27917,0.58324,0.47614,12.93953
8.13219,810.00000,828.04235,0.58322,0.47614,12.93995
8.13319,810.00000,828.04235,0.58320,0.47614,12.94036
8.13419,810.00000,828.04235,0.58319,0.47614,12.94077
8.13519,810.00000,828.04235,0.58317,0.47614,12.94117
8.13619,810.00000,828.04235,0.58315,0.47614,12.94157
8.13719,810.00000,828.04235,0.58313,0.47614,12.94197
8.13819,810.00000,830.34033,0.58311,0.47614,12.94236
8.13919,810.00000,830.34033,0.58310,0.47614,12.94276
8.14019,810.00000,830.34033,0.58308,0.47614,12.94315
8.14119,810.00000,830.34033,0.58306,0.47614,12.94353
8.14219,810.00000,830.34033,0.58304,0.47614,12.94391
8.14319,810.00000,825.75701,0.58303,0.47614,12.94429
8.14419,810.00000,825.75701,0.58301,0.47614,12.94467
8.14519,810.00000,830.34033,0.58299,0.47614,12.94504
8.14619,810.00000,825.75701,0.58298,0.47614,12.94540
8.14719,810.00000,825.75701,0.58296,0.47614,12.94576
8.14819,810.00000,825.75701,0.58294,0.47614,12.94611
8.14919,810.00000,824.99804,0.58293,0.47614,12.94646
8.15019,810.00000,824.99804,0.58291,0.47614,12.94681
8.15119,810.00000,825.75701,0.58290,0.47614,12.94715
8.15219,810.00000,825.75701,0.58288,0.47614,12.94749
8.15319,810.00000,825.75701,0.58287,0.47614,12.94782
8.15419,810.00000,827.27917,0.58285,0.47614,12.94814
8.15519,810.00000,825.75701,0.58284,0.47614,12.94847
8.15619,810.00000,825.75701,0.58282,0.47614,12.94878
8.15719,810.00000,825.75701,0.58281,0.47614,12.94910
8.15819,810.00000,825.75701,0.58280,0.47614,12.94941
8.15919,810.00000,825.75701,0.58278,0.47614,12.94971
8.16019,810.00000,825.75701,0.58277,0.47614,12.95001
8.16119,810.00000,827.27917,0.58276,0.47614,12.95031
8.16219,810.00000,827.27917,0.58274,0.47614,12.95060
8.16319,810.00000,828.80694,0.58273,0.47614,12.95089
8.16419,810.00000,827.27917,0.58272,0.47614,12.95117
8.16519,810.00000,828.80694,0.58270,0.47614,12.95145
8.16619,810.00000,828.80694,0.58269,0.47614,12.95172
8.16719,810.00000,834.97479,0.58268,0.47614,12.95199
8.16819,810.00000,834.97479,0.58267,0.47614,12.95225
8.16919,810.00000,834.97479,0.58266,0.47614,12.95252
8.17019,810.00000,834.97479,0.58265,0.47614,12.95277
8.17119,810.00000,831.87939,0.58263,0.47614,12.95302
8.17219,810.00000,831.87939,0.58262,0.47614,12.95327
8.17319,810.00000,828.04235,0.58261,0.47614,12.95352
8.17419,810.00000,828.04235,0.58260,0.47614,12.95376
8.17519,810.00000,828.04235,0.58259,0.47614,12.95399
8.17619,810.00000,827.27917,0.58258,0.47614,12.95423
8.17719,810.00000,828.04235,0.58257,0.47614,12.95446
8.17819,810.00000,825.75701,0.58256,0.47614,12.95468
8.17919,810.00000,828.04235,0.58255,0.47614,12.95490
8.18019,810.00000,828.04235,0.58254,0.47614,12.95511
8.18119,810.00000,828.04235,0.58253,0.47614,12.95531
8.18219,810.00000,825.75701,0.58252,0.47614,12.95551
8.18319,810.00000,825.75701,0.58251,0.47614,12.95570
8.18418,810.00000,825.75701,0.58251,0.47614,12.95589
8.18519,810.00000,825.75701,0.58250,0.47614,12.95607
8.18619,810.00000,825.75701,0.58249,0.47614,12.95624
8.18719,810.00000,820.47338,0.58248,0.47614,12.95641
8.18819,810.00000,820.47338,0.58247,0.47614,12.95658
8.18919,810.00000,834.19879,0.58247,0.47614,12.95674
8.19019,810.00000,825.75701,0.58246,0.47614,12.95689
8.19119,810.00000,834.19879,0.58245,0.47614,12.95704
8.19219,810.00000,834.19879,0.58245,0.47614,12.95718
8.19319,810.00000,834.19879,0.58244,0.47614,12.95732
8.19419,810.00000,834.19879,0.58243,0.47614,12.95745
8.19519,810.00000,827.27917,0.58243,0.47614,12.95758
8.19619,810.00000,827.27917,0.58242,0.47614,12.95770
8.19719,810.00000,827.27917,0.58242,0.47614,12.95782
8.19819,810.00000,833.42425,0.58241,0.47614,12.95793
8.19919,810.00000,833.42425,0.58241,0.47614,12.95804
8.20019,810.00000,827.27917,0.58240,0.47614,12.95815
8.20119,810.00000,827.27917,0.58240,0.47614,12.95825
8.20219,810.00000,824.99804,0.58239,0.47614,12.95835
8.20319,810.00000,821.22412,0.58239,0.47614,12.95845
8.20420,810.00000,821.22412,0.58239,0.47614,12.95854
8.20526,810.00000,821.22412,0.58238,0.47614,12.95863
8.20620,810.00000,821.22412,0.58238,0.47614,12.95872
8.20723,810.00000,824.99804,0.58237,0.47614,12.95880
8.20820,810.00000,821.22412,0.58237,0.47614,12.95888
8.20923,810.00000,821.22412,0.58237,0.47614,12.95896
8.21020,810.00000,821.22412,0.58236,0.47614,12.95904
8.21127,810.00000,824.99804,0.58236,0.47614,12.95911
8.21220,810.00000,824.99804,0.58236,0.47614,12.95919
8.21322,810.00000,824.99804,0.58235,0.47614,12.95925
8.21419,810.00000,824.99804,0.58235,0.47614,12.95932
8.21519,810.00000,824.99804,0.58235,0.47614,12.95939
8.21619,810.00000,824.99804,0.58234,0.47614,12.95945
8.21719,810.00000,826.51739,0.58234,0.47614,12.95952
8.21819,810.00000,824.99804,0.58234,0.47614,12.95958
8.21919,810.00000,826.51739,0.58234,0.47614,12.95964
8.22019,810.00000,828.04235,0.58233,0.47614,12.95971
8.22119,810.00000,824.99804,0.58233,0.47614,12.95977
8.22219,810.00000,824.99804,0.58233,0.47614,12.95983
8.22319,810.00000,824.99804,0.58233,0.47614,12.95989
8.22419,810.00000,824.99804,0.58232,0.47614,12.95995
8.22519,810.00000,824.24047,0.58232,0.47614,12.96001
8.22619,810.00000,819.72406,0.58232,0.47614,12.96007
8.22719,810.00000,819.72406,0.58231,0.47614,12.96013
8.22819,810.00000,818.97613,0.58231,0.47614,12.96018
8.22919,810.00000,819.72406,0.58231,0.47614,12.96024
8.23019,810.00000,819.72406,0.58231,0.47614,12.96030
8.23119,810.00000,819.72406,0.58230,0.47614,12.96035
8.23219,810.00000,824.24047,0.58230,0.47614,12.96040
8.23318,810.00000,824.24047,0.58230,0.47614,12.96046
8.23419,810.00000,824.24047,0.58230,0.47614,12.96051
8.23519,810.00000,824.24047,0.58230,0.47614,12.96056
8.23619,810.00000,824.24047,0.58229,0.47614,12.96061
8.23719,810.00000,828.80694,0.58229,0.47614,12.96066
8.23819,810.00000,828.80694,0.58229,0.47614,12.96071
8.23919,810.00000,831.87939,0.58229,0.47614,12.96076
8.24019,810.00000,828.80694,0.58228,0.47614,12.96081
8.24119,810.00000,825.75701,0.58228,0.47614,12.96086
8.24219,810.00000,825.75701,0.58228,0.47614,12.96092
8.24319,810.00000,825.75701,0.58228,0.47614,12.96097
8.24419,810.00000,825.75701,0.58227,0.47614,12.96103
8.24519,810.00000,832.65112,0.58227,0.47614,12.96109
8.24619,810.00000,832.65112,0.58227,0.47614,12.96115
8.24719,810.00000,832.65112,0.58227,0.47614,12.96121
8.24819,810.00000,832.65112,0.58226,0.47614,12.96127
8.24919,810.00000,832.65112,0.58226,0.47614,12.96133
8.25019,810.00000,827.27917,0.58226,0.47614,12.96140
8.25119,810.00000,827.27917,0.58225,0.47614,12.96146
8.25219,810.00000,827.27917,0.58225,0.47614,12.96153
8.25319,810.00000,826.51739,0.58225,0.47614,12.96159
8.25419,810.00000,827.27917,0.58225,0.47614,12.96166
8.25519,810.00000,826.51739,0.58224,0.47614,12.96173
8.25619,810.00000,822.72949,0.58224,0.47614,12.96180
8.25719,810.00000,826.51739,0.58224,0.47614,12.96187
8.25819,810.00000,826.51739,0.58223,0.47614,12.96194
8.25919,810.00000,826.51739,0.58223,0.47614,12.96201
8.26019,810.00000,822.72949,0.58223,0.47614,12.96209
8.26119,810.00000,822.72949,0.58222,0.47614,12.96216
8.26219,810.00000,826.51739,0.58222,0.47614,12.96224
8.26319,810.00000,823.48431,0.58222,0.47614,12.96232
8.26419,810.00000,823.48431,0.58221,0.47614,12.96240
8.26519,810.00000,823.48431,0.58221,0.47614,12.96248
8.26619,810.00000,823.48431,0.58221,0.47614,12.96256
8.26719,810.00000,823.48431,0.58220,0.47614,12.96264
8.26819,810.00000,823.48431,0.58220,0.47614,12.96272
8.26919,810.00000,823.48431,0.58219,0.47614,12.96280
8.27019,810.00000,823.48431,0.58219,0.47614,12.96289
8.27119,810.00000,823.48431,0.58219,0.47614,12.96297
8.27219,810.00000,823.48431,0.58218,0.47614,12.96306
8.27319,810.00000,821.22412,0.58218,0.47614,12.96315
8.27419,810.00000,821.22412,0.58218,0.47614,12.96323
8.27519,810.00000,824.24047,0.58217,0.47614,12.96331
8.27619,810.00000,821.22412,0.58217,0.47614,12.96340
8.27719,810.00000,821.22412,0.58216,0.47614,12.96348
8.27819,810.00000,824.24047,0.58216,0.47614,12.96356
8.27919,810.00000,824.24047,0.58216,0.47614,12.96364
8.28019,810.00000,821.22412,0.58215,0.47614,12.96372
8.28119,810.00000,821.22412,0.58215,0.47614,12.96379
8.28219,810.00000,821.22412,0.58215,0.47614,12.96387
8.28319,810.00000,821.97613,0.58214,0.47614,12.96395
8.28419,810.00000,824.24047,0.58214,0.47614,12.96402
8.28519,810.00000,821.97613,0.58214,0.47614,12.96410
8.28619,810.00000,821.22412,0.58213,0.47614,12.96417
8.28719,810.00000,821.22412,0.58213,0.47614,12.96424
8.28819,810.00000,821.97613,0.58213,0.47614,12.96431
8.28919,810.00000,821.22412,0.58212,0.47614,12.96438
8.29019,810.00000,821.22412,0.58212,0.47614,12.96444
8.29119,810.00000,821.22412,0.58212,0.47614,12.96450
8.29219,810.00000,821.97613,0.58212,0.47614,12.96456
8.29319,810.00000,821.97613,0.58211,0.47614,12.96461
8.29419,810.00000,821.97613,0.58211,0.47614,12.96467
8.29519,810.00000,821.22412,0.58211,0.47614,12.96472
8.29619,810.00000,821.97613,0.58211,0.47614,12.96476
8.29719,810.00000,825.75701,0.58210,0.47614,12.96481
8.29819,810.00000,825.75701,0.58210,0.47614,12.96485
8.29919,810.00000,825.75701,0.58210,0.47614,12.96489
8.30019,810.00000,826.51739,0.58210,0.47614,12.96492
8.30119,810.00000,825.75701,0.58210,0.47614,12.96496
8.30219,810.00000,825.75701,0.58210,0.47614,12.96499
8.30319,810.00000,826.51739,0.58209,0.47614,12.96502
8.30419,810.00000,829.57287,0.58209,0.47614,12.96504
8.30519,810.00000,829.57287,0.58209,0.47614,12.96506
8.30619,810.00000,829.57287,0.58209,0.47614,12.96508
8.30719,810.00000,826.51739,0.58209,0.47614,12.96510
8.30819,810.00000,826.51739,0.58209,0.47614,12.96511
8.30919,810.00000,826.51739,0.58209,0.47614,12.96513
8.31019,810.00000,824.99804,0.58209,0.47614,12.96514
8.31119,810.00000,824.99804,0.58209,0.47614,12.96515
8.31219,810.00000,824.99804,0.58209,0.47614,12.96516
8.31319,810.00000,828.04235,0.58209,0.47614,12.96516
8.31419,810.00000,824.99804,0.58209,0.47614,12.96517
8.31519,810.00000,824.99804,0.58209,0.47614,12.96517
8.31619,810.00000,825.75701,0.58209,0.47614,12.96517
8.31719,810.00000,825.75701,0.58209,0.47614,12.96517
8.31819,810.00000,825.75701,0.58209,0.47614,12.96516
8.31919,810.00000,817.48443,0.58209,0.47614,12.96516
8.32019,810.00000,821.22412,0.58209,0.47614,12.96515
8.32119,810.00000,825.75701,0.58209,0.47614,12.96514
8.32219,810.00000,821.22412,0.58209,0.47614,12.96513
8.32319,810.00000,821.22412,0.58209,0.47614,12.96512
8.32419,810.00000,819.72406,0.58209,0.47614,12.96511
8.32519,810.00000,821.22412,0.58209,0.47614,12.96509
8.32619,810.00000,821.22412,0.58209,0.47614,12.96508
8.32719,810.00000,820.47338,0.58209,0.47614,12.96506
8.32819,810.00000,820.47338,0.58209,0.47614,12.96504
8.32919,810.00000,821.22412,0.58209,0.47614,12.96501
8.33019,810.00000,821.22412,0.58210,0.47614,12.96499
8.33119,810.00000,820.47338,0.58210,0.47614,12.96496
8.33219,810.00000,820.47338,0.58210,0.47614,12.96493
8.33319,810.00000,824.24047,0.58210,0.47614,12.96490
8.33419,810.00000,824.24047,0.58210,0.47614,12.96486
8.33519,810.00000,824.24047,0.58210,0.47614,12.96483
8.33619,810.00000,824.24047,0.58211,0.47614,12.96479
8.33719,810.00000,824.24047,0.58211,0.47614,12.96475
8.33819,810.00000,828.80694,0.58211,0.47614,12.96470
8.33919,810.00000,828.80694,0.58211,0.47614,12.96466
8.34019,810.00000,824.24047,0.58211,0.47614,12.96461
8.34119,810.00000,825.75701,0.58212,0.47614,12.96456
8.34219,810.00000,825.75701,0.58212,0.47614,12.96451
8.34319,810.00000,825.75701,0.58212,0.47614,12.96446
8.34419,810.00000,814.51715,0.58212,0.47614,12.96440
8.34519,810.00000,814.51715,0.58212,0.47614,12.96435
8.34619,810.00000,814.51715,0.58213,0.47614,12.96429
8.34719,810.00000,825.75701,0.58213,0.47614,12.96423
8.34819,810.00000,825.75701,0.58213,0.47614,12.96417
8.34919,810.00000,817.48443,0.58214,0.47614,12.96410
8.35019,810.00000,825.75701,0.58214,0.47614,12.96404
8.35123,810.00000,825.75701,0.58214,0.47614,12.96397
8.35219,810.00000,827.27917,0.58215,0.47614,12.96390
8.35319,810.00000,827.27917,0.58215,0.47614,12.96383
8.35419,810.00000,827.27917,0.58215,0.47614,12.96375
8.35519,810.00000,827.27917,0.58215,0.47614,12.96368
8.35619,810.00000,827.27917,0.58216,0.47614,12.96360
8.35719,810.00000,827.27917,0.58216,0.47614,12.96352
8.35819,810.00000,826.51739,0.58217,0.47614,12.96343
8.35919,810.00000,826.51739,0.58217,0.47614,12.96335
8.36019,810.00000,827.27917,0.58217,0.47614,12.96325
8.36119,810.00000,826.51739,0.58218,0.47614,12.96316
8.36219,810.00000,826.51739,0.58218,0.47614,12.96306
8.36319,810.00000,824.99804,0.58219,0.47614,12.96296
8.36419,810.00000,824.99804,0.58219,0.47614,12.96285
8.36520,810.00000,825.75701,0.58220,0.47614,12.96274
8.36619,810.00000,825.75701,0.58220,0.47614,12.96263
8.36719,810.00000,824.99804,0.58221,0.47614,12.96252
8.36819,810.00000,824.99804,0.58221,0.47614,12.96240
8.36919,810.00000,824.99804,0.58222,0.47614,12.96228
8.37019,810.00000,824.24047,0.58222,0.47614,12.96215
8.37119,810.00000,818.22955,0.58223,0.47614,12.96203
8.37219,810.00000,824.24047,0.58224,0.47614,12.96190
8.37319,810.00000,824.99804,0.58224,0.47614,12.96176
8.37419,810.00000,824.24047,0.58225,0.47614,12.96163
8.37519,810.00000,824.24047,0.58225,0.47614,12.96149
8.37619,810.00000,822.72949,0.58226,0.47614,12.96135
8.37719,810.00000,824.24047,0.58227,0.47614,12.96120
8.37819,810.00000,824.24047,0.58227,0.47614,12.96105
8.37919,810.00000,822.72949,0.58228,0.47614,12.96090
8.38019,810.00000,824.24047,0.58229,0.47614,12.96075
8.38119,810.00000,824.99804,0.58229,0.47614,12.96059
8.38219,810.00000,825.75701,0.58230,0.47614,12.96044
8.38319,810.00000,824.99804,0.58231,0.47614,12.96028
8.38419,810.00000,824.99804,0.58232,0.47614,12.96011
8.38519,810.00000,825.75701,0.58232,0.47614,12.95995
8.38619,810.00000,825.75701,0.58233,0.47614,12.95978
8.38719,810.00000,825.75701,0.58234,0.47614,12.95961
8.38819,810.00000,825.75701,0.58235,0.47614,12.95944
8.38919,810.00000,825.75701,0.58235,0.47614,12.95926
8.39019,810.00000,825.75701,0.58236,0.47614,12.95908
8.39119,810.00000,825.75701,0.58237,0.47614,12.95890
8.39219,810.00000,825.75701,0.58238,0.47614,12.95872
8.39319,810.00000,825.75701,0.58239,0.47614,12.95854
8.39419,810.00000,825.75701,0.58239,0.47614,12.95835
8.39519,810.00000,826.51739,0.58240,0.47614,12.95816
8.39619,810.00000,825.75701,0.58241,0.47614,12.95798
8.39719,810.00000,825.75701,0.58242,0.47614,12.95779
8.39819,810.00000,826.51739,0.58243,0.47614,12.95760
8.39919,810.00000,826.51739,0.58244,0.47614,12.95742
8.40019,810.00000,826.51739,0.58244,0.47614,12.95723
8.40119,810.00000,828.80694,0.58245,0.47614,12.95704
8.40219,810.00000,828.80694,0.58246,0.47614,12.95685
8.40319,810.00000,826.51739,0.58247,0.47614,12.95666
8.40419,810.00000,824.99804,0.58248,0.47614,12.95647
8.40519,810.00000,824.99804,0.58249,0.47614,12.95627
8.40619,810.00000,824.24047,0.58250,0.47614,12.95607
8.40719,810.00000,824.24047,0.58251,0.47614,12.95587
8.40819,810.00000,824.24047,0.58251,0.47614,12.95567
8.40919,810.00000,824.24047,0.58252,0.47614,12.95547
8.41019,810.00000,824.24047,0.58253,0.47614,12.95526
8.41119,810.00000,824.24047,0.58254,0.47614,12.95505
8.41219,810.00000,823.48431,0.58255,0.47614,12.95485
8.41319,810.00000,823.48431,0.58256,0.47614,12.95464
8.41419,810.00000,823.48431,0.58257,0.47614,12.95443
8.41519,810.00000,823.48431,0.58258,0.47614,12.95422
8.41619,810.00000,824.24047,0.58259,0.47614,12.95400
8.41719,810.00000,818.97613,0.58260,0.47614,12.95379
8.41819,810.00000,818.97613,0.58261,0.47614,12.95358
8.41919,810.00000,818.97613,0.58262,0.47614,12.95336
8.42019,810.00000,818.97613,0.58263,0.47614,12.95314
8.42119,810.00000,818.97613,0.58264,0.47614,12.95293
8.42219,810.00000,824.24047,0.58265,0.47614,12.95271
8.42319,810.00000,824.99804,0.58266,0.47614,12.95249
8.42419,810.00000,824.99804,0.58267,0.47614,12.95226
8.42519,810.00000,824.99804,0.58268,0.47614,12.95204
8.42619,810.00000,824.99804,0.58269,0.47614,12.95182
8.42719,810.00000,824.99804,0.58270,0.47614,12.95160
8.42819,810.00000,824.99804,0.58271,0.47614,12.95137
8.42919,810.00000,824.24047,0.58272,0.47614,12.95114
8.43019,810.00000,824.99804,0.58273,0.47614,12.95092
8.43119,810.00000,824.99804,0.58274,0.47614,12.95069
8.43219,810.00000,823.48431,0.58275,0.47614,12.95046
8.43319,810.00000,823.48431,0.58276,0.47614,12.95022
8.43419,810.00000,821.97613,0.58277,0.47614,12.94999
8.43519,810.00000,820.47338,0.58278,0.47614,12.94975
8.43619,810.00000,819.72406,0.58279,0.47614,12.94952
8.43719,810.00000,819.72406,0.58280,0.47614,12.94927
8.43819,810.00000,819.72406,0.58281,0.47614,12.94903
8.43919,810.00000,818.22955,0.58282,0.47614,12.94879
8.44019,810.00000,818.22955,0.58284,0.47614,12.94855
8.44119,810.00000,818.22955,0.58285,0.47614,12.94830
8.44219,810.00000,818.22955,0.58286,0.47614,12.94806
8.44319,810.00000,818.97613,0.58287,0.47614,12.94780
8.44419,810.00000,818.97613,0.58288,0.47614,12.94755
8.44519,810.00000,818.22955,0.58289,0.47614,12.94729
8.44619,810.00000,818.97613,0.58290,0.47614,12.94703
8.44719,810.00000,818.97613,0.58292,0.47614,12.94676
8.44819,810.00000,823.48431,0.58293,0.47614,12.94650
8.44919,810.00000,828.04235,0.58294,0.47614,12.94622
8.45019,810.00000,828.04235,0.58295,0.47614,12.94595
8.45119,810.00000,823.48431,0.58296,0.47614,12.94567
8.45219,810.00000,821.22412,0.58298,0.47614,12.94539
8.45319,810.00000,823.48431,0.58299,0.47614,12.94511
8.45419,810.00000,828.04235,0.58300,0.47614,12.94482
8.45519,810.00000,823.48431,0.58302,0.47614,12.94453
8.45619,810.00000,828.04235,0.58303,0.47614,12.94424
8.45719,810.00000,828.04235,0.58304,0.47614,12.94395
8.45819,810.00000,828.04235,0.58306,0.47614,12.94365
8.45919,810.00000,827.27917,0.58307,0.47614,12.94335
8.46019,810.00000,827.27917,0.58308,0.47614,12.94304
8.46119,810.00000,834.19879,0.58310,0.47614,12.94274
8.46219,810.00000,834.19879,0.58311,0.47614,12.94243
8.46319,810.00000,834.19879,0.58312,0.47614,12.94212
8.46419,810.00000,834.19879,0.58314,0.47614,12.94181
8.46519,810.00000,830.34033,0.58315,0.47614,12.94149
8.46619,810.00000,830.34033,0.58317,0.47614,12.94117
8.46719,810.00000,827.27917,0.58318,0.47614,12.94085
8.46819,810.00000,830.34033,0.58320,0.47614,12.94053
8.46919,810.00000,830.34033,0.58321,0.47614,12.94021
8.47019,810.00000,830.34033,0.58323,0.47614,12.93988
8.47119,810.00000,827.27917,0.58324,0.47614,12.93955
8.47219,810.00000,825.75701,0.58326,0.47614,12.93922
8.47319,810.00000,827.27917,0.58327,0.47614,12.93888
8.47419,810.00000,827.27917,0.58329,0.47614,12.93854
8.47519,810.00000,825.75701,0.58330,0.47614,12.93821
8.47618,810.00000,825.75701,0.58332,0.47614,12.93787
8.47719,810.00000,822.72949,0.58333,0.47614,12.93753
8.47819,810.00000,822.72949,0.58335,0.47614,12.93718
8.47919,810.00000,821.97613,0.58336,0.47614,12.93684
8.48019,810.00000,821.97613,0.58338,0.47614,12.93649
8.48119,810.00000,822.72949,0.58339,0.47614,12.93614
8.48219,810.00000,822.72949,0.58341,0.47614,12.93578
8.48319,810.00000,822.72949,0.58343,0.47614,12.93543
8.48419,810.00000,821.97613,0.58344,0.47614,12.93507
8.48519,810.00000,822.72949,0.58346,0.47614,12.93472
8.48619,810.00000,822.72949,0.58347,0.47614,12.93435
8.48719,810.00000,822.72949,0.58349,0.47614,12.93399
8.48819,810.00000,821.97613,0.58351,0.47614,12.93363
8.48919,810.00000,824.24047,0.58352,0.47614,12.93326
8.49019,810.00000,824.24047,0.58354,0.47614,12.93288
8.49119,810.00000,825.75701,0.58356,0.47614,12.93251
8.49219,810.00000,825.75701,0.58358,0.47614,12.93213
8.49319,810.00000,824.24047,0.58359,0.47614,12.93174
8.49419,810.00000,825.75701,0.58361,0.47614,12.93136
8.49519,810.00000,825.75701,0.58363,0.47614,12.93097
8.49620,810.00000,825.75701,0.58365,0.47614,12.93057
8.49722,810.00000,825.75701,0.58366,0.47614,12.93018
8.49819,810.00000,829.57287,0.58368,0.47614,12.92978
8.49919,810.00000,829.57287,0.58370,0.47614,12.92938
8.50019,810.00000,829.57287,0.58372,0.47614,12.92897
8.50119,810.00000,833.42425,0.58374,0.47614,12.92856
8.50219,810.00000,829.57287,0.58375,0.47614,12.92815
8.50319,810.00000,829.57287,0.58377,0.47614,12.92774
8.50419,810.00000,829.57287,0.58379,0.47614,12.92732
8.50519,810.00000,824.24047,0.58381,0.47614,12.92690
8.50619,810.00000,824.24047,0.58383,0.47614,12.92648
8.50719,810.00000,824.24047,0.58385,0.47614,12.92606
8.50819,810.00000,824.24047,0.58387,0.47614,12.92564
8.50919,810.00000,824.24047,0.58389,0.47614,12.92521
8.51019,810.00000,824.24047,0.58391,0.47614,12.92479
8.51119,810.00000,824.24047,0.58393,0.47614,12.92436
8.51219,810.00000,824.24047,0.58394,0.47614,12.92394
8.51319,810.00000,824.24047,0.58396,0.47614,12.92352
8.51419,810.00000,824.24047,0.58398,0.47614,12.92309
8.51519,810.00000,827.27917,0.58400,0.47614,12.92267
8.51619,810.00000,827.27917,0.58402,0.47614,12.92225
8.51719,810.00000,824.24047,0.58404,0.47614,12.92182
8.51819,810.00000,822.72949,0.58406,0.47614,12.92139
8.51919,810.00000,822.72949,0.58408,0.47614,12.92096
8.52019,810.00000,822.72949,0.58410,0.47614,12.92053
8.52119,810.00000,822.72949,0.58412,0.47614,12.92010
8.52219,810.00000,821.97613,0.58414,0.47614,12.91967
8.52319,810.00000,821.97613,0.58416,0.47614,12.91925
8.52419,810.00000,821.97613,0.58418,0.47614,12.91882
8.52519,810.00000,821.97613,0.58420,0.47614,12.91839
8.52619,810.00000,821.97613,0.58421,0.47614,12.91797
8.52719,810.00000,820.47338,0.58423,0.47614,12.91755
8.52819,810.00000,821.97613,0.58425,0.47614,12.91712
8.52919,810.00000,821.97613,0.58427,0.47614,12.91670
8.53019,810.00000,821.97613,0.58429,0.47614,12.91629
8.53119,810.00000,822.72949,0.58431,0.47614,12.91587
8.53219,810.00000,822.72949,0.58433,0.47614,12.91546
8.53319,810.00000,824.24047,0.58435,0.47614,12.91506
8.53419,810.00000,824.24047,0.58437,0.47614,12.91465
8.53519,810.00000,824.24047,0.58438,0.47614,12.91425
8.53619,810.00000,824.24047,0.58440,0.47614,12.91385
8.53719,810.00000,824.24047,0.58442,0.47614,12.91346
8.53819,810.00000,825.75701,0.58444,0.47614,12.91307
8.53919,810.00000,825.75701,0.58445,0.47614,12.91268
8.54019,810.00000,825.75701,0.58447,0.47614,12.91229
8.54119,810.00000,824.24047,0.58449,0.47614,12.91191
8.54219,810.00000,824.24047,0.58451,0.47614,12.91153
8.54319,810.00000,822.72949,0.58452,0.47614,12.91116
8.54419,810.00000,822.72949,0.58454,0.47614,12.91079
8.54519,810.00000,822.72949,0.58456,0.47614,12.91042
8.54619,810.00000,822.72949,0.58457,0.47614,12.91007
8.54719,810.00000,822.72949,0.58459,0.47614,12.90971
8.54819,810.00000,829.57287,0.58460,0.47614,12.90936
8.54919,810.00000,822.72949,0.58462,0.47614,12.90902
8.55019,810.00000,829.57287,0.58464,0.47614,12.90868
8.55119,810.00000,829.57287,0.58465,0.47614,12.90834
8.55219,810.00000,829.57287,0.58467,0.47614,12.90801
8.55319,810.00000,831.10913,0.58468,0.47614,12.90769
8.55419,810.00000,831.10913,0.58469,0.47614,12.90737
8.55519,810.00000,829.57287,0.58471,0.47614,12.90705
8.55619,810.00000,829.57287,0.58472,0.47614,12.90674
8.55719,810.00000,829.57287,0.58474,0.47614,12.90643
8.55819,810.00000,831.10913,0.58475,0.47614,12.90612
8.55919,810.00000,831.10913,0.58476,0.47614,12.90583
8.56019,810.00000,831.10913,0.58478,0.47614,12.90553
8.56119,810.00000,828.04235,0.58479,0.47614,12.90525
8.56219,810.00000,828.04235,0.58480,0.47614,12.90496
8.56319,810.00000,828.80694,0.58482,0.47614,12.90468
8.56419,810.00000,828.80694,0.58483,0.47614,12.90441
8.56519,810.00000,828.80694,0.58484,0.47614,12.90414
8.56619,810.00000,828.80694,0.58485,0.47614,12.90387
8.56719,810.00000,828.80694,0.58487,0.47614,12.90361
8.56819,810.00000,828.80694,0.58488,0.47614,12.90335
8.56919,810.00000,828.80694,0.58489,0.47614,12.90310
8.57019,810.00000,828.80694,0.58490,0.47614,12.90285
8.57119,810.00000,828.80694,0.58491,0.47614,12.90260
8.57219,810.00000,828.80694,0.58492,0.47614,12.90237
8.57319,810.00000,828.80694,0.58493,0.47614,12.90213
8.57419,810.00000,828.80694,0.58494,0.47614,12.90190
8.57519,810.00000,826.51739,0.58495,0.47614,12.90167
8.57619,810.00000,827.27917,0.58496,0.47614,12.90145
8.57720,810.00000,826.51739,0.58497,0.47614,12.90123
8.57819,810.00000,826.51739,0.58498,0.47614,12.90101
8.57919,810.00000,826.51739,0.58499,0.47614,12.90079
8.58019,810.00000,827.27917,0.58500,0.47614,12.90058
8.58119,810.00000,826.51739,0.58501,0.47614,12.90037
8.58219,810.00000,826.51739,0.58502,0.47614,12.90017
8.58319,810.00000,824.99804,0.58503,0.47614,12.89997
8.58419,810.00000,824.99804,0.58504,0.47614,12.89977
8.58519,810.00000,824.99804,0.58505,0.47614,12.89957
8.58619,810.00000,827.27917,0.58506,0.47614,12.89938
8.58719,810.00000,824.99804,0.58507,0.47614,12.89919
8.58819,810.00000,824.99804,0.58507,0.47614,12.89901
8.58919,810.00000,830.34033,0.58508,0.47614,12.89883
8.59019,810.00000,834.97479,0.58509,0.47614,12.89866
8.59119,810.00000,824.99804,0.58510,0.47614,12.89849
8.59219,810.00000,824.99804,0.58510,0.47614,12.89832
8.59319,810.00000,825.75701,0.58511,0.47614,12.89816
8.59419,810.00000,825.75701,0.58512,0.47614,12.89800
8.59519,810.00000,825.75701,0.58513,0.47614,12.89784
8.59619,810.00000,825.75701,0.58513,0.47614,12.89769
8.59719,810.00000,824.99804,0.58514,0.47614,12.89754
8.59819,810.00000,823.48431,0.58515,0.47614,12.89740
8.59919,810.00000,823.48431,0.58515,0.47614,12.89726
8.60019,810.00000,820.47338,0.58516,0.47614,12.89712
8.60119,810.00000,819.72406,0.58517,0.47614,12.89699
8.60219,810.00000,820.47338,0.58517,0.47614,12.89686
8.60319,810.00000,820.47338,0.58518,0.47614,12.89673
8.60419,810.00000,820.47338,0.58518,0.47614,12.89661
8.60519,810.00000,833.42425,0.58519,0.47614,12.89649
8.60619,810.00000,824.99804,0.58519,0.47614,12.89637
8.60719,810.00000,831.87939,0.58520,0.47614,12.89626
8.60819,810.00000,831.87939,0.58520,0.47614,12.89615
8.60919,810.00000,831.87939,0.58521,0.47614,12.89604
8.61019,810.00000,831.87939,0.58521,0.47614,12.89594
8.61119,810.00000,831.87939,0.58522,0.47614,12.89584
8.61219,810.00000,831.87939,0.58522,0.47614,12.89574
8.61319,810.00000,828.80694,0.58523,0.47614,12.89565
8.61419,810.00000,824.99804,0.58523,0.47614,12.89555
8.61519,810.00000,824.99804,0.58523,0.47614,12.89546
8.61619,810.00000,823.48431,0.58524,0.47614,12.89538
8.61719,810.00000,823.48431,0.58524,0.47614,12.89530
8.61819,810.00000,821.97613,0.58525,0.47614,12.89522
8.61919,810.00000,821.97613,0.58525,0.47614,12.89514
8.62019,810.00000,823.48431,0.58525,0.47614,12.89507
8.62119,810.00000,823.48431,0.58526,0.47614,12.89500
8.62219,810.00000,824.99804,0.58526,0.47614,12.89493
8.62319,810.00000,825.75701,0.58526,0.47614,12.89486
8.62419,810.00000,825.75701,0.58526,0.47614,12.89480
8.62519,810.00000,825.75701,0.58527,0.47614,12.89474
8.62619,810.00000,826.51739,0.58527,0.47614,12.89468
8.62719,810.00000,826.51739,0.58527,0.47614,12.89463
8.62819,810.00000,825.75701,0.58527,0.47614,12.89458
8.62919,810.00000,826.51739,0.58528,0.47614,12.89453
8.63019,810.00000,825.75701,0.58528,0.47614,12.89449
8.63119,810.00000,825.75701,0.58528,0.47614,12.89445
8.63219,810.00000,825.75701,0.58528,0.47614,12.89441
8.63319,810.00000,824.24047,0.58528,0.47614,12.89437
8.63419,810.00000,824.24047,0.58529,0.47614,12.89434
8.63519,810.00000,825.75701,0.58529,0.47614,12.89430
8.63619,810.00000,827.27917,0.58529,0.47614,12.89427
8.63719,810.00000,825.75701,0.58529,0.47614,12.89425
8.63819,810.00000,824.24047,0.58529,0.47614,12.89423
8.63919,810.00000,827.27917,0.58529,0.47614,12.89421
8.64019,810.00000,824.24047,0.58529,0.47614,12.89419
8.64119,810.00000,824.24047,0.58529,0.47614,12.89417
8.64219,810.00000,824.24047,0.58529,0.47614,12.89416
8.64320,810.00000,825.75701,0.58529,0.47614,12.89414
8.64422,810.00000,827.27917,0.58529,0.47614,12.89413
8.64519,810.00000,825.75701,0.58530,0.47614,12.89413
8.64619,810.00000,825.75701,0.58530,0.47614,12.89412
8.64719,810.00000,825.75701,0.58530,0.47614,12.89411
8.64819,810.00000,825.75701,0.58530,0.47614,12.89411
8.64919,810.00000,825.75701,0.58530,0.47614,12.89412
8.65019,810.00000,823.48431,0.58530,0.47614,12.89412
8.65119,810.00000,821.97613,0.58530,0.47614,12.89413
8.65219,810.00000,825.75701,0.58529,0.47614,12.89413
8.65319,810.00000,822.72949,0.58529,0.47614,12.89414
8.65419,810.00000,821.97613,0.58529,0.47614,12.89415
8.65519,810.00000,821.97613,0.58529,0.47614,12.89417
8.65619,810.00000,822.72949,0.58529,0.47614,12.89418
8.65719,810.00000,822.72949,0.58529,0.47614,12.89420
8.65819,810.00000,822.72949,0.58529,0.47614,12.89422
8.65919,810.00000,826.51739,0.58529,0.47614,12.89424
8.66019,810.00000,828.04235,0.58529,0.47614,12.89426
8.66119,810.00000,828.04235,0.58529,0.47614,12.89429
8.66219,810.00000,828.04235,0.58529,0.47614,12.89432
8.66319,810.00000,828.04235,0.58529,0.47614,12.89435
8.66419,810.00000,828.04235,0.58528,0.47614,12.89438
8.66519,810.00000,828.04235,0.58528,0.47614,12.89442
8.66619,810.00000,828.04235,0.58528,0.47614,12.89445
8.66719,810.00000,828.04235,0.58528,0.47614,12.89449
8.66819,810.00000,828.04235,0.58528,0.47614,12.89453
8.66919,810.00000,828.04235,0.58527,0.47614,12.89457
8.67019,810.00000,828.04235,0.58527,0.47614,12.89462
8.67119,810.00000,830.34033,0.58527,0.47614,12.89467
8.67219,810.00000,833.42425,0.58527,0.47614,12.89472
8.67319,810.00000,833.42425,0.58527,0.47614,12.89477
8.67419,810.00000,830.34033,0.58526,0.47614,12.89482
8.67519,810.00000,825.75701,0.58526,0.47614,12.89487
8.67619,810.00000,824.99804,0.58526,0.47614,12.89493
8.67719,810.00000,824.99804,0.58526,0.47614,12.89499
8.67819,810.00000,824.99804,0.58525,0.47614,12.89505
8.67919,810.00000,829.57287,0.58525,0.47614,12.89511
8.68019,810.00000,824.99804,0.58525,0.47614,12.89516
8.68119,810.00000,824.99804,0.58525,0.47614,12.89522
8.68219,810.00000,824.99804,0.58524,0.47614,12.89528
8.68319,810.00000,824.24047,0.58524,0.47614,12.89534
8.68419,810.00000,824.99804,0.58524,0.47614,12.89540
8.68519,810.00000,829.57287,0.58523,0.47614,12.89546
8.68619,810.00000,829.57287,0.58523,0.47614,12.89551
8.68719,810.00000,829.57287,0.58523,0.47614,12.89557
8.68819,810.00000,829.57287,0.58523,0.47614,12.89563
8.68919,810.00000,829.57287,0.58522,0.47614,12.89569
8.69019,810.00000,831.10913,0.58522,0.47614,12.89575
8.69119,810.00000,831.10913,0.58522,0.47614,12.89580
8.69219,810.00000,831.10913,0.58522,0.47614,12.89586
8.69319,810.00000,831.10913,0.58521,0.47614,12.89592
8.69419,810.00000,828.80694,0.58521,0.47614,12.89597
8.69519,810.00000,824.99804,0.58521,0.47614,12.89603
8.69619,810.00000,824.99804,0.58521,0.47614,12.89609
8.69719,810.00000,824.99804,0.58520,0.47614,12.89615
8.69819,810.00000,824.99804,0.58520,0.47614,12.89620
8.69919,810.00000,824.24047,0.58520,0.47614,12.89626
8.70019,810.00000,824.24047,0.58520,0.47614,12.89632
8.70119,810.00000,821.97613,0.58519,0.47614,12.89638
8.70219,810.00000,821.97613,0.58519,0.47614,12.89643
8.70319,810.00000,821.97613,0.58519,0.47614,12.89649
8.70419,810.00000,824.24047,0.58519,0.47614,12.89655
8.70519,810.00000,824.99804,0.58518,0.47614,12.89660
8.70619,810.00000,824.99804,0.58518,0.47614,12.89666
8.70719,810.00000,824.99804,0.58518,0.47614,12.89672
8.70819,810.00000,824.99804,0.58518,0.47614,12.89677
8.70919,810.00000,825.75701,0.58517,0.47614,12.89683
8.71019,810.00000,825.75701,0.58517,0.47614,12.89689
8.71119,810.00000,824.99804,0.58517,0.47614,12.89694
8.71219,810.00000,824.99804,0.58516,0.47614,12.89700
8.71319,810.00000,825.75701,0.58516,0.47614,12.89706
8.71419,810.00000,824.24047,0.58516,0.47614,12.89711
8.71519,810.00000,824.24047,0.58516,0.47614,12.89717
8.71619,810.00000,821.97613,0.58515,0.47614,12.89723
8.71719,810.00000,821.97613,0.58515,0.47614,12.89728
8.71819,810.00000,821.97613,0.58515,0.47614,12.89734
8.71919,810.00000,821.97613,0.58515,0.47614,12.89740
8.72019,810.00000,821.97613,0.58514,0.47614,12.89745
8.72119,810.00000,825.75701,0.58514,0.47614,12.89751
8.72219,810.00000,825.75701,0.58514,0.47614,12.89756
8.72319,810.00000,826.51739,0.58514,0.47614,12.89762
8.72419,810.00000,826.51739,0.58513,0.47614,12.89767
8.72519,810.00000,826.51739,0.58513,0.47614,12.89773
8.72619,810.00000,826.51739,0.58513,0.47614,12.89778
8.72719,810.00000,827.27917,0.58513,0.47614,12.89784
8.72819,810.00000,827.27917,0.58512,0.47614,12.89789
8.72919,810.00000,827.27917,0.58512,0.47614,12.89794
8.73019,810.00000,826.51739,0.58512,0.47614,12.89799
8.73119,810.00000,826.51739,0.58512,0.47614,12.89805
8.73219,810.00000,826.51739,0.58512,0.47614,12.89810
8.73319,810.00000,826.51739,0.58511,0.47614,12.89815
8.73419,810.00000,828.04235,0.58511,0.47614,12.89820
8.73519,810.00000,824.24047,0.58511,0.47614,12.89825
8.73619,810.00000,828.04235,0.58511,0.47614,12.89830
8.73719,810.00000,824.24047,0.58510,0.47614,12.89835
8.73819,810.00000,824.24047,0.58510,0.47614,12.89840
8.73919,810.00000,828.04235,0.58510,0.47614,12.89845
8.74019,810.00000,828.80694,0.58510,0.47614,12.89850
8.74119,810.00000,828.80694,0.58509,0.47614,12.89855
8.74219,810.00000,828.80694,0.58509,0.47614,12.89861
8.74319,810.00000,828.80694,0.58509,0.47614,12.89866
8.74419,810.00000,828.80694,0.58509,0.47614,12.89872
8.74519,810.00000,828.04235,0.58508,0.47614,12.89877
8.74619,810.00000,828.04235,0.58508,0.47614,12.89883
8.74719,810.00000,827.27917,0.58508,0.47614,12.89890
8.74819,810.00000,827.27917,0.58508,0.47614,12.89896
8.74919,810.00000,826.51739,0.58507,0.47614,12.89903
8.75019,810.00000,825.75701,0.58507,0.47614,12.89910
8.75119,810.00000,825.75701,0.58507,0.47614,12.89916
8.75219,810.00000,826.51739,0.58506,0.47614,12.89923
8.75319,810.00000,825.75701,0.58506,0.47614,12.89931
8.75419,810.00000,823.48431,0.58506,0.47614,12.89938
8.75519,810.00000,823.48431,0.58505,0.47614,12.89946
8.75619,810.00000,823.48431,0.58505,0.47614,12.89953
8.75719,810.00000,823.48431,0.58505,0.47614,12.89961
8.75819,810.00000,825.75701,0.58504,0.47614,12.89969
8.75919,810.00000,825.75701,0.58504,0.47614,12.89977
8.76019,810.00000,825.75701,0.58504,0.47614,12.89986
8.76119,810.00000,825.75701,0.58503,0.47614,12.89994
8.76219,810.00000,825.75701,0.58503,0.47614,12.90003
8.76319,810.00000,825.75701,0.58502,0.47614,12.90011
8.76419,810.00000,827.27917,0.58502,0.47614,12.90020
8.76519,810.00000,827.27917,0.58502,0.47614,12.90030
8.76619,810.00000,827.27917,0.58501,0.47614,12.90039
8.76719,810.00000,827.27917,0.58501,0.47614,12.90048
8.76819,810.00000,827.27917,0.58500,0.47614,12.90058
8.76919,810.00000,826.51739,0.58500,0.47614,12.90067
8.77019,810.00000,827.27917,0.58499,0.47614,12.90077
8.77119,810.00000,827.27917,0.58499,0.47614,12.90087
8.77219,810.00000,827.27917,0.58498,0.47614,12.90097
8.77319,810.00000,827.27917,0.58498,0.47614,12.90107
8.77419,810.00000,826.51739,0.58498,0.47614,12.90117
8.77519,810.00000,826.51739,0.58497,0.47614,12.90128
8.77619,810.00000,822.72949,0.58497,0.47614,12.90139
8.77719,810.00000,822.72949,0.58496,0.47614,12.90149
8.77819,810.00000,822.72949,0.58496,0.47614,12.90160
8.77919,810.00000,822.72949,0.58495,0.47614,12.90171
8.78019,810.00000,822.72949,0.58495,0.47614,12.90182
8.78119,810.00000,822.72949,0.58494,0.47614,12.90194
8.78219,810.00000,822.72949,0.58494,0.47614,12.90205
8.78319,810.00000,821.97613,0.58493,0.47614,12.90217
8.78419,810.00000,822.72949,0.58493,0.47614,12.90229
8.78519,810.00000,822.72949,0.58492,0.47614,12.90240
8.78619,810.00000,822.72949,0.58491,0.47614,12.90252
8.78719,810.00000,822.72949,0.58491,0.47614,12.90264
8.78819,810.00000,823.48431,0.58490,0.47614,12.90276
8.78920,810.00000,822.72949,0.58490,0.47614,12.90288
8.79022,810.00000,822.72949,0.58489,0.47614,12.90300
8.79119,810.00000,821.22412,0.58489,0.47614,12.90312
8.79219,810.00000,821.22412,0.58488,0.47614,12.90325
8.79319,810.00000,821.22412,0.58488,0.47614,12.90337
8.79419,810.00000,821.22412,0.58487,0.47614,12.90350
8.79519,810.00000,820.47338,0.58486,0.47614,12.90363
8.79619,810.00000,817.48443,0.58486,0.47614,12.90375
8.79719,810.00000,817.48443,0.58485,0.47614,12.90388
8.79819,810.00000,817.48443,0.58485,0.47614,12.90402
8.79919,810.00000,817.48443,0.58484,0.47614,12.90415
8.80019,810.00000,816.74053,0.58483,0.47614,12.90428
8.80119,810.00000,816.74053,0.58483,0.47614,12.90441
8.80219,810.00000,819.72406,0.58482,0.47614,12.90454
8.80319,810.00000,821.22412,0.58482,0.47614,12.90468
8.80418,810.00000,821.22412,0.58481,0.47614,12.90482
8.80519,810.00000,824.99804,0.58480,0.47614,12.90495
8.80619,810.00000,824.99804,0.58480,0.47614,12.90509
8.80719,810.00000,828.80694,0.58479,0.47614,12.90523
8.80819,810.00000,828.80694,0.58479,0.47614,12.90536
8.80919,810.00000,825.75701,0.58478,0.47614,12.90550
8.81019,810.00000,825.75701,0.58477,0.47614,12.90564
8.81119,810.00000,828.80694,0.58477,0.47614,12.90578
8.81219,810.00000,825.75701,0.58476,0.47614,12.90592
8.81319,810.00000,825.75701,0.58475,0.47614,12.90607
8.81419,810.00000,825.75701,0.58475,0.47614,12.90621
8.81519,810.00000,825.75701,0.58474,0.47614,12.90635
8.81619,810.00000,825.75701,0.58473,0.47614,12.90649
8.81719,810.00000,825.75701,0.58473,0.47614,12.90662
8.81819,810.00000,824.99804,0.58472,0.47614,12.90676
8.81919,810.00000,825.75701,0.58472,0.47614,12.90690
8.82019,810.00000,825.75701,0.58471,0.47614,12.90703
8.82119,810.00000,825.75701,0.58470,0.47614,12.90717
8.82219,810.00000,825.75701,0.58470,0.47614,12.90730
8.82319,810.00000,825.75701,0.58469,0.47614,12.90743
8.82419,810.00000,825.75701,0.58469,0.47614,12.90756
8.82519,810.00000,825.75701,0.58468,0.47614,12.90769
8.82619,810.00000,824.99804,0.58467,0.47614,12.90781
8.82719,810.00000,825.75701,0.58467,0.47614,12.90794
8.82819,810.00000,825.75701,0.58466,0.47614,12.90807
8.82919,810.00000,825.75701,0.58466,0.47614,12.90819
8.83019,810.00000,825.75701,0.58465,0.47614,12.90831
8.83119,810.00000,825.75701,0.58465,0.47614,12.90844
8.83219,810.00000,825.75701,0.58464,0.47614,12.90856
8.83319,810.00000,824.24047,0.58464,0.47614,12.90868
8.83419,810.00000,824.24047,0.58463,0.47614,12.90879
8.83519,810.00000,823.48431,0.58463,0.47614,12.90891
8.83619,810.00000,824.24047,0.58462,0.47614,12.90902
8.83719,810.00000,824.24047,0.58462,0.47614,12.90913
8.83820,810.00000,824.24047,0.58461,0.47614,12.90923
8.83919,810.00000,824.99804,0.58461,0.47614,12.90934
8.84019,810.00000,822.72949,0.58460,0.47614,12.90944
8.84119,810.00000,822.72949,0.58460,0.47614,12.90954
8.84219,810.00000,822.72949,0.58459,0.47614,12.90964
8.84319,810.00000,822.72949,0.58459,0.47614,12.90973
8.84419,810.00000,824.99804,0.58458,0.47614,12.90982
8.84519,810.00000,829.57287,0.58458,0.47614,12.90991
8.84619,810.00000,829.57287,0.58458,0.47614,12.90999
8.84719,810.00000,824.99804,0.58457,0.47614,12.91008
8.84819,810.00000,824.99804,0.58457,0.47614,12.91016
8.84919,810.00000,824.99804,0.58456,0.47614,12.91024
8.85019,810.00000,821.97613,0.58456,0.47614,12.91031
8.85119,810.00000,824.99804,0.58456,0.47614,12.91038
8.85219,810.00000,821.97613,0.58456,0.47614,12.91045
8.85319,810.00000,824.99804,0.58455,0.47614,12.91052
8.85419,810.00000,824.99804,0.58455,0.47614,12.91057
8.85519,810.00000,818.22955,0.58455,0.47614,12.91063
8.85619,810.00000,818.22955,0.58454,0.47614,12.91068
8.85719,810.00000,822.72949,0.58454,0.47614,12.91073
8.85819,810.00000,820.47338,0.58454,0.47614,12.91077
8.85919,810.00000,822.72949,0.58454,0.47614,12.91081
8.86019,810.00000,822.72949,0.58454,0.47614,12.91084
8.86119,810.00000,822.72949,0.58454,0.47614,12.91087
8.86219,810.00000,822.72949,0.58453,0.47614,12.91090
8.86319,810.00000,822.72949,0.58453,0.47614,12.91092
8.86419,810.00000,822.72949,0.58453,0.47614,12.91094
8.86519,810.00000,822.72949,0.58453,0.47614,12.91095
8.86619,810.00000,822.72949,0.58453,0.47614,12.91096
8.86719,810.00000,822.72949,0.58453,0.47614,12.91096
8.86819,810.00000,826.51739,0.58453,0.47614,12.91096
8.86919,810.00000,826.51739,0.58453,0.47614,12.91096
8.87019,810.00000,828.80694,0.58453,0.47614,12.91095
8.87119,810.00000,828.80694,0.58453,0.47614,12.91094
8.87219,810.00000,831.10913,0.58453,0.47614,12.91092
8.87319,810.00000,831.10913,0.58453,0.47614,12.91090
8.87419,810.00000,831.10913,0.58454,0.47614,12.91088
8.87519,810.00000,831.10913,0.58454,0.47614,12.91085
8.87619,810.00000,831.10913,0.58454,0.47614,12.91082
8.87719,810.00000,831.10913,0.58454,0.47614,12.91078
8.87819,810.00000,832.65112,0.58454,0.47614,12.91074
8.87919,810.00000,832.65112,0.58454,0.47614,12.91070
8.88019,810.00000,831.10913,0.58455,0.47614,12.91065
8.88119,810.00000,831.10913,0.58455,0.47614,12.91059
8.88219,810.00000,831.10913,0.58455,0.47614,12.91053
8.88319,810.00000,829.57287,0.58455,0.47614,12.91046
8.88419,810.00000,829.57287,0.58456,0.47614,12.91039
8.88519,810.00000,827.27917,0.58456,0.47614,12.91031
8.88619,810.00000,826.51739,0.58457,0.47614,12.91023
8.88719,810.00000,827.27917,0.58457,0.47614,12.91014
8.88819,810.00000,826.51739,0.58457,0.47614,12.91005
8.88919,810.00000,823.48431,0.58458,0.47614,12.90995
8.89019,810.00000,823.48431,0.58458,0.47614,12.90984
8.89119,810.00000,826.51739,0.58459,0.47614,12.90973
8.89219,810.00000,823.48431,0.58459,0.47614,12.90962
8.89319,810.00000,825.75701,0.58460,0.47614,12.90950
8.89419,810.00000,825.75701,0.58460,0.47614,12.90937
8.89519,810.00000,825.75701,0.58461,0.47614,12.90924
8.89619,810.00000,823.48431,0.58462,0.47614,12.90911
8.89719,810.00000,825.75701,0.58462,0.47614,12.90897
8.89819,810.00000,824.99804,0.58463,0.47614,12.90883
8.89919,810.00000,824.99804,0.58464,0.47614,12.90868
8.90019,810.00000,824.99804,0.58464,0.47614,12.90852
8.90119,810.00000,824.99804,0.58465,0.47614,12.90837
8.90219,810.00000,824.99804,0.58466,0.47614,12.90820
8.90319,810.00000,824.99804,0.58466,0.47614,12.90804
8.90419,810.00000,821.97613,0.58467,0.47614,12.90787
8.90519,810.00000,821.97613,0.58468,0.47614,12.90769
8.90619,810.00000,821.97613,0.58469,0.47614,12.90752
8.90719,810.00000,823.48431,0.58470,0.47614,12.90733
8.90819,810.00000,823.48431,0.58470,0.47614,12.90714
8.90919,810.00000,823.48431,0.58471,0.47614,12.90695
8.91019,810.00000,826.51739,0.58472,0.47614,12.90676
8.91119,810.00000,827.27917,0.58473,0.47614,12.90656
8.91219,810.00000,826.51739,0.58474,0.47614,12.90636
8.91319,810.00000,827.27917,0.58475,0.47614,12.90615
8.91419,810.00000,827.27917,0.58476,0.47614,12.90594
8.91519,810.00000,827.27917,0.58477,0.47614,12.90572
8.91619,810.00000,827.27917,0.58478,0.47614,12.90550
8.91719,810.00000,827.27917,0.58479,0.47614,12.90528
8.91819,810.00000,826.51739,0.58480,0.47614,12.90505
8.91919,810.00000,825.75701,0.58481,0.47614,12.90482
8.92019,810.00000,823.48431,0.58482,0.47614,12.90459
8.92119,810.00000,821.22412,0.58483,0.47614,12.90435
8.92219,810.00000,821.22412,0.58484,0.47614,12.90411
8.92319,810.00000,821.22412,0.58485,0.47614,12.90387
8.92419,810.00000,821.22412,0.58486,0.47614,12.90362
8.92519,810.00000,821.22412,0.58488,0.47614,12.90337
8.92619,810.00000,821.22412,0.58489,0.47614,12.90312
8.92719,810.00000,821.22412,0.58490,0.47614,12.90286
8.92819,810.00000,821.22412,0.58491,0.47614,12.90260
8.92919,810.00000,823.48431,0.58492,0.47614,12.90233
8.93019,810.00000,823.48431,0.58493,0.47614,12.90207
8.93119,810.00000,824.24047,0.58495,0.47614,12.90180
8.93219,810.00000,824.24047,0.58496,0.47614,12.90152
8.93319,810.00000,823.48431,0.58497,0.47614,12.90125
8.93419,810.00000,823.48431,0.58498,0.47614,12.90097
8.93520,810.00000,822.72949,0.58500,0.47614,12.90069
8.93622,810.00000,822.72949,0.58501,0.47614,12.90041
8.93719,810.00000,823.48431,0.58502,0.47614,12.90013
8.93819,810.00000,823.48431,0.58504,0.47614,12.89985
8.93919,810.00000,826.51739,0.58505,0.47614,12.89956
8.94019,810.00000,826.51739,0.58506,0.47614,12.89928
8.94119,810.00000,828.04235,0.58507,0.47614,12.89900
8.94219,810.00000,826.51739,0.58509,0.47614,12.89871
8.94319,810.00000,828.04235,0.58510,0.47614,12.89842
8.94419,810.00000,828.04235,0.58511,0.47614,12.89813
8.94519,810.00000,828.80694,0.58513,0.47614,12.89784
8.94619,810.00000,828.80694,0.58514,0.47614,12.89755
8.94719,810.00000,828.04235,0.58515,0.47614,12.89726
8.94819,810.00000,826.51739,0.58517,0.47614,12.89697
8.94919,810.00000,828.04235,0.58518,0.47614,12.89668
8.95019,810.00000,828.80694,0.58519,0.47614,12.89638
8.95119,810.00000,828.04235,0.58521,0.47614,12.89609
8.95219,810.00000,828.04235,0.58522,0.47614,12.89580
8.95319,810.00000,828.04235,0.58523,0.47614,12.89550
8.95419,810.00000,826.51739,0.58525,0.47614,12.89521
8.95519,810.00000,826.51739,0.58526,0.47614,12.89491
8.95619,810.00000,826.51739,0.58527,0.47614,12.89462
8.95719,810.00000,826.51739,0.58529,0.47614,12.89433
8.95819,810.00000,824.99804,0.58530,0.47614,12.89404
8.95919,810.00000,826.51739,0.58531,0.47614,12.89375
8.96019,810.00000,826.51739,0.58533,0.47614,12.89347
8.96119,810.00000,824.99804,0.58534,0.47614,12.89318
8.96219,810.00000,824.99804,0.58535,0.47614,12.89290
8.96319,810.00000,826.51739,0.58536,0.47614,12.89262
8.96418,810.00000,826.51739,0.58538,0.47614,12.89233
8.96519,810.00000,826.51739,0.58539,0.47614,12.89205
8.96619,810.00000,826.51739,0.58540,0.47614,12.89178
8.96719,810.00000,825.75701,0.58541,0.47614,12.89150
8.96819,810.00000,826.51739,0.58543,0.47614,12.89122
8.96919,810.00000,828.04235,0.58544,0.47614,12.89095
8.97019,810.00000,826.51739,0.58545,0.47614,12.89067
8.97119,810.00000,826.51739,0.58546,0.47614,12.89040
8.97219,810.00000,826.51739,0.58548,0.47614,12.89013
8.97319,810.00000,826.51739,0.58549,0.47614,12.88986
8.97419,810.00000,826.51739,0.58550,0.47614,12.88959
8.97519,810.00000,826.51739,0.58551,0.47614,12.88933
8.97619,810.00000,826.51739,0.58552,0.47614,12.88907
8.97719,810.00000,826.51739,0.58554,0.47614,12.88882
8.97819,810.00000,826.51739,0.58555,0.47614,12.88856
8.97919,810.00000,826.51739,0.58556,0.47614,12.88831
8.98019,810.00000,826.51739,0.58557,0.47614,12.88807
8.98119,810.00000,826.51739,0.58558,0.47614,12.88782
8.98219,810.00000,828.04235,0.58559,0.47614,12.88758
8.98319,810.00000,824.99804,0.58560,0.47614,12.88735
8.98419,810.00000,824.99804,0.58561,0.47614,12.88711
8.98519,810.00000,824.99804,0.58562,0.47614,12.88688
8.98619,810.00000,824.24047,0.58563,0.47614,12.88665
8.98719,810.00000,824.99804,0.58565,0.47614,12.88642
8.98819,810.00000,824.99804,0.58566,0.47614,12.88619
8.98919,810.00000,825.75701,0.58567,0.47614,12.88597
8.99019,810.00000,825.75701,0.58568,0.47614,12.88575
8.99119,810.00000,824.24047,0.58569,0.47614,12.88553
8.99219,810.00000,825.75701,0.58570,0.47614,12.88531
8.99319,810.00000,825.75701,0.58571,0.47614,12.88510
8.99419,810.00000,825.75701,0.58571,0.47614,12.88489
8.99519,810.00000,825.75701,0.58572,0.47614,12.88468
8.99619,810.00000,827.27917,0.58573,0.47614,12.88448
8.99719,810.00000,827.27917,0.58574,0.47614,12.88428
8.99819,810.00000,831.87939,0.58575,0.47614,12.88407
8.99919,810.00000,831.87939,0.58576,0.47614,12.88387
9.00019,810.00000,827.27917,0.58577,0.47614,12.88368
9.00120,820.00000,827.27917,0.59504,0.48367,12.88348
9.00220,820.00000,831.87939,0.59504,0.48367,12.88329
9.00320,820.00000,831.10913,0.59505,0.48367,12.88310
9.00427,820.00000,831.10913,0.59506,0.48367,12.88291
9.00521,820.00000,831.87939,0.59507,0.48367,12.88273
9.00623,820.00000,831.10913,0.59508,0.48367,12.88256
9.00723,820.00000,831.87939,0.59509,0.48367,12.88239
9.00823,820.00000,831.87939,0.59509,0.48367,12.88222
9.00920,820.00000,832.65112,0.59510,0.48367,12.88206
9.01029,820.00000,832.65112,0.59511,0.48367,12.88190
9.01123,820.00000,832.65112,0.59512,0.48367,12.88175
9.01222,820.00000,832.65112,0.59512,0.48367,12.88160
9.01319,820.00000,832.65112,0.59513,0.48367,12.88145
9.01418,820.00000,832.65112,0.59514,0.48367,12.88131
9.01519,820.00000,824.99804,0.59514,0.48367,12.88118
9.01619,820.00000,824.99804,0.59515,0.48367,12.88105
9.01719,820.00000,826.51739,0.59515,0.48367,12.88092
9.01819,820.00000,824.99804,0.59516,0.48367,12.88079
9.01919,820.00000,826.51739,0.59517,0.48367,12.88067
9.02019,820.00000,826.51739,0.59517,0.48367,12.88056
9.02119,820.00000,827.27917,0.59518,0.48367,12.88044
9.02219,820.00000,827.27917,0.59518,0.48367,12.88034
9.02319,820.00000,827.27917,0.59519,0.48367,12.88023
9.02419,820.00000,827.27917,0.59519,0.48367,12.88013
9.02519,820.00000,827.27917,0.59519,0.48367,12.88004
9.02619,820.00000,827.27917,0.59520,0.48367,12.87995
9.02719,820.00000,829.57287,0.59520,0.48367,12.87986
9.02819,820.00000,827.27917,0.59521,0.48367,12.87978
9.02919,820.00000,827.27917,0.59521,0.48367,12.87970
9.03019,820.00000,825.75701,0.59521,0.48367,12.87963
9.03119,820.00000,825.75701,0.59522,0.48367,12.87956
9.03219,820.00000,824.99804,0.59522,0.48367,12.87949
9.03319,820.00000,824.99804,0.59522,0.48367,12.87943
9.03419,820.00000,825.75701,0.59523,0.48367,12.87937
9.03519,820.00000,828.04235,0.59523,0.48367,12.87931
9.03619,820.00000,828.04235,0.59523,0.48367,12.87925
9.03719,820.00000,825.75701,0.59523,0.48367,12.87920
9.03819,820.00000,825.75701,0.59524,0.48367,12.87915
9.03919,820.00000,828.04235,0.59524,0.48367,12.87911
9.04019,820.00000,828.04235,0.59524,0.48367,12.87906
9.04119,820.00000,828.04235,0.59524,0.48367,12.87902
9.04219,820.00000,828.04235,0.59524,0.48367,12.87897
9.04319,820.00000,828.04235,0.59525,0.48367,12.87893
9.04419,820.00000,828.04235,0.59525,0.48367,12.87889
9.04519,820.00000,828.04235,0.59525,0.48367,12.87885
9.04619,820.00000,828.04235,0.59525,0.48367,12.87881
9.04719,820.00000,830.34033,0.59525,0.48367,12.87878
9.04819,820.00000,832.65112,0.59525,0.48367,12.87874
9.04919,820.00000,832.65112,0.59526,0.48367,12.87871
9.05019,820.00000,830.34033,0.59526,0.48367,12.87868
9.05119,820.00000,830.34033,0.59526,0.48367,12.87864
9.05218,820.00000,830.34033,0.59526,0.48367,12.87861
9.05319,820.00000,832.65112,0.59526,0.48367,12.87859
9.05419,820.00000,832.65112,0.59526,0.48367,12.87856
9.05519,820.00000,830.34033,0.59526,0.48367,12.87854
9.05619,820.00000,830.34033,0.59527,0.48367,12.87851
9.05719,820.00000,830.34033,0.59527,0.48367,12.87849
9.05819,820.00000,829.57287,0.59527,0.48367,12.87847
9.05919,820.00000,829.57287,0.59527,0.48367,12.87845
9.06019,820.00000,830.34033,0.59527,0.48367,12.87843
9.06119,820.00000,830.34033,0.59527,0.48367,12.87841
9.06219,820.00000,830.34033,0.59527,0.48367,12.87839
9.06319,820.00000,829.57287,0.59527,0.48367,12.87838
9.06419,820.00000,829.57287,0.59527,0.48367,12.87836
9.06519,820.00000,829.57287,0.59527,0.48367,12.87835
9.06619,820.00000,829.57287,0.59527,0.48367,12.87833
9.06719,820.00000,829.57287,0.59527,0.48367,12.87832
9.06819,820.00000,829.57287,0.59528,0.48367,12.87830
9.06919,820.00000,829.57287,0.59528,0.48367,12.87828
9.07019,820.00000,828.80694,0.59528,0.48367,12.87826
9.07119,820.00000,828.80694,0.59528,0.48367,12.87824
9.07219,820.00000,826.51739,0.59528,0.48367,12.87821
9.07319,820.00000,826.51739,0.59528,0.48367,12.87819
9.07419,820.00000,828.80694,0.59528,0.48367,12.87817
9.07519,820.00000,829.57287,0.59528,0.48367,12.87814
9.07619,820.00000,828.80694,0.59528,0.48367,12.87811
9.07719,820.00000,828.80694,0.59529,0.48367,12.87808
9.07819,820.00000,832.65112,0.59529,0.48367,12.87805
9.07919,820.00000,828.80694,0.59529,0.48367,12.87801
9.08019,820.00000,828.80694,0.59529,0.48367,12.87797
9.08119,820.00000,828.80694,0.59529,0.48367,12.87793
9.08220,820.00000,828.80694,0.59529,0.48367,12.87789
9.08322,820.00000,834.97479,0.59530,0.48367,12.87784
9.08419,820.00000,834.97479,0.59530,0.48367,12.87779
9.08519,820.00000,834.19879,0.59530,0.48367,12.87774
9.08619,820.00000,834.19879,0.59530,0.48367,12.87769
9.08719,820.00000,834.19879,0.59531,0.48367,12.87764
9.08819,820.00000,834.19879,0.59531,0.48367,12.87758
9.08919,820.00000,831.87939,0.59531,0.48367,12.87753
9.09019,820.00000,834.19879,0.59531,0.48367,12.87748
9.09119,820.00000,834.19879,0.59532,0.48367,12.87742
9.09219,820.00000,834.19879,0.59532,0.48367,12.87737
9.09319,820.00000,832.65112,0.59532,0.48367,12.87732
9.09419,820.00000,832.65112,0.59532,0.48367,12.87727
9.09519,820.00000,831.87939,0.59533,0.48367,12.87721
9.09619,820.00000,832.65112,0.59533,0.48367,12.87716
9.09719,820.00000,832.65112,0.59533,0.48367,12.87711
9.09819,820.00000,832.65112,0.59533,0.48367,12.87706
9.09919,820.00000,832.65112,0.59534,0.48367,12.87700
9.10019,820.00000,832.65112,0.59534,0.48367,12.87695
9.10119,820.00000,832.65112,0.59534,0.48367,12.87690
9.10219,820.00000,832.65112,0.59534,0.48367,12.87684
9.10319,820.00000,830.34033,0.59535,0.48367,12.87679
9.10419,820.00000,829.57287,0.59535,0.48367,12.87674
9.10519,820.00000,829.57287,0.59535,0.48367,12.87669
9.10619,820.00000,829.57287,0.59535,0.48367,12.87664
9.10719,820.00000,828.04235,0.59535,0.48367,12.87659
9.10819,820.00000,828.04235,0.59536,0.48367,12.87655
9.10919,820.00000,828.04235,0.59536,0.48367,12.87650
9.11019,820.00000,828.04235,0.59536,0.48367,12.87646
9.11119,820.00000,824.99804,0.59536,0.48367,12.87642
9.11219,820.00000,824.99804,0.59536,0.48367,12.87638
9.11319,820.00000,824.99804,0.59537,0.48367,12.87634
9.11419,820.00000,824.99804,0.59537,0.48367,12.87630
9.11519,820.00000,824.24047,0.59537,0.48367,12.87626
9.11619,820.00000,829.57287,0.59537,0.48367,12.87622
9.11719,820.00000,829.57287,0.59537,0.48367,12.87618
9.11819,820.00000,829.57287,0.59538,0.48367,12.87614
9.11919,820.00000,831.10913,0.59538,0.48367,12.87609
9.12019,820.00000,831.10913,0.59538,0.48367,12.87605
9.12119,820.00000,833.42425,0.59538,0.48367,12.87601
9.12219,820.00000,833.42425,0.59538,0.48367,12.87596
9.12319,820.00000,834.97479,0.59539,0.48367,12.87592
9.12419,820.00000,833.42425,0.59539,0.48367,12.87588
9.12519,820.00000,833.42425,0.59539,0.48367,12.87583
9.12619,820.00000,834.97479,0.59539,0.48367,12.87579
9.12719,820.00000,834.97479,0.59539,0.48367,12.87574
9.12819,820.00000,837.31140,0.59540,0.48367,12.87570
9.12919,820.00000,834.97479,0.59540,0.48367,12.87566
9.13019,820.00000,835.75225,0.59540,0.48367,12.87562
9.13119,820.00000,835.75225,0.59540,0.48367,12.87558
9.13219,820.00000,837.31140,0.59540,0.48367,12.87554
9.13319,820.00000,835.75225,0.59540,0.48367,12.87551
9.13419,820.00000,835.75225,0.59541,0.48367,12.87547
9.13519,820.00000,835.75225,0.59541,0.48367,12.87544
9.13619,820.00000,835.75225,0.59541,0.48367,12.87541
9.13719,820.00000,831.87939,0.59541,0.48367,12.87539
9.13819,820.00000,831.87939,0.59541,0.48367,12.87536
9.13919,820.00000,831.87939,0.59541,0.48367,12.87534
9.14019,820.00000,831.87939,0.59541,0.48367,12.87531
9.14119,820.00000,831.10913,0.59541,0.48367,12.87529
9.14219,820.00000,831.87939,0.59542,0.48367,12.87527
9.14319,820.00000,831.87939,0.59542,0.48367,12.87525
9.14419,820.00000,834.19879,0.59542,0.48367,12.87523
9.14519,820.00000,834.19879,0.59542,0.48367,12.87521
9.14619,820.00000,834.19879,0.59542,0.48367,12.87519
9.14719,820.00000,835.75225,0.59542,0.48367,12.87518
9.14819,820.00000,835.75225,0.59542,0.48367,12.87517
9.14919,820.00000,835.75225,0.59542,0.48367,12.87515
9.15019,820.00000,834.19879,0.59542,0.48367,12.87514
9.15119,820.00000,836.53112,0.59542,0.48367,12.87514
9.15219,820.00000,836.53112,0.59542,0.48367,12.87513
9.15319,820.00000,836.53112,0.59542,0.48367,12.87512
9.15419,820.00000,836.53112,0.59542,0.48367,12.87511
9.15519,820.00000,836.53112,0.59542,0.48367,12.87510
9.15619,820.00000,837.31140,0.59542,0.48367,12.87508
9.15719,820.00000,836.53112,0.59542,0.48367,12.87507
9.15819,820.00000,832.65112,0.59543,0.48367,12.87506
9.15919,820.00000,832.65112,0.59543,0.48367,12.87504
9.16019,820.00000,832.65112,0.59543,0.48367,12.87503
9.16119,820.00000,832.65112,0.59543,0.48367,12.87501
9.16219,820.00000,832.65112,0.59543,0.48367,12.87499
9.16319,820.00000,832.65112,0.59543,0.48367,12.87497
9.16419,820.00000,831.87939,0.59543,0.48367,12.87496
9.16519,820.00000,831.87939,0.59543,0.48367,12.87494
9.16619,820.00000,830.34033,0.59543,0.48367,12.87492
9.16719,820.00000,829.57287,0.59543,0.48367,12.87491
9.16819,820.00000,830.34033,0.59543,0.48367,12.87489
9.16919,820.00000,830.34033,0.59543,0.48367,12.87487
9.17019,820.00000,831.10913,0.59543,0.48367,12.87485
9.17119,820.00000,831.10913,0.59544,0.48367,12.87483
9.17219,820.00000,830.34033,0.59544,0.48367,12.87481
9.17319,820.00000,831.10913,0.59544,0.48367,12.87478
9.17419,820.00000,831.87939,0.59544,0.48367,12.87476
9.17519,820.00000,831.87939,0.59544,0.48367,12.87474
9.17619,820.00000,831.87939,0.59544,0.48367,12.87471
9.17719,820.00000,831.87939,0.59544,0.48367,12.87469
9.17819,820.00000,832.65112,0.59544,0.48367,12.87467
9.17919,820.00000,831.87939,0.59544,0.48367,12.87464
9.18019,820.00000,831.10913,0.59545,0.48367,12.87462
9.18119,820.00000,831.87939,0.59545,0.48367,12.87459
9.18219,820.00000,834.97479,0.59545,0.48367,12.87456
9.18319,820.00000,834.97479,0.59545,0.48367,12.87453
9.18419,820.00000,831.87939,0.59545,0.48367,12.87451
9.18519,820.00000,834.97479,0.59545,0.48367,12.87448
9.18619,820.00000,834.97479,0.59545,0.48367,12.87445
9.18719,820.00000,834.97479,0.59545,0.48367,12.87442
9.18819,820.00000,831.10913,0.59546,0.48367,12.87439
9.18919,820.00000,834.97479,0.59546,0.48367,12.87436
9.19019,820.00000,834.97479,0.59546,0.48367,12.87432
9.19119,820.00000,834.97479,0.59546,0.48367,12.87428
9.19219,820.00000,834.97479,0.59546,0.48367,12.87425
9.19319,820.00000,834.19879,0.59546,0.48367,12.87420
9.19419,820.00000,834.19879,0.59547,0.48367,12.87416
9.19519,820.00000,834.19879,0.59547,0.48367,12.87411
9.19619,820.00000,834.19879,0.59547,0.48367,12.87407
9.19719,820.00000,834.19879,0.59547,0.48367,12.87401
9.19819,820.00000,834.19879,0.59548,0.48367,12.87396
9.19919,820.00000,834.19879,0.59548,0.48367,12.87390
9.20019,820.00000,834.19879,0.59548,0.48367,12.87385
9.20119,820.00000,831.10913,0.59548,0.48367,12.87379
9.20219,820.00000,828.80694,0.59549,0.48367,12.87373
9.20319,820.00000,828.80694,0.59549,0.48367,12.87366
9.20419,820.00000,828.80694,0.59549,0.48367,12.87360
9.20519,820.00000,828.80694,0.59550,0.48367,12.87353
9.20619,820.00000,828.80694,0.59550,0.48367,12.87346
9.20719,820.00000,831.10913,0.59550,0.48367,12.87339
9.20819,820.00000,831.10913,0.59551,0.48367,12.87332
9.20919,820.00000,831.10913,0.59551,0.48367,12.87324
9.21019,820.00000,834.19879,0.59551,0.48367,12.87317
9.21119,820.00000,834.19879,0.59552,0.48367,12.87309
9.21219,820.00000,834.19879,0.59552,0.48367,12.87301
9.21319,820.00000,834.19879,0.59552,0.48367,12.87293
9.21419,820.00000,834.97479,0.59553,0.48367,12.87284
9.21519,820.00000,834.19879,0.59553,0.48367,12.87275
9.21619,820.00000,834.19879,0.59554,0.48367,12.87267
9.21719,820.00000,834.19879,0.59554,0.48367,12.87258
9.21819,820.00000,834.19879,0.59554,0.48367,12.87249
9.21919,820.00000,834.19879,0.59555,0.48367,12.87240
9.22019,820.00000,834.19879,0.59555,0.48367,12.87232
9.22119,820.00000,832.65112,0.59556,0.48367,12.87223
9.22219,820.00000,832.65112,0.59556,0.48367,12.87214
9.22319,820.00000,832.65112,0.59556,0.48367,12.87205
9.22419,820.00000,832.65112,0.59557,0.48367,12.87197
9.22519,820.00000,830.34033,0.59557,0.48367,12.87188
9.22619,820.00000,831.10913,0.59558,0.48367,12.87179
9.22719,820.00000,832.65112,0.59558,0.48367,12.87171
9.22821,820.00000,832.65112,0.59558,0.48367,12.87162
9.22922,820.00000,831.10913,0.59559,0.48367,12.87154
9.23019,820.00000,830.34033,0.59559,0.48367,12.87145
9.23119,820.00000,831.10913,0.59560,0.48367,12.87137
9.23219,820.00000,831.10913,0.59560,0.48367,12.87128
9.23319,820.00000,831.10913,0.59560,0.48367,12.87120
9.23419,820.00000,831.10913,0.59561,0.48367,12.87111
9.23519,820.00000,835.75225,0.59561,0.48367,12.87103
9.23619,820.00000,835.75225,0.59562,0.48367,12.87095
9.23719,820.00000,835.75225,0.59562,0.48367,12.87086
9.23819,820.00000,831.87939,0.59562,0.48367,12.87078
9.23919,820.00000,831.87939,0.59563,0.48367,12.87070
9.24019,820.00000,831.87939,0.59563,0.48367,12.87062
9.24119,820.00000,832.65112,0.59563,0.48367,12.87053
9.24219,820.00000,831.87939,0.59564,0.48367,12.87045
9.24319,820.00000,831.87939,0.59564,0.48367,12.87037
9.24419,820.00000,831.87939,0.59565,0.48367,12.87029
9.24519,820.00000,831.87939,0.59565,0.48367,12.87021
9.24619,820.00000,831.10913,0.59565,0.48367,12.87012
9.24719,820.00000,831.10913,0.59566,0.48367,12.87004
9.24819,820.00000,831.10913,0.59566,0.48367,12.86996
9.24919,820.00000,831.87939,0.59566,0.48367,12.86988
9.25019,820.00000,831.87939,0.59567,0.48367,12.86980
9.25119,820.00000,832.65112,0.59567,0.48367,12.86972
9.25219,820.00000,831.87939,0.59568,0.48367,12.86964
9.25319,820.00000,832.65112,0.59568,0.48367,12.86957
9.25419,820.00000,838.87658,0.59568,0.48367,12.86950
9.25519,820.00000,838.87658,0.59569,0.48367,12.86942
9.25619,820.00000,838.87658,0.59569,0.48367,12.86935
9.25719,820.00000,838.87658,0.59569,0.48367,12.86929
9.25819,820.00000,838.87658,0.59570,0.48367,12.86922
9.25919,820.00000,838.87658,0.59570,0.48367,12.86916
9.26019,820.00000,838.87658,0.59570,0.48367,12.86910
9.26119,820.00000,836.53112,0.59570,0.48367,12.86904
9.26219,820.00000,835.75225,0.59571,0.48367,12.86898
9.26319,820.00000,835.75225,0.59571,0.48367,12.86893
9.26419,820.00000,833.42425,0.59571,0.48367,12.86887
9.26519,820.00000,827.27917,0.59571,0.48367,12.86882
9.26619,820.00000,833.42425,0.59572,0.48367,12.86877
9.26719,820.00000,833.42425,0.59572,0.48367,12.86872
9.26819,820.00000,835.75225,0.59572,0.48367,12.86868
9.26919,820.00000,835.75225,0.59572,0.48367,12.86863
9.27019,820.00000,835.75225,0.59572,0.48367,12.86859
9.27119,820.00000,835.75225,0.59573,0.48367,12.86855
9.27219,820.00000,835.75225,0.59573,0.48367,12.86851
9.27319,820.00000,828.04235,0.59573,0.48367,12.86847
9.27419,820.00000,828.04235,0.59573,0.48367,12.86843
9.27519,820.00000,829.57287,0.59573,0.48367,12.86839
9.27619,820.00000,838.09326,0.59574,0.48367,12.86835
9.27719,820.00000,829.57287,0.59574,0.48367,12.86831
9.27819,820.00000,829.57287,0.59574,0.48367,12.86827
9.27920,820.00000,829.57287,0.59574,0.48367,12.86823
9.28019,820.00000,829.57287,0.59574,0.48367,12.86819
9.28119,820.00000,829.57287,0.59574,0.48367,12.86815
9.28219,820.00000,829.57287,0.59575,0.48367,12.86811
9.28320,820.00000,829.57287,0.59575,0.48367,12.86806
9.28419,820.00000,830.34033,0.59575,0.48367,12.86802
9.28519,820.00000,830.34033,0.59575,0.48367,12.86798
9.28619,820.00000,830.34033,0.59575,0.48367,12.86794
9.28719,820.00000,830.34033,0.59576,0.48367,12.86790
9.28819,820.00000,830.34033,0.59576,0.48367,12.86786
9.28919,820.00000,830.34033,0.59576,0.48367,12.86781
9.29019,820.00000,833.42425,0.59576,0.48367,12.86777
9.29119,820.00000,830.34033,0.59576,0.48367,12.86773
9.29219,820.00000,833.42425,0.59577,0.48367,12.86769
9.29319,820.00000,834.19879,0.59577,0.48367,12.86764
9.29419,820.00000,833.42425,0.59577,0.48367,12.86760
9.29519,820.00000,830.34033,0.59577,0.48367,12.86756
9.29619,820.00000,829.57287,0.59577,0.48367,12.86751
9.29719,820.00000,829.57287,0.59578,0.48367,12.86747
9.29819,820.00000,834.19879,0.59578,0.48367,12.86743
9.29919,820.00000,834.19879,0.59578,0.48367,12.86738
9.30019,820.00000,834.19879,0.59578,0.48367,12.86734
9.30119,820.00000,829.57287,0.59578,0.48367,12.86730
9.30219,820.00000,837.31140,0.59579,0.48367,12.86725
9.30319,820.00000,829.57287,0.59579,0.48367,12.86721
9.30419,820.00000,829.57287,0.59579,0.48367,12.86717
9.30519,820.00000,829.57287,0.59579,0.48367,12.86713
9.30619,820.00000,829.57287,0.59579,0.48367,12.86708
9.30719,820.00000,831.87939,0.59580,0.48367,12.86704
9.30819,820.00000,832.65112,0.59580,0.48367,12.86700
9.30919,820.00000,832.65112,0.59580,0.48367,12.86695
9.31019,820.00000,831.87939,0.59580,0.48367,12.86691
9.31119,820.00000,832.65112,0.59580,0.48367,12.86687
9.31219,820.00000,831.87939,0.59581,0.48367,12.86682
9.31319,820.00000,832.65112,0.59581,0.48367,12.86678
9.31419,820.00000,832.65112,0.59581,0.48367,12.86674
9.31519,820.00000,832.65112,0.59581,0.48367,12.86669
9.31619,820.00000,832.65112,0.59581,0.48367,12.86665
9.31720,820.00000,837.31140,0.59582,0.48367,12.86661
9.31819,820.00000,837.31140,0.59582,0.48367,12.86656
9.31919,820.00000,837.31140,0.59582,0.48367,12.86652
9.32019,820.00000,834.97479,0.59582,0.48367,12.86648
9.32119,820.00000,834.97479,0.59582,0.48367,12.86644
9.32219,820.00000,833.42425,0.59583,0.48367,12.86639
9.32319,820.00000,833.42425,0.59583,0.48367,12.86634
9.32419,820.00000,832.65112,0.59583,0.48367,12.86629
9.32519,820.00000,831.87939,0.59583,0.48367,12.86624
9.32619,820.00000,832.65112,0.59584,0.48367,12.86619
9.32719,820.00000,832.65112,0.59584,0.48367,12.86614
9.32819,820.00000,832.65112,0.59584,0.48367,12.86608
9.32919,820.00000,831.87939,0.59584,0.48367,12.86602
9.33019,820.00000,831.87939,0.59585,0.48367,12.86596
9.33119,820.00000,832.65112,0.59585,0.48367,12.86590
9.33219,820.00000,835.75225,0.59585,0.48367,12.86583
9.33319,820.00000,837.31140,0.59586,0.48367,12.86577
9.33419,820.00000,845.19567,0.59586,0.48367,12.86570
9.33519,820.00000,845.19567,0.59586,0.48367,12.86563
9.33619,820.00000,845.19567,0.59586,0.48367,12.86557
9.33719,820.00000,845.19567,0.59587,0.48367,12.86549
9.33819,820.00000,845.19567,0.59587,0.48367,12.86542
9.33919,820.00000,845.19567,0.59587,0.48367,12.86535
9.34019,820.00000,847.59008,0.59588,0.48367,12.86528
9.34119,820.00000,847.59008,0.59588,0.48367,12.86520
9.34219,820.00000,847.59008,0.59588,0.48367,12.86512
9.34319,820.00000,845.19567,0.59589,0.48367,12.86504
9.34419,820.00000,838.09326,0.59589,0.48367,12.86497
9.34519,820.00000,835.75225,0.59590,0.48367,12.86488
9.34619,820.00000,835.75225,0.59590,0.48367,12.86480
9.34719,820.00000,834.19879,0.59590,0.48367,12.86472
9.34819,820.00000,834.19879,0.59591,0.48367,12.86463
9.34919,820.00000,833.42425,0.59591,0.48367,12.86455
9.35019,820.00000,832.65112,0.59592,0.48367,12.86446
9.35119,820.00000,831.87939,0.59592,0.48367,12.86437
9.35219,820.00000,832.65112,0.59592,0.48367,12.86428
9.35319,820.00000,831.87939,0.59593,0.48367,12.86418
9.35419,820.00000,828.80694,0.59593,0.48367,12.86409
9.35519,820.00000,828.80694,0.59594,0.48367,12.86400
9.35619,820.00000,828.80694,0.59594,0.48367,12.86390
9.35719,820.00000,828.80694,0.59595,0.48367,12.86380
9.35819,820.00000,828.80694,0.59595,0.48367,12.86371
9.35919,820.00000,828.80694,0.59596,0.48367,12.86361
9.36019,820.00000,828.80694,0.59596,0.48367,12.86351
9.36119,820.00000,829.57287,0.59596,0.48367,12.86340
9.36219,820.00000,833.42425,0.59597,0.48367,12.86330
9.36319,820.00000,829.57287,0.59597,0.48367,12.86320
9.36419,820.00000,833.42425,0.59598,0.48367,12.86309
9.36519,820.00000,833.42425,0.59598,0.48367,12.86299
9.36619,820.00000,829.57287,0.59599,0.48367,12.86288
9.36719,820.00000,836.53112,0.59599,0.48367,12.86278
9.36819,820.00000,835.75225,0.59600,0.48367,12.86267
9.36919,820.00000,836.53112,0.59600,0.48367,12.86256
9.37019,820.00000,836.53112,0.59601,0.48367,12.86246
9.37119,820.00000,836.53112,0.59601,0.48367,12.86235
9.37219,820.00000,835.75225,0.59602,0.48367,12.86224
9.37319,820.00000,835.75225,0.59602,0.48367,12.86213
9.37420,820.00000,835.75225,0.59603,0.48367,12.86202
9.37522,820.00000,835.75225,0.59603,0.48367,12.86190
9.37619,820.00000,835.75225,0.59604,0.48367,12.86178
9.37719,820.00000,835.75225,0.59605,0.48367,12.86166
9.37819,820.00000,834.97479,0.59605,0.48367,12.86154
9.37919,820.00000,834.97479,0.59606,0.48367,12.86142
9.38019,820.00000,833.42425,0.59606,0.48367,12.86129
9.38119,820.00000,831.87939,0.59607,0.48367,12.86116
9.38219,820.00000,833.42425,0.59608,0.48367,12.86102
9.38319,820.00000,833.42425,0.59608,0.48367,12.86088
9.38419,820.00000,831.87939,0.59609,0.48367,12.86074
9.38519,820.00000,831.87939,0.59609,0.48367,12.86060
9.38619,820.00000,832.65112,0.59610,0.48367,12.86045
9.38719,820.00000,832.65112,0.59611,0.48367,12.86030
9.38819,820.00000,832.65112,0.59612,0.48367,12.86015
9.38919,820.00000,832.65112,0.59612,0.48367,12.86000
9.39019,820.00000,832.65112,0.59613,0.48367,12.85984
9.39119,820.00000,832.65112,0.59614,0.48367,12.85968
9.39219,820.00000,832.65112,0.59614,0.48367,12.85952
9.39319,820.00000,831.87939,0.59615,0.48367,12.85935
9.39419,820.00000,832.65112,0.59616,0.48367,12.85919
9.39519,820.00000,831.87939,0.59617,0.48367,12.85902
9.39619,820.00000,831.87939,0.59618,0.48367,12.85884
9.39719,820.00000,830.34033,0.59618,0.48367,12.85867
9.39819,820.00000,831.87939,0.59619,0.48367,12.85849
9.39919,820.00000,830.34033,0.59620,0.48367,12.85831
9.40019,820.00000,831.87939,0.59621,0.48367,12.85812
9.40119,820.00000,831.87939,0.59622,0.48367,12.85793
9.40219,820.00000,831.87939,0.59623,0.48367,12.85773
9.40319,820.00000,835.75225,0.59624,0.48367,12.85753
9.40419,820.00000,836.53112,0.59625,0.48367,12.85733
9.40519,820.00000,835.75225,0.59626,0.48367,12.85712
9.40619,820.00000,835.75225,0.59627,0.48367,12.85691
9.40719,820.00000,836.53112,0.59628,0.48367,12.85669
9.40819,820.00000,835.75225,0.59629,0.48367,12.85647
9.40919,820.00000,836.53112,0.59630,0.48367,12.85625
9.41019,820.00000,836.53112,0.59631,0.48367,12.85602
9.41119,820.00000,835.75225,0.59632,0.48367,12.85579
9.41219,820.00000,834.97479,0.59633,0.48367,12.85556
9.41319,820.00000,834.97479,0.59634,0.48367,12.85532
9.41419,820.00000,834.19879,0.59635,0.48367,12.85508
9.41519,820.00000,834.19879,0.59636,0.48367,12.85483
9.41619,820.00000,834.19879,0.59637,0.48367,12.85458
9.41719,820.00000,834.97479,0.59639,0.48367,12.85433
9.41819,820.00000,834.19879,0.59640,0.48367,12.85408
9.41919,820.00000,834.19879,0.59641,0.48367,12.85382
9.42019,820.00000,834.19879,0.59642,0.48367,12.85355
9.42119,820.00000,831.87939,0.59643,0.48367,12.85329
9.42219,820.00000,834.19879,0.59645,0.48367,12.85302
9.42319,820.00000,834.97479,0.59646,0.48367,12.85275
9.42419,820.00000,834.97479,0.59647,0.48367,12.85247
9.42519,820.00000,834.97479,0.59648,0.48367,12.85219
9.42619,820.00000,834.19879,0.59650,0.48367,12.85191
9.42719,820.00000,834.19879,0.59651,0.48367,12.85163
9.42819,820.00000,834.19879,0.59652,0.48367,12.85134
9.42919,820.00000,834.19879,0.59654,0.48367,12.85105
9.43019,820.00000,834.19879,0.59655,0.48367,12.85076
9.43119,820.00000,834.19879,0.59656,0.48367,12.85046
9.43219,820.00000,834.19879,0.59658,0.48367,12.85017
9.43319,820.00000,834.19879,0.59659,0.48367,12.84986
9.43419,820.00000,834.19879,0.59661,0.48367,12.84956
9.43519,820.00000,835.75225,0.59662,0.48367,12.84925
9.43619,820.00000,838.09326,0.59664,0.48367,12.84894
9.43719,820.00000,838.09326,0.59665,0.48367,12.84863
9.43819,820.00000,838.09326,0.59666,0.48367,12.84832
9.43919,820.00000,835.75225,0.59668,0.48367,12.84800
9.44019,820.00000,837.31140,0.59669,0.48367,12.84768
9.44119,820.00000,837.31140,0.59671,0.48367,12.84735
9.44219,820.00000,837.31140,0.59672,0.48367,12.84703
9.44319,820.00000,838.09326,0.59674,0.48367,12.84670
9.44419,820.00000,838.09326,0.59675,0.48367,12.84638
9.44519,820.00000,837.31140,0.59677,0.48367,12.84605
9.44619,820.00000,835.75225,0.59678,0.48367,12.84572
9.44719,820.00000,834.19879,0.59680,0.48367,12.84540
9.44819,820.00000,835.75225,0.59682,0.48367,12.84507
9.44919,820.00000,835.75225,0.59683,0.48367,12.84474
9.45019,820.00000,835.75225,0.59685,0.48367,12.84441
9.45119,820.00000,835.75225,0.59686,0.48367,12.84409
9.45219,820.00000,835.75225,0.59688,0.48367,12.84376
9.45319,820.00000,833.42425,0.59689,0.48367,12.84343
9.45419,820.00000,833.42425,0.59691,0.48367,12.84310
9.45519,820.00000,833.42425,0.59692,0.48367,12.84277
9.45619,820.00000,829.57287,0.59694,0.48367,12.84244
9.45719,820.00000,833.42425,0.59695,0.48367,12.84211
9.45819,820.00000,833.42425,0.59697,0.48367,12.84178
9.45919,820.00000,833.42425,0.59698,0.48367,12.84145
9.46019,820.00000,833.42425,0.59700,0.48367,12.84111
9.46119,820.00000,831.10913,0.59701,0.48367,12.84078
9.46219,820.00000,831.10913,0.59703,0.48367,12.84045
9.46319,820.00000,831.10913,0.59705,0.48367,12.84012
9.46419,820.00000,829.57287,0.59706,0.48367,12.83979
9.46519,820.00000,830.34033,0.59708,0.48367,12.83945
9.46619,820.00000,830.34033,0.59709,0.48367,12.83912
9.46719,820.00000,831.10913,0.59711,0.48367,12.83879
9.46819,820.00000,830.34033,0.59712,0.48367,12.83846
9.46919,820.00000,830.34033,0.59714,0.48367,12.83813
9.47020,820.00000,830.34033,0.59715,0.48367,12.83780
9.47119,820.00000,830.34033,0.59717,0.48367,12.83746
9.47219,820.00000,831.10913,0.59718,0.48367,12.83713
9.47319,820.00000,831.10913,0.59720,0.48367,12.83680
9.47419,820.00000,831.10913,0.59722,0.48367,12.83646
9.47519,820.00000,831.10913,0.59723,0.48367,12.83613
9.47619,820.00000,831.87939,0.59725,0.48367,12.83580
9.47719,820.00000,838.87658,0.59726,0.48367,12.83547
9.47819,820.00000,838.87658,0.59728,0.48367,12.83514
9.47919,820.00000,831.10913,0.59729,0.48367,12.83480
9.48019,820.00000,831.10913,0.59731,0.48367,12.83447
9.48119,820.00000,831.10913,0.59732,0.48367,12.83414
9.48219,820.00000,831.87939,0.59734,0.48367,12.83381
9.48319,820.00000,831.87939,0.59735,0.48367,12.83347
9.48419,820.00000,832.65112,0.59737,0.48367,12.83314
9.48519,820.00000,831.87939,0.59739,0.48367,12.83281
9.48619,820.00000,832.65112,0.59740,0.48367,12.83247
9.48720,820.00000,832.65112,0.59742,0.48367,12.83214
9.48819,820.00000,832.65112,0.59743,0.48367,12.83181
9.48919,820.00000,839.66131,0.59745,0.48367,12.83148
9.49020,820.00000,839.66131,0.59746,0.48367,12.83115
9.49119,820.00000,839.66131,0.59748,0.48367,12.83082
9.49219,820.00000,839.66131,0.59749,0.48367,12.83048
9.49319,820.00000,832.65112,0.59751,0.48367,12.83015
9.49419,820.00000,832.65112,0.59752,0.48367,12.82982
9.49519,820.00000,828.80694,0.59754,0.48367,12.82949
9.49619,820.00000,830.34033,0.59756,0.48367,12.82916
9.49719,820.00000,830.34033,0.59757,0.48367,12.82883
9.49819,820.00000,830.34033,0.59759,0.48367,12.82851
9.49919,820.00000,828.80694,0.59760,0.48367,12.82818
9.50019,820.00000,828.80694,0.59762,0.48367,12.82786
9.50119,820.00000,828.80694,0.59763,0.48367,12.82754
9.50219,820.00000,829.57287,0.59765,0.48367,12.82723
9.50319,820.00000,829.57287,0.59766,0.48367,12.82692
9.50419,820.00000,830.34033,0.59767,0.48367,12.82660
9.50519,820.00000,830.34033,0.59769,0.48367,12.82630
9.50619,820.00000,831.10913,0.59770,0.48367,12.82599
9.50719,820.00000,831.10913,0.59772,0.48367,12.82568
9.50819,820.00000,831.10913,0.59773,0.48367,12.82538
9.50919,820.00000,831.10913,0.59775,0.48367,12.82508
9.51020,820.00000,831.87939,0.59776,0.48367,12.82478
9.51119,820.00000,832.65112,0.59777,0.48367,12.82448
9.51219,820.00000,832.65112,0.59779,0.48367,12.82419
9.51319,820.00000,832.65112,0.59780,0.48367,12.82389
9.51419,820.00000,832.65112,0.59781,0.48367,12.82360
9.51519,820.00000,833.42425,0.59783,0.48367,12.82331
9.51619,820.00000,833.42425,0.59784,0.48367,12.82303
9.51719,820.00000,833.42425,0.59785,0.48367,12.82274
9.51819,820.00000,833.42425,0.59787,0.48367,12.82246
9.51919,820.00000,833.42425,0.59788,0.48367,12.82218
9.52019,820.00000,833.42425,0.59789,0.48367,12.82190
9.52122,820.00000,828.04235,0.59791,0.48367,12.82162
9.52219,820.00000,833.42425,0.59792,0.48367,12.82135
9.52319,820.00000,833.42425,0.59793,0.48367,12.82108
9.52419,820.00000,833.42425,0.59794,0.48367,12.82082
9.52519,820.00000,834.19879,0.59796,0.48367,12.82056
9.52619,820.00000,834.19879,0.59797,0.48367,12.82031
9.52719,820.00000,834.19879,0.59798,0.48367,12.82005
9.52819,820.00000,834.19879,0.59799,0.48367,12.81980
9.52919,820.00000,834.19879,0.59800,0.48367,12.81956
9.53020,820.00000,834.19879,0.59801,0.48367,12.81932
9.53119,820.00000,834.19879,0.59803,0.48367,12.81908
9.53219,820.00000,834.19879,0.59804,0.48367,12.81885
9.53319,820.00000,834.97479,0.59805,0.48367,12.81862
9.53419,820.00000,837.31140,0.59806,0.48367,12.81839
9.53519,820.00000,837.31140,0.59807,0.48367,12.81817
9.53619,820.00000,837.31140,0.59808,0.48367,12.81795
9.53719,820.00000,834.19879,0.59809,0.48367,12.81773
9.53819,820.00000,837.31140,0.59810,0.48367,12.81752
9.53919,820.00000,840.44744,0.59811,0.48367,12.81730
9.54019,820.00000,840.44744,0.59812,0.48367,12.81709
9.54119,820.00000,842.02429,0.59813,0.48367,12.81689
9.54219,820.00000,842.02429,0.59814,0.48367,12.81668
9.54319,820.00000,845.19567,0.59815,0.48367,12.81649
9.54419,820.00000,842.02429,0.59816,0.48367,12.81629
9.54519,820.00000,832.65112,0.59816,0.48367,12.81611
9.54619,820.00000,832.65112,0.59817,0.48367,12.81592
9.54719,820.00000,834.97479,0.59818,0.48367,12.81575
9.54819,820.00000,832.65112,0.59819,0.48367,12.81558
9.54919,820.00000,832.65112,0.59820,0.48367,12.81541
9.55020,820.00000,832.65112,0.59820,0.48367,12.81525
9.55119,820.00000,832.65112,0.59821,0.48367,12.81509
9.55219,820.00000,832.65112,0.59822,0.48367,12.81494
9.55319,820.00000,830.34033,0.59823,0.48367,12.81480
9.55419,820.00000,830.34033,0.59823,0.48367,12.81465
9.55519,820.00000,829.57287,0.59824,0.48367,12.81452
9.55619,820.00000,834.19879,0.59824,0.48367,12.81438
9.55719,820.00000,834.19879,0.59825,0.48367,12.81426
9.55819,820.00000,834.19879,0.59826,0.48367,12.81413
9.55919,820.00000,834.97479,0.59826,0.48367,12.81402
9.56019,820.00000,834.97479,0.59827,0.48367,12.81391
9.56119,820.00000,834.97479,0.59827,0.48367,12.81380
9.56219,820.00000,834.97479,0.59828,0.48367,12.81369
9.56319,820.00000,834.97479,0.59828,0.48367,12.81360
9.56419,820.00000,834.97479,0.59829,0.48367,12.81350
9.56519,820.00000,833.42425,0.59829,0.48367,12.81342
9.56619,820.00000,836.53112,0.59829,0.48367,12.81334
9.56719,820.00000,833.42425,0.59830,0.48367,12.81326
9.56819,820.00000,836.53112,0.59830,0.48367,12.81320
9.56919,820.00000,836.53112,0.59830,0.48367,12.81313
9.57020,820.00000,833.42425,0.59831,0.48367,12.81308
9.57119,820.00000,833.42425,0.59831,0.48367,12.81303
9.57219,820.00000,832.65112,0.59831,0.48367,12.81299
9.57319,820.00000,832.65112,0.59831,0.48367,12.81295
9.57419,820.00000,836.53112,0.59831,0.48367,12.81292
9.57519,820.00000,836.53112,0.59831,0.48367,12.81289
9.57619,820.00000,832.65112,0.59831,0.48367,12.81288
9.57719,820.00000,836.53112,0.59832,0.48367,12.81286
9.57819,820.00000,836.53112,0.59832,0.48367,12.81285
9.57919,820.00000,836.53112,0.59832,0.48367,12.81285
9.58019,820.00000,832.65112,0.59832,0.48367,12.81286
9.58119,820.00000,832.65112,0.59832,0.48367,12.81287
9.58219,820.00000,831.10913,0.59831,0.48367,12.81288
9.58319,820.00000,831.10913,0.59831,0.48367,12.81290
9.58419,820.00000,830.34033,0.59831,0.48367,12.81293
9.58519,820.00000,830.34033,0.59831,0.48367,12.81296
9.58619,820.00000,831.10913,0.59831,0.48367,12.81300
9.58719,820.00000,831.10913,0.59831,0.48367,12.81304
9.58819,820.00000,831.10913,0.59830,0.48367,12.81309
9.58919,820.00000,831.10913,0.59830,0.48367,12.81314
9.59020,820.00000,832.65112,0.59830,0.48367,12.81320
9.59119,820.00000,832.65112,0.59830,0.48367,12.81326
9.59219,820.00000,835.75225,0.59829,0.48367,12.81333
9.59319,820.00000,835.75225,0.59829,0.48367,12.81340
9.59419,820.00000,832.65112,0.59829,0.48367,12.81347
9.59519,820.00000,835.75225,0.59828,0.48367,12.81355
9.59619,820.00000,835.75225,0.59828,0.48367,12.81363
9.59719,820.00000,835.75225,0.59828,0.48367,12.81371
9.59819,820.00000,835.75225,0.59827,0.48367,12.81379
9.59919,820.00000,835.75225,0.59827,0.48367,12.81388
9.60019,820.00000,835.75225,0.59826,0.48367,12.81397
9.60119,820.00000,835.75225,0.59826,0.48367,12.81406
9.60219,820.00000,835.75225,0.59825,0.48367,12.81416
9.60319,820.00000,834.97479,0.59825,0.48367,12.81425
9.60419,820.00000,834.97479,0.59825,0.48367,12.81436
9.60519,820.00000,828.80694,0.59824,0.48367,12.81446
9.60619,820.00000,828.80694,0.59824,0.48367,12.81457
9.60719,820.00000,828.80694,0.59823,0.48367,12.81468
9.60819,820.00000,828.80694,0.59823,0.48367,12.81479
9.60919,820.00000,828.80694,0.59822,0.48367,12.81491
9.61020,820.00000,832.65112,0.59821,0.48367,12.81503
9.61119,820.00000,834.97479,0.59821,0.48367,12.81515
9.61219,820.00000,834.97479,0.59820,0.48367,12.81528
9.61319,820.00000,834.97479,0.59820,0.48367,12.81541
9.61419,820.00000,832.65112,0.59819,0.48367,12.81554
9.61519,820.00000,836.53112,0.59818,0.48367,12.81567
9.61619,820.00000,838.09326,0.59818,0.48367,12.81581
9.61719,820.00000,836.53112,0.59817,0.48367,12.81595
9.61819,820.00000,836.53112,0.59816,0.48367,12.81609
9.61919,820.00000,834.97479,0.59816,0.48367,12.81623
9.62019,820.00000,835.75225,0.59815,0.48367,12.81637
9.62119,820.00000,835.75225,0.59815,0.48367,12.81651
9.62219,820.00000,834.97479,0.59814,0.48367,12.81665
9.62319,820.00000,834.97479,0.59813,0.48367,12.81679
9.62419,820.00000,834.97479,0.59813,0.48367,12.81693
9.62519,820.00000,835.75225,0.59812,0.48367,12.81707
9.62619,820.00000,835.75225,0.59811,0.48367,12.81721
9.62719,820.00000,834.97479,0.59811,0.48367,12.81735
9.62819,820.00000,835.75225,0.59810,0.48367,12.81749
9.62919,820.00000,835.75225,0.59809,0.48367,12.81763
9.63020,820.00000,835.75225,0.59809,0.48367,12.81777
9.63119,820.00000,832.65112,0.59808,0.48367,12.81791
9.63219,820.00000,835.75225,0.59807,0.48367,12.81806
9.63319,820.00000,832.65112,0.59807,0.48367,12.81820
9.63419,820.00000,832.65112,0.59806,0.48367,12.81834
9.63519,820.00000,832.65112,0.59805,0.48367,12.81849
9.63619,820.00000,832.65112,0.59805,0.48367,12.81863
9.63719,820.00000,832.65112,0.59804,0.48367,12.81878
9.63819,820.00000,832.65112,0.59803,0.48367,12.81892
9.63919,820.00000,832.65112,0.59803,0.48367,12.81907
9.64019,820.00000,832.65112,0.59802,0.48367,12.81922
9.64119,820.00000,832.65112,0.59801,0.48367,12.81936
9.64219,820.00000,832.65112,0.59801,0.48367,12.81951
9.64319,820.00000,832.65112,0.59800,0.48367,12.81966
9.64419,820.00000,834.19879,0.59799,0.48367,12.81980
9.64519,820.00000,834.19879,0.59798,0.48367,12.81995
9.64619,820.00000,834.19879,0.59798,0.48367,12.82009
9.64719,820.00000,834.19879,0.59797,0.48367,12.82024
9.64819,820.00000,831.10913,0.59796,0.48367,12.82039
9.64919,820.00000,831.10913,0.59796,0.48367,12.82053
9.65020,820.00000,831.10913,0.59795,0.48367,12.82068
9.65119,820.00000,834.19879,0.59794,0.48367,12.82083
9.65219,820.00000,833.42425,0.59794,0.48367,12.82098
9.65319,820.00000,833.42425,0.59793,0.48367,12.82112
9.65419,820.00000,833.42425,0.59792,0.48367,12.82127
9.65519,820.00000,832.65112,0.59792,0.48367,12.82142
9.65619,820.00000,832.65112,0.59791,0.48367,12.82157
9.65720,820.00000,832.65112,0.59790,0.48367,12.82172
9.65819,820.00000,832.65112,0.59790,0.48367,12.82187
9.65919,820.00000,832.65112,0.59789,0.48367,12.82202
9.66019,820.00000,833.42425,0.59788,0.48367,12.82216
9.66119,820.00000,832.65112,0.59787,0.48367,12.82231
9.66219,820.00000,832.65112,0.59787,0.48367,12.82246
9.66319,820.00000,832.65112,0.59786,0.48367,12.82261
9.66419,820.00000,832.65112,0.59785,0.48367,12.82276
9.66519,820.00000,832.65112,0.59785,0.48367,12.82291
9.66619,820.00000,832.65112,0.59784,0.48367,12.82306
9.66720,820.00000,835.75225,0.59783,0.48367,12.82321
9.66822,820.00000,835.75225,0.59783,0.48367,12.82336
9.66919,820.00000,831.87939,0.59782,0.48367,12.82351
9.67020,820.00000,835.75225,0.59781,0.48367,12.82366
9.67119,820.00000,835.75225,0.59780,0.48367,12.82382
9.67219,820.00000,835.75225,0.59780,0.48367,12.82397
9.67319,820.00000,835.75225,0.59779,0.48367,12.82413
9.67419,820.00000,831.87939,0.59778,0.48367,12.82429
9.67519,820.00000,831.87939,0.59777,0.48367,12.82446
9.67619,820.00000,830.34033,0.59777,0.48367,12.82462
9.67719,820.00000,830.34033,0.59776,0.48367,12.82479
9.67819,820.00000,830.34033,0.59775,0.48367,12.82495
9.67919,820.00000,830.34033,0.59774,0.48367,12.82513
9.68019,820.00000,831.87939,0.59774,0.48367,12.82530
9.68119,820.00000,829.57287,0.59773,0.48367,12.82547
9.68219,820.00000,829.57287,0.59772,0.48367,12.82565
9.68319,820.00000,829.57287,0.59771,0.48367,12.82582
9.68419,820.00000,830.34033,0.59770,0.48367,12.82600
9.68519,820.00000,830.34033,0.59769,0.48367,12.82618
9.68619,820.00000,830.34033,0.59769,0.48367,12.82637
9.68719,820.00000,838.09326,0.59768,0.48367,12.82655
9.68819,820.00000,830.34033,0.59767,0.48367,12.82673
9.68919,820.00000,836.53112,0.59766,0.48367,12.82692
9.69020,820.00000,830.34033,0.59765,0.48367,12.82710
9.69119,820.00000,834.97479,0.59764,0.48367,12.82729
9.69219,820.00000,834.97479,0.59763,0.48367,12.82748
9.69319,820.00000,831.10913,0.59762,0.48367,12.82768
9.69419,820.00000,834.97479,0.59762,0.48367,12.82788
9.69519,820.00000,836.53112,0.59761,0.48367,12.82808
9.69619,820.00000,836.53112,0.59760,0.48367,12.82828
9.69719,820.00000,836.53112,0.59759,0.48367,12.82849
9.69819,820.00000,836.53112,0.59758,0.48367,12.82869
9.69919,820.00000,836.53112,0.59757,0.48367,12.82891
9.70019,820.00000,837.31140,0.59756,0.48367,12.82912
9.70119,820.00000,838.09326,0.59755,0.48367,12.82934
9.70219,820.00000,838.09326,0.59754,0.48367,12.82956
9.70319,820.00000,842.81488,0.59753,0.48367,12.82978
9.70419,820.00000,838.09326,0.59752,0.48367,12.83001
9.70519,820.00000,838.09326,0.59751,0.48367,12.83024
9.70619,820.00000,838.09326,0.59749,0.48367,12.83047
9.70719,820.00000,837.31140,0.59748,0.48367,12.83070
9.70819,820.00000,837.31140,0.59747,0.48367,12.83094
9.70919,820.00000,832.65112,0.59746,0.48367,12.83118
9.71020,820.00000,838.09326,0.59745,0.48367,12.83142
9.71119,820.00000,832.65112,0.59744,0.48367,12.83167
9.71219,820.00000,830.34033,0.59743,0.48367,12.83192
9.71319,820.00000,832.65112,0.59742,0.48367,12.83217
9.71419,820.00000,832.65112,0.59740,0.48367,12.83242
9.71519,820.00000,832.65112,0.59739,0.48367,12.83267
9.71619,820.00000,830.34033,0.59738,0.48367,12.83292
9.71719,820.00000,832.65112,0.59737,0.48367,12.83317
9.71819,820.00000,833.42425,0.59736,0.48367,12.83343
9.71919,820.00000,833.42425,0.59734,0.48367,12.83368
9.72019,820.00000,833.42425,0.59733,0.48367,12.83393
9.72119,820.00000,829.57287,0.59732,0.48367,12.83419
9.72219,820.00000,831.10913,0.59731,0.48367,12.83444
9.72319,820.00000,833.42425,0.59730,0.48367,12.83470
9.72419,820.00000,834.19879,0.59729,0.48367,12.83496
9.72519,820.00000,831.10913,0.59727,0.48367,12.83522
9.72619,820.00000,831.10913,0.59726,0.48367,12.83547
9.72719,820.00000,834.19879,0.59725,0.48367,12.83573
9.72819,820.00000,831.10913,0.59724,0.48367,12.83599
9.72919,820.00000,831.10913,0.59723,0.48367,12.83626
9.73019,820.00000,831.10913,0.59721,0.48367,12.83652
9.73119,820.00000,834.19879,0.59720,0.48367,12.83678
9.73219,820.00000,835.75225,0.59719,0.48367,12.83704
9.73319,820.00000,835.75225,0.59718,0.48367,12.83731
9.73419,820.00000,835.75225,0.59716,0.48367,12.83757
9.73519,820.00000,835.75225,0.59715,0.48367,12.83783
9.73619,820.00000,835.75225,0.59714,0.48367,12.83810
9.73719,820.00000,835.75225,0.59713,0.48367,12.83836
9.73819,820.00000,835.75225,0.59711,0.48367,12.83862
9.73919,820.00000,835.75225,0.59710,0.48367,12.83889
9.74019,820.00000,832.65112,0.59709,0.48367,12.83915
9.74119,820.00000,832.65112,0.59708,0.48367,12.83942
9.74219,820.00000,832.65112,0.59707,0.48367,12.83968
9.74319,820.00000,832.65112,0.59705,0.48367,12.83994
9.74419,820.00000,831.10913,0.59704,0.48367,12.84020
9.74519,820.00000,832.65112,0.59703,0.48367,12.84046
9.74619,820.00000,832.65112,0.59702,0.48367,12.84072
9.74719,820.00000,837.31140,0.59701,0.48367,12.84097
9.74819,820.00000,837.31140,0.59699,0.48367,12.84122
9.74919,820.00000,832.65112,0.59698,0.48367,12.84147
9.75020,820.00000,829.57287,0.59697,0.48367,12.84172
9.75119,820.00000,837.31140,0.59696,0.48367,12.84197
9.75219,820.00000,837.31140,0.59695,0.48367,12.84222
9.75319,820.00000,831.87939,0.59694,0.48367,12.84246
9.75419,820.00000,831.87939,0.59693,0.48367,12.84271
9.75519,820.00000,837.31140,0.59691,0.48367,12.84295
9.75619,820.00000,839.66131,0.59690,0.48367,12.84319
9.75719,820.00000,839.66131,0.59689,0.48367,12.84342
9.75819,820.00000,834.19879,0.59688,0.48367,12.84366
9.75919,820.00000,834.19879,0.59687,0.48367,12.84389
9.76019,820.00000,834.19879,0.59686,0.48367,12.84412
9.76119,820.00000,834.19879,0.59685,0.48367,12.84434
9.76219,820.00000,834.19879,0.59684,0.48367,12.84456
9.76319,820.00000,834.97479,0.59683,0.48367,12.84478
9.76419,820.00000,834.97479,0.59682,0.48367,12.84499
9.76519,820.00000,834.19879,0.59681,0.48367,12.84520
9.76619,820.00000,834.19879,0.59680,0.48367,12.84541
9.76719,820.00000,830.34033,0.59679,0.48367,12.84561
9.76819,820.00000,828.04235,0.59678,0.48367,12.84581
9.76919,820.00000,830.34033,0.59677,0.48367,12.84600
9.77019,820.00000,834.97479,0.59676,0.48367,12.84619
9.77119,820.00000,834.97479,0.59675,0.48367,12.84638
9.77219,820.00000,836.53112,0.59675,0.48367,12.84657
9.77319,820.00000,826.51739,0.59674,0.48367,12.84675
9.77419,820.00000,834.97479,0.59673,0.48367,12.84694
9.77519,820.00000,836.53112,0.59672,0.48367,12.84711
9.77619,820.00000,836.53112,0.59671,0.48367,12.84728
9.77719,820.00000,836.53112,0.59670,0.48367,12.84745
9.77819,820.00000,836.53112,0.59670,0.48367,12.84762
9.77919,820.00000,836.53112,0.59669,0.48367,12.84778
9.78019,820.00000,836.53112,0.59668,0.48367,12.84794
9.78119,820.00000,838.09326,0.59667,0.48367,12.84810
9.78219,820.00000,838.09326,0.59667,0.48367,12.84826
9.78319,820.00000,834.97479,0.59666,0.48367,12.84841
9.78419,820.00000,834.97479,0.59665,0.48367,12.84856
9.78519,820.00000,838.09326,0.59665,0.48367,12.84871
9.78619,820.00000,834.97479,0.59664,0.48367,12.84885
9.78719,820.00000,834.19879,0.59663,0.48367,12.84899
9.78819,820.00000,834.19879,0.59663,0.48367,12.84913
9.78919,820.00000,834.97479,0.59662,0.48367,12.84926
9.79019,820.00000,834.97479,0.59661,0.48367,12.84940
9.79119,820.00000,834.19879,0.59661,0.48367,12.84953
9.79219,820.00000,834.19879,0.59660,0.48367,12.84965
9.79319,820.00000,834.19879,0.59660,0.48367,12.84978
9.79419,820.00000,834.97479,0.59659,0.48367,12.84990
9.79519,820.00000,834.97479,0.59659,0.48367,12.85002
9.79619,820.00000,834.97479,0.59658,0.48367,12.85013
9.79719,820.00000,830.34033,0.59657,0.48367,12.85024
9.79819,820.00000,830.34033,0.59657,0.48367,12.85035
9.79919,820.00000,846.79046,0.59657,0.48367,12.85046
9.80019,820.00000,830.34033,0.59656,0.48367,12.85055
9.80119,820.00000,838.87658,0.59656,0.48367,12.85065
9.80219,820.00000,830.34033,0.59655,0.48367,12.85074
9.80319,820.00000,830.34033,0.59655,0.48367,12.85082
9.80419,820.00000,830.34033,0.59654,0.48367,12.85090
9.80519,820.00000,830.34033,0.59654,0.48367,12.85098
9.80619,820.00000,830.34033,0.59654,0.48367,12.85105
9.80719,820.00000,830.34033,0.59653,0.48367,12.85112
9.80819,820.00000,830.34033,0.59653,0.48367,12.85118
9.80919,820.00000,836.53112,0.59653,0.48367,12.85124
9.81019,820.00000,830.34033,0.59653,0.48367,12.85129
9.81119,820.00000,832.65112,0.59652,0.48367,12.85135
9.81219,820.00000,832.65112,0.59652,0.48367,12.85139
9.81320,820.00000,832.65112,0.59652,0.48367,12.85144
9.81422,820.00000,834.19879,0.59652,0.48367,12.85148
9.81519,820.00000,832.65112,0.59652,0.48367,12.85151
9.81619,820.00000,834.19879,0.59651,0.48367,12.85155
9.81719,820.00000,832.65112,0.59651,0.48367,12.85158
9.81819,820.00000,832.65112,0.59651,0.48367,12.85160
9.81919,820.00000,832.65112,0.59651,0.48367,12.85162
9.82019,820.00000,832.65112,0.59651,0.48367,12.85164
9.82119,820.00000,832.65112,0.59651,0.48367,12.85166
9.82219,820.00000,834.19879,0.59651,0.48367,12.85166
9.82319,820.00000,838.09326,0.59651,0.48367,12.85167
9.82419,820.00000,838.09326,0.59651,0.48367,12.85167
9.82519,820.00000,838.09326,0.59651,0.48367,12.85167
9.82619,820.00000,838.09326,0.59651,0.48367,12.85166
9.82719,820.00000,829.57287,0.59651,0.48367,12.85165
9.82819,820.00000,838.09326,0.59651,0.48367,12.85164
9.82919,820.00000,839.66131,0.59651,0.48367,12.85162
9.83019,820.00000,838.09326,0.59651,0.48367,12.85160
9.83119,820.00000,838.09326,0.59651,0.48367,12.85157
9.83219,820.00000,838.09326,0.59651,0.48367,12.85155
9.83319,820.00000,837.31140,0.59652,0.48367,12.85152
9.83419,820.00000,831.10913,0.59652,0.48367,12.85148
9.83519,820.00000,833.42425,0.59652,0.48367,12.85145
9.83619,820.00000,833.42425,0.59652,0.48367,12.85141
9.83719,820.00000,833.42425,0.59652,0.48367,12.85136
9.83819,820.00000,837.31140,0.59653,0.48367,12.85132
9.83919,820.00000,837.31140,0.59653,0.48367,12.85127
9.84019,820.00000,835.75225,0.59653,0.48367,12.85121
9.84119,820.00000,833.42425,0.59653,0.48367,12.85116
9.84219,820.00000,833.42425,0.59654,0.48367,12.85110
9.84319,820.00000,835.75225,0.59654,0.48367,12.85104
9.84419,820.00000,835.75225,0.59654,0.48367,12.85097
9.84519,820.00000,835.75225,0.59654,0.48367,12.85090
9.84619,820.00000,835.75225,0.59655,0.48367,12.85083
9.84719,820.00000,835.75225,0.59655,0.48367,12.85076
9.84819,820.00000,835.75225,0.59655,0.48367,12.85068
9.84919,820.00000,831.10913,0.59656,0.48367,12.85060
9.85019,820.00000,828.04235,0.59656,0.48367,12.85052
9.85119,820.00000,825.75701,0.59657,0.48367,12.85044
9.85219,820.00000,828.04235,0.59657,0.48367,12.85035
9.85319,820.00000,828.04235,0.59657,0.48367,12.85027
9.85419,820.00000,828.04235,0.59658,0.48367,12.85018
9.85519,820.00000,829.57287,0.59658,0.48367,12.85009
9.85619,820.00000,831.10913,0.59659,0.48367,12.85000
9.85719,820.00000,831.10913,0.59659,0.48367,12.84991
9.85819,820.00000,831.10913,0.59659,0.48367,12.84982
9.85919,820.00000,844.40063,0.59660,0.48367,12.84973
9.86019,820.00000,844.40063,0.59660,0.48367,12.84963
9.86119,820.00000,844.40063,0.59661,0.48367,12.84954
9.86219,820.00000,844.40063,0.59661,0.48367,12.84945
9.86319,820.00000,841.23516,0.59662,0.48367,12.84935
9.86419,820.00000,841.23516,0.59662,0.48367,12.84926
9.86519,820.00000,833.42425,0.59663,0.48367,12.84916
9.86619,820.00000,834.97479,0.59663,0.48367,12.84906
9.86719,820.00000,834.97479,0.59663,0.48367,12.84896
9.86819,820.00000,834.97479,0.59664,0.48367,12.84886
9.86919,820.00000,834.97479,0.59664,0.48367,12.84876
9.87019,820.00000,833.42425,0.59665,0.48367,12.84866
9.87119,820.00000,834.97479,0.59665,0.48367,12.84856
9.87219,820.00000,834.97479,0.59666,0.48367,12.84846
9.87319,820.00000,829.57287,0.59666,0.48367,12.84835
9.87419,820.00000,829.57287,0.59667,0.48367,12.84824
9.87519,820.00000,834.97479,0.59667,0.48367,12.84813
9.87619,820.00000,834.97479,0.59668,0.48367,12.84802
9.87719,820.00000,835.75225,0.59668,0.48367,12.84791
9.87819,820.00000,828.04235,0.59669,0.48367,12.84779
9.87919,820.00000,828.04235,0.59669,0.48367,12.84767
9.88019,820.00000,835.75225,0.59670,0.48367,12.84755
9.88119,820.00000,835.75225,0.59671,0.48367,12.84743
9.88219,820.00000,835.75225,0.59671,0.48367,12.84730
9.88319,820.00000,838.87658,0.59672,0.48367,12.84717
9.88419,820.00000,838.87658,0.59672,0.48367,12.84704
9.88521,820.00000,838.87658,0.59673,0.48367,12.84691
9.88619,820.00000,838.87658,0.59674,0.48367,12.84677
9.88719,820.00000,838.87658,0.59674,0.48367,12.84664
9.88819,820.00000,838.87658,0.59675,0.48367,12.84650
9.88919,820.00000,838.87658,0.59676,0.48367,12.84636
9.89019,820.00000,833.42425,0.59676,0.48367,12.84621
9.89119,820.00000,828.80694,0.59677,0.48367,12.84607
9.89219,820.00000,833.42425,0.59678,0.48367,12.84592
9.89319,820.00000,828.80694,0.59678,0.48367,12.84577
9.89419,820.00000,828.80694,0.59679,0.48367,12.84561
9.89519,820.00000,830.34033,0.59680,0.48367,12.84546
9.89619,820.00000,828.80694,0.59680,0.48367,12.84530
9.89719,820.00000,830.34033,0.59681,0.48367,12.84514
9.89819,820.00000,830.34033,0.59682,0.48367,12.84498
9.89919,820.00000,830.34033,0.59683,0.48367,12.84482
9.90019,820.00000,836.53112,0.59683,0.48367,12.84465
9.90119,820.00000,836.53112,0.59684,0.48367,12.84449
9.90219,820.00000,836.53112,0.59685,0.48367,12.84432
9.90319,820.00000,836.53112,0.59686,0.48367,12.84415
9.90419,820.00000,837.31140,0.59687,0.48367,12.84398
9.90519,820.00000,837.31140,0.59687,0.48367,12.84381
9.90619,820.00000,837.31140,0.59688,0.48367,12.84363
9.90719,820.00000,837.31140,0.59689,0.48367,12.84346
9.90819,820.00000,837.31140,0.59690,0.48367,12.84328
9.90919,820.00000,836.53112,0.59691,0.48367,12.84310
9.91019,820.00000,837.31140,0.59692,0.48367,12.84292
9.91119,820.00000,836.53112,0.59692,0.48367,12.84274
9.91219,820.00000,836.53112,0.59693,0.48367,12.84256
9.91319,820.00000,834.97479,0.59694,0.48367,12.84237
9.91419,820.00000,832.65112,0.59695,0.48367,12.84219
9.91519,820.00000,834.97479,0.59696,0.48367,12.84200
9.91619,820.00000,834.97479,0.59697,0.48367,12.84181
9.91719,820.00000,834.97479,0.59698,0.48367,12.84162
9.91819,820.00000,832.65112,0.59698,0.48367,12.84143
9.91919,820.00000,831.87939,0.59699,0.48367,12.84123
9.92019,820.00000,831.87939,0.59700,0.48367,12.84104
9.92119,820.00000,831.10913,0.59701,0.48367,12.84084
9.92219,820.00000,831.87939,0.59702,0.48367,12.84065
9.92319,820.00000,831.10913,0.59703,0.48367,12.84045
9.92419,820.00000,831.10913,0.59704,0.48367,12.84025
9.92519,820.00000,829.57287,0.59705,0.48367,12.84005
9.92619,820.00000,829.57287,0.59706,0.48367,12.83985
9.92719,820.00000,829.57287,0.59707,0.48367,12.83965
9.92819,820.00000,829.57287,0.59708,0.48367,12.83944
9.92919,820.00000,831.10913,0.59709,0.48367,12.83924
9.93019,820.00000,831.10913,0.59710,0.48367,12.83903
9.93119,820.00000,832.65112,0.59711,0.48367,12.83883
9.93219,820.00000,833.42425,0.59711,0.48367,12.83863
9.93319,820.00000,833.42425,0.59712,0.48367,12.83842
9.93419,820.00000,833.42425,0.59713,0.48367,12.83821
9.93519,820.00000,833.42425,0.59714,0.48367,12.83801
9.93619,820.00000,834.19879,0.59715,0.48367,12.83780
9.93719,820.00000,834.19879,0.59716,0.48367,12.83759
9.93819,820.00000,834.19879,0.59717,0.48367,12.83738
9.93919,820.00000,834.19879,0.59718,0.48367,12.83717
9.94019,820.00000,834.19879,0.59719,0.48367,12.83696
9.94119,820.00000,834.19879,0.59720,0.48367,12.83675
9.94219,820.00000,834.19879,0.59721,0.48367,12.83653
9.94319,820.00000,834.19879,0.59722,0.48367,12.83632
9.94419,820.00000,834.19879,0.59723,0.48367,12.83610
9.94519,820.00000,834.19879,0.59724,0.48367,12.83589
9.94619,820.00000,834.19879,0.59725,0.48367,12.83567
9.94719,820.00000,834.19879,0.59726,0.48367,12.83545
9.94819,820.00000,835.75225,0.59727,0.48367,12.83523
9.94919,820.00000,835.75225,0.59728,0.48367,12.83501
9.95019,820.00000,835.75225,0.59729,0.48367,12.83479
9.95119,820.00000,835.75225,0.59730,0.48367,12.83457
9.95219,820.00000,835.75225,0.59731,0.48367,12.83434
9.95319,820.00000,835.75225,0.59732,0.48367,12.83412
9.95419,820.00000,830.34033,0.59733,0.48367,12.83389
9.95519,820.00000,830.34033,0.59735,0.48367,12.83367
9.95619,820.00000,830.34033,0.59736,0.48367,12.83344
9.95719,820.00000,830.34033,0.59737,0.48367,12.83321
9.95819,820.00000,830.34033,0.59738,0.48367,12.83298
9.95920,820.00000,830.34033,0.59739,0.48367,12.83275
9.96022,820.00000,830.34033,0.59740,0.48367,12.83251
9.96119,820.00000,830.34033,0.59741,0.48367,12.83227
9.96219,820.00000,832.65112,0.59742,0.48367,12.83203
9.96319,820.00000,830.34033,0.59743,0.48367,12.83179
9.96419,820.00000,830.34033,0.59744,0.48367,12.83154
9.96519,820.00000,832.65112,0.59746,0.48367,12.83129
9.96619,820.00000,832.65112,0.59747,0.48367,12.83104
9.96719,820.00000,832.65112,0.59748,0.48367,12.83079
9.96819,820.00000,830.34033,0.59749,0.48367,12.83053
9.96919,820.00000,830.34033,0.59750,0.48367,12.83028
9.97019,820.00000,836.53112,0.59752,0.48367,12.83002
9.97119,820.00000,828.04235,0.59753,0.48367,12.82976
9.97219,820.00000,828.04235,0.59754,0.48367,12.82949
9.97319,820.00000,828.04235,0.59755,0.48367,12.82922
9.97419,820.00000,828.04235,0.59757,0.48367,12.82895
9.97519,820.00000,829.57287,0.59758,0.48367,12.82867
9.97619,820.00000,829.57287,0.59759,0.48367,12.82839
9.97719,820.00000,831.10913,0.59760,0.48367,12.82811
9.97819,820.00000,830.34033,0.59762,0.48367,12.82782
9.97919,820.00000,831.10913,0.59763,0.48367,12.82752
9.98019,820.00000,831.10913,0.59765,0.48367,12.82723
9.98119,820.00000,830.34033,0.59766,0.48367,12.82692
9.98219,820.00000,830.34033,0.59767,0.48367,12.82662
9.98319,820.00000,831.10913,0.59769,0.48367,12.82632
9.98419,820.00000,831.10913,0.59770,0.48367,12.82601
9.98519,820.00000,831.10913,0.59772,0.48367,12.82570
9.98619,820.00000,831.10913,0.59773,0.48367,12.82539
9.98719,820.00000,830.34033,0.59775,0.48367,12.82508
9.98819,820.00000,830.34033,0.59776,0.48367,12.82477
9.98919,820.00000,829.57287,0.59777,0.48367,12.82446
9.99019,820.00000,829.57287,0.59779,0.48367,12.82414
9.99119,820.00000,834.19879,0.59780,0.48367,12.82382
9.99219,820.00000,834.19879,0.59782,0.48367,12.82350
9.99319,820.00000,834.97479,0.59783,0.48367,12.82318
9.99419,820.00000,834.19879,0.59785,0.48367,12.82286
9.99519,820.00000,834.97479,0.59786,0.48367,12.82253
9.99619,820.00000,834.19879,0.59788,0.48367,12.82221
9.99719,820.00000,834.97479,0.59789,0.48367,12.82188
9.99819,820.00000,834.19879,0.59791,0.48367,12.82155
9.99919,820.00000,835.75225,0.59793,0.48367,12.82122
10.00019,820.00000,835.75225,0.59794,0.48367,12.82089
10.00119,820.00000,835.75225,0.59796,0.48367,12.82056
10.00219,820.00000,836.53112,0.59797,0.48367,12.82024
10.00319,820.00000,836.53112,0.59799,0.48367,12.81991
10.00419,820.00000,835.75225,0.59800,0.48367,12.81958
10.00519,820.00000,836.53112,0.59802,0.48367,12.81926
10.00619,820.00000,836.53112,0.59803,0.48367,12.81893
10.00719,820.00000,836.53112,0.59805,0.48367,12.81861
10.00819,820.00000,836.53112,0.59806,0.48367,12.81829
10.00919,820.00000,836.53112,0.59808,0.48367,12.81796
10.01019,820.00000,836.53112,0.59809,0.48367,12.81764
10.01119,820.00000,836.53112,0.59811,0.48367,12.81732
10.01219,820.00000,834.19879,0.59812,0.48367,12.81699
10.01319,820.00000,836.53112,0.59814,0.48367,12.81667
10.01418,820.00000,836.53112,0.59815,0.48367,12.81635
10.01519,820.00000,836.53112,0.59817,0.48367,12.81603
10.01619,820.00000,836.53112,0.59818,0.48367,12.81571
10.01719,820.00000,834.19879,0.59820,0.48367,12.81539
10.01819,820.00000,834.19879,0.59821,0.48367,12.81507
10.01919,820.00000,834.19879,0.59823,0.48367,12.81475
10.02019,820.00000,834.19879,0.59824,0.48367,12.81443
10.02119,820.00000,834.19879,0.59826,0.48367,12.81412
10.02219,820.00000,833.42425,0.59827,0.48367,12.81380
10.02319,820.00000,833.42425,0.59829,0.48367,12.81348
10.02419,820.00000,832.65112,0.59830,0.48367,12.81317
10.02519,820.00000,833.42425,0.59832,0.48367,12.81285
10.02619,820.00000,832.65112,0.59833,0.48367,12.81254
10.02719,820.00000,833.42425,0.59835,0.48367,12.81223
10.02819,820.00000,833.42425,0.59836,0.48367,12.81192
10.02919,820.00000,833.42425,0.59837,0.48367,12.81161
10.03019,820.00000,832.65112,0.59839,0.48367,12.81130
10.03119,820.00000,833.42425,0.59840,0.48367,12.81100
10.03219,820.00000,832.65112,0.59842,0.48367,12.81069
10.03319,820.00000,832.65112,0.59843,0.48367,12.81040
10.03419,820.00000,834.19879,0.59844,0.48367,12.81010
10.03519,820.00000,834.19879,0.59846,0.48367,12.80981
10.03619,820.00000,834.19879,0.59847,0.48367,12.80952
10.03719,820.00000,834.19879,0.59849,0.48367,12.80923
10.03819,820.00000,832.65112,0.59850,0.48367,12.80894
10.03919,820.00000,834.19879,0.59851,0.48367,12.80866
10.04019,820.00000,834.97479,0.59852,0.48367,12.80838
10.04119,820.00000,838.09326,0.59854,0.48367,12.80811
10.04219,820.00000,838.09326,0.59855,0.48367,12.80784
10.04319,820.00000,838.09326,0.59856,0.48367,12.80758
10.04419,820.00000,834.97479,0.59857,0.48367,12.80732
10.04519,820.00000,834.97479,0.59859,0.48367,12.80707
10.04619,820.00000,838.09326,0.59860,0.48367,12.80682
10.04719,820.00000,834.97479,0.59861,0.48367,12.80657
10.04819,820.00000,834.97479,0.59862,0.48367,12.80633
10.04919,820.00000,834.97479,0.59863,0.48367,12.80609
10.05019,820.00000,834.19879,0.59864,0.48367,12.80585
10.05119,820.00000,834.19879,0.59865,0.48367,12.80562
10.05219,820.00000,830.34033,0.59866,0.48367,12.80540
10.05319,820.00000,834.19879,0.59867,0.48367,12.80518
10.05419,820.00000,834.19879,0.59868,0.48367,12.80497
10.05519,820.00000,832.65112,0.59869,0.48367,12.80476
10.05619,820.00000,832.65112,0.59870,0.48367,12.80455
10.05719,820.00000,832.65112,0.59871,0.48367,12.80435
10.05819,820.00000,832.65112,0.59872,0.48367,12.80416
10.05919,820.00000,832.65112,0.59873,0.48367,12.80397
10.06019,820.00000,834.97479,0.59874,0.48367,12.80378
10.06119,820.00000,834.97479,0.59875,0.48367,12.80360
10.06219,820.00000,834.97479,0.59876,0.48367,12.80342
10.06319,820.00000,834.97479,0.59876,0.48367,12.80325
10.06419,820.00000,835.75225,0.59877,0.48367,12.80308
10.06519,820.00000,835.75225,0.59878,0.48367,12.80292
10.06619,820.00000,837.31140,0.59879,0.48367,12.80277
10.06719,820.00000,835.75225,0.59879,0.48367,12.80262
10.06819,820.00000,837.31140,0.59880,0.48367,12.80248
10.06919,820.00000,835.75225,0.59881,0.48367,12.80234
10.07019,820.00000,835.75225,0.59881,0.48367,12.80220
10.07119,820.00000,829.57287,0.59882,0.48367,12.80208
10.07219,820.00000,834.19879,0.59883,0.48367,12.80195
10.07319,820.00000,829.57287,0.59883,0.48367,12.80184
10.07419,820.00000,834.19879,0.59884,0.48367,12.80172
10.07519,820.00000,834.19879,0.59884,0.48367,12.80162
10.07619,820.00000,834.19879,0.59885,0.48367,12.80151
10.07719,820.00000,834.19879,0.59885,0.48367,12.80141
10.07819,820.00000,834.19879,0.59885,0.48367,12.80132
10.07919,820.00000,834.19879,0.59886,0.48367,12.80123
10.08019,820.00000,834.19879,0.59886,0.48367,12.80115
10.08119,820.00000,834.19879,0.59887,0.48367,12.80108
10.08219,820.00000,834.97479,0.59887,0.48367,12.80102
10.08319,820.00000,834.97479,0.59887,0.48367,12.80096
10.08419,820.00000,834.97479,0.59887,0.48367,12.80091
10.08519,820.00000,834.97479,0.59888,0.48367,12.80086
10.08619,820.00000,833.42425,0.59888,0.48367,12.80082
10.08719,820.00000,833.42425,0.59888,0.48367,12.80079
10.08819,820.00000,833.42425,0.59888,0.48367,12.80076
10.08919,820.00000,834.97479,0.59888,0.48367,12.80074
10.09019,820.00000,833.42425,0.59888,0.48367,12.80073
10.09119,820.00000,834.19879,0.59888,0.48367,12.80072
10.09219,820.00000,834.97479,0.59888,0.48367,12.80072
10.09319,820.00000,834.19879,0.59888,0.48367,12.80073
10.09419,820.00000,834.97479,0.59888,0.48367,12.80074
10.09519,820.00000,834.97479,0.59888,0.48367,12.80076
10.09619,820.00000,834.97479,0.59888,0.48367,12.80079
10.09719,820.00000,834.97479,0.59888,0.48367,12.80082
10.09819,820.00000,834.97479,0.59888,0.48367,12.80085
10.09919,820.00000,834.19879,0.59888,0.48367,12.80089
10.10019,820.00000,834.19879,0.59887,0.48367,12.80093
10.10119,820.00000,836.53112,0.59887,0.48367,12.80097
10.10219,820.00000,836.53112,0.59887,0.48367,12.80102
10.10319,820.00000,836.53112,0.59887,0.48367,12.80107
10.10419,820.00000,836.53112,0.59886,0.48367,12.80112
10.10519,820.00000,836.53112,0.59886,0.48367,12.80118
10.10620,820.00000,836.53112,0.59886,0.48367,12.80124
10.10722,820.00000,836.53112,0.59886,0.48367,12.80131
10.10820,820.00000,836.53112,0.59885,0.48367,12.80138
10.10919,820.00000,836.53112,0.59885,0.48367,12.80145
10.11019,820.00000,836.53112,0.59884,0.48367,12.80153
10.11119,820.00000,836.53112,0.59884,0.48367,12.80162
10.11219,820.00000,836.53112,0.59884,0.48367,12.80171
10.11319,820.00000,838.87658,0.59883,0.48367,12.80181
10.11419,820.00000,838.87658,0.59883,0.48367,12.80191
10.11519,820.00000,838.87658,0.59882,0.48367,12.80202
10.11619,820.00000,836.53112,0.59882,0.48367,12.80213
10.11719,820.00000,836.53112,0.59881,0.48367,12.80225
10.11819,820.00000,836.53112,0.59881,0.48367,12.80237
10.11919,820.00000,832.65112,0.59880,0.48367,12.80250
10.12019,820.00000,832.65112,0.59879,0.48367,12.80263
10.12119,820.00000,831.10913,0.59879,0.48367,12.80277
10.12219,820.00000,832.65112,0.59878,0.48367,12.80291
10.12319,820.00000,832.65112,0.59877,0.48367,12.80305
10.12419,820.00000,831.10913,0.59877,0.48367,12.80321
10.12519,820.00000,832.65112,0.59876,0.48367,12.80336
10.12619,820.00000,832.65112,0.59875,0.48367,12.80352
10.12719,820.00000,832.65112,0.59874,0.48367,12.80368
10.12819,820.00000,833.42425,0.59874,0.48367,12.80385
10.12919,820.00000,833.42425,0.59873,0.48367,12.80403
10.13019,820.00000,837.31140,0.59872,0.48367,12.80421
10.13119,820.00000,838.87658,0.59871,0.48367,12.80439
10.13219,820.00000,838.87658,0.59870,0.48367,12.80458
10.13319,820.00000,837.31140,0.59869,0.48367,12.80477
10.13419,820.00000,837.31140,0.59868,0.48367,12.80496
10.13519,820.00000,837.31140,0.59868,0.48367,12.80517
10.13619,820.00000,837.31140,0.59867,0.48367,12.80537
10.13719,820.00000,837.31140,0.59866,0.48367,12.80558
10.13819,820.00000,835.75225,0.59865,0.48367,12.80580
10.13919,820.00000,835.75225,0.59864,0.48367,12.80601
10.14019,820.00000,835.75225,0.59863,0.48367,12.80623
10.14119,820.00000,835.75225,0.59861,0.48367,12.80646
10.14219,820.00000,835.75225,0.59860,0.48367,12.80669
10.14319,820.00000,832.65112,0.59859,0.48367,12.80692
10.14419,820.00000,830.34033,0.59858,0.48367,12.80716
10.14519,820.00000,832.65112,0.59857,0.48367,12.80740
10.14619,820.00000,830.34033,0.59856,0.48367,12.80764
10.14719,820.00000,830.34033,0.59855,0.48367,12.80789
10.14819,820.00000,830.34033,0.59854,0.48367,12.80815
10.14919,820.00000,836.53112,0.59852,0.48367,12.80840
10.15019,820.00000,836.53112,0.59851,0.48367,12.80866
10.15119,820.00000,830.34033,0.59850,0.48367,12.80892
10.15219,820.00000,830.34033,0.59849,0.48367,12.80919
10.15319,820.00000,831.87939,0.59847,0.48367,12.80946
10.15419,820.00000,831.87939,0.59846,0.48367,12.80973
10.15519,820.00000,837.31140,0.59845,0.48367,12.81001
10.15619,820.00000,837.31140,0.59844,0.48367,12.81029
10.15719,820.00000,837.31140,0.59842,0.48367,12.81057
10.15819,820.00000,835.75225,0.59841,0.48367,12.81086
10.15919,820.00000,835.75225,0.59840,0.48367,12.81114
10.16019,820.00000,835.75225,0.59838,0.48367,12.81143
10.16119,820.00000,835.75225,0.59837,0.48367,12.81173
10.16219,820.00000,835.75225,0.59835,0.48367,12.81203
10.16319,820.00000,835.75225,0.59834,0.48367,12.81233
10.16419,820.00000,835.75225,0.59833,0.48367,12.81263
10.16519,820.00000,835.75225,0.59831,0.48367,12.81294
10.16619,820.00000,835.75225,0.59830,0.48367,12.81325
10.16719,820.00000,835.75225,0.59828,0.48367,12.81356
10.16819,820.00000,837.31140,0.59827,0.48367,12.81388
10.16919,820.00000,837.31140,0.59825,0.48367,12.81420
10.17019,820.00000,837.31140,0.59824,0.48367,12.81452
10.17119,820.00000,837.31140,0.59822,0.48367,12.81484
10.17219,820.00000,837.31140,0.59821,0.48367,12.81516
10.17319,820.00000,837.31140,0.59819,0.48367,12.81549
10.17419,820.00000,838.87658,0.59818,0.48367,12.81582
10.17519,820.00000,838.87658,0.59816,0.48367,12.81615
10.17619,820.00000,837.31140,0.59815,0.48367,12.81649
10.17719,820.00000,837.31140,0.59813,0.48367,12.81682
10.17819,820.00000,836.53112,0.59811,0.48367,12.81716
10.17919,820.00000,836.53112,0.59810,0.48367,12.81751
10.18019,820.00000,832.65112,0.59808,0.48367,12.81785
10.18119,820.00000,832.65112,0.59807,0.48367,12.81820
10.18219,820.00000,832.65112,0.59805,0.48367,12.81855
10.18319,820.00000,830.34033,0.59803,0.48367,12.81890
10.18419,820.00000,830.34033,0.59802,0.48367,12.81925
10.18519,820.00000,830.34033,0.59800,0.48367,12.81961
10.18619,820.00000,830.34033,0.59798,0.48367,12.81997
10.18719,820.00000,831.10913,0.59797,0.48367,12.82033
10.18819,820.00000,831.87939,0.59795,0.48367,12.82069
10.18919,820.00000,834.19879,0.59793,0.48367,12.82105
10.19019,820.00000,831.87939,0.59792,0.48367,12.82142
10.19119,820.00000,834.19879,0.59790,0.48367,12.82179
10.19219,820.00000,834.19879,0.59788,0.48367,12.82216
10.19319,820.00000,834.19879,0.59786,0.48367,12.82253
10.19419,820.00000,832.65112,0.59785,0.48367,12.82291
10.19519,820.00000,831.87939,0.59783,0.48367,12.82328
10.19619,820.00000,831.87939,0.59781,0.48367,12.82366
10.19719,820.00000,831.87939,0.59779,0.48367,12.82404
10.19819,820.00000,832.65112,0.59778,0.48367,12.82443
10.19919,820.00000,835.75225,0.59776,0.48367,12.82481
10.20019,820.00000,832.65112,0.59774,0.48367,12.82519
10.20119,820.00000,835.75225,0.59772,0.48367,12.82558
10.20219,820.00000,837.31140,0.59770,0.48367,12.82597
10.20319,820.00000,832.65112,0.59769,0.48367,12.82636
10.20419,820.00000,837.31140,0.59767,0.48367,12.82675
10.20519,820.00000,837.31140,0.59765,0.48367,12.82715
10.20619,820.00000,837.31140,0.59763,0.48367,12.82754
10.20719,820.00000,839.66131,0.59761,0.48367,12.82794
10.20820,820.00000,837.31140,0.59759,0.48367,12.82834
10.20919,820.00000,837.31140,0.59757,0.48367,12.82874
10.21019,820.00000,837.31140,0.59756,0.48367,12.82914
10.21119,820.00000,837.31140,0.59754,0.48367,12.82955
10.21219,820.00000,837.31140,0.59752,0.48367,12.82995
10.21319,820.00000,837.31140,0.59750,0.48367,12.83035
10.21419,820.00000,837.31140,0.59748,0.48367,12.83075
10.21519,820.00000,831.10913,0.59746,0.48367,12.83115
10.21619,820.00000,832.65112,0.59744,0.48367,12.83155
10.21719,820.00000,837.31140,0.59743,0.48367,12.83195
10.21819,820.00000,837.31140,0.59741,0.48367,12.83235
10.21919,820.00000,832.65112,0.59739,0.48367,12.83275
10.22019,820.00000,832.65112,0.59737,0.48367,12.83315
10.22119,820.00000,832.65112,0.59735,0.48367,12.83355
10.22219,820.00000,832.65112,0.59733,0.48367,12.83395
10.22319,820.00000,832.65112,0.59731,0.48367,12.83434
10.22419,820.00000,832.65112,0.59730,0.48367,12.83474
10.22519,820.00000,834.19879,0.59728,0.48367,12.83514
10.22619,820.00000,834.97479,0.59726,0.48367,12.83553
10.22719,820.00000,834.97479,0.59724,0.48367,12.83592
10.22819,820.00000,834.19879,0.59722,0.48367,12.83632
10.22919,820.00000,832.65112,0.59720,0.48367,12.83671
10.23019,820.00000,832.65112,0.59719,0.48367,12.83710
10.23119,820.00000,831.10913,0.59717,0.48367,12.83748
10.23219,820.00000,832.65112,0.59715,0.48367,12.83786
10.23319,820.00000,832.65112,0.59713,0.48367,12.83824
10.23419,820.00000,832.65112,0.59711,0.48367,12.83862
10.23519,820.00000,831.10913,0.59710,0.48367,12.83900
10.23619,820.00000,831.10913,0.59708,0.48367,12.83937
10.23719,820.00000,832.65112,0.59706,0.48367,12.83974
10.23819,820.00000,832.65112,0.59705,0.48367,12.84011
10.23919,820.00000,832.65112,0.59703,0.48367,12.84048
10.24019,820.00000,831.10913,0.59701,0.48367,12.84084
10.24119,820.00000,829.57287,0.59699,0.48367,12.84120
10.24219,820.00000,831.10913,0.59698,0.48367,12.84156
10.24319,820.00000,831.10913,0.59696,0.48367,12.84192
10.24419,820.00000,831.10913,0.59695,0.48367,12.84227
10.24519,820.00000,831.10913,0.59693,0.48367,12.84262
10.24619,820.00000,831.10913,0.59691,0.48367,12.84297
10.24719,820.00000,831.10913,0.59690,0.48367,12.84332
10.24819,820.00000,831.10913,0.59688,0.48367,12.84366
10.24919,820.00000,831.10913,0.59686,0.48367,12.84400
10.25019,820.00000,831.10913,0.59685,0.48367,12.84434
10.25119,820.00000,837.31140,0.59683,0.48367,12.84467
10.25220,820.00000,838.09326,0.59682,0.48367,12.84501
10.25326,820.00000,838.09326,0.59680,0.48367,12.84534
10.25420,820.00000,838.09326,0.59679,0.48367,12.84567
10.25523,820.00000,837.31140,0.59677,0.48367,12.84599
10.25620,820.00000,838.09326,0.59676,0.48367,12.84632
10.25723,820.00000,838.09326,0.59674,0.48367,12.84664
10.25820,820.00000,834.97479,0.59673,0.48367,12.84696
10.25927,820.00000,834.97479,0.59671,0.48367,12.84728
10.26021,820.00000,834.97479,0.59670,0.48367,12.84759
10.26122,820.00000,837.31140,0.59668,0.48367,12.84790
10.26219,820.00000,834.97479,0.59667,0.48367,12.84821
10.26319,820.00000,834.97479,0.59665,0.48367,12.84852
10.26419,820.00000,834.97479,0.59664,0.48367,12.84883
10.26519,820.00000,834.97479,0.59663,0.48367,12.84913
10.26619,820.00000,834.97479,0.59661,0.48367,12.84943
10.26719,820.00000,834.97479,0.59660,0.48367,12.84973
10.26819,820.00000,832.65112,0.59658,0.48367,12.85003
10.26919,820.00000,837.31140,0.59657,0.48367,12.85032
10.27019,820.00000,837.31140,0.59656,0.48367,12.85062
10.27119,820.00000,833.42425,0.59654,0.48367,12.85091
10.27219,820.00000,832.65112,0.59653,0.48367,12.85120
10.27319,820.00000,832.65112,0.59652,0.48367,12.85148
10.27419,820.00000,832.65112,0.59650,0.48367,12.85176
10.27519,820.00000,828.80694,0.59649,0.48367,12.85205
10.27619,820.00000,833.42425,0.59648,0.48367,12.85233
10.27719,820.00000,832.65112,0.59647,0.48367,12.85260
10.27819,820.00000,832.65112,0.59645,0.48367,12.85288
10.27919,820.00000,832.65112,0.59644,0.48367,12.85315
10.28019,820.00000,832.65112,0.59643,0.48367,12.85342
10.28119,820.00000,832.65112,0.59641,0.48367,12.85369
10.28219,820.00000,832.65112,0.59640,0.48367,12.85396
10.28319,820.00000,834.19879,0.59639,0.48367,12.85423
10.28419,820.00000,834.19879,0.59638,0.48367,12.85449
10.28519,820.00000,834.19879,0.59637,0.48367,12.85475
10.28619,820.00000,834.19879,0.59635,0.48367,12.85501
10.28719,820.00000,832.65112,0.59634,0.48367,12.85526
10.28819,820.00000,831.87939,0.59633,0.48367,12.85552
10.28919,820.00000,831.87939,0.59632,0.48367,12.85577
10.29019,820.00000,831.87939,0.59631,0.48367,12.85602
10.29119,820.00000,834.19879,0.59630,0.48367,12.85627
10.29219,820.00000,831.87939,0.59628,0.48367,12.85652
10.29319,820.00000,831.10913,0.59627,0.48367,12.85676
10.29419,820.00000,831.87939,0.59626,0.48367,12.85700
10.29519,820.00000,831.87939,0.59625,0.48367,12.85724
10.29619,820.00000,831.87939,0.59624,0.48367,12.85748
10.29719,820.00000,831.87939,0.59623,0.48367,12.85772
10.29819,820.00000,831.87939,0.59622,0.48367,12.85795
10.29919,820.00000,831.87939,0.59621,0.48367,12.85818
10.30019,820.00000,831.87939,0.59620,0.48367,12.85841
10.30119,820.00000,831.87939,0.59619,0.48367,12.85864
10.30219,820.00000,831.87939,0.59618,0.48367,12.85886
10.30319,820.00000,833.42425,0.59616,0.48367,12.85908
10.30419,820.00000,833.42425,0.59615,0.48367,12.85931
10.30519,820.00000,833.42425,0.59614,0.48367,12.85953
10.30619,820.00000,833.42425,0.59613,0.48367,12.85974
10.30719,820.00000,833.42425,0.59612,0.48367,12.85996
10.30819,820.00000,833.42425,0.59611,0.48367,12.86018
10.30919,820.00000,833.42425,0.59610,0.48367,12.86040
10.31019,820.00000,833.42425,0.59609,0.48367,12.86061
10.31119,820.00000,833.42425,0.59608,0.48367,12.86083
10.31219,820.00000,833.42425,0.59607,0.48367,12.86104
10.31319,820.00000,833.42425,0.59606,0.48367,12.86125
10.31419,820.00000,833.42425,0.59605,0.48367,12.86147
10.31519,820.00000,833.42425,0.59604,0.48367,12.86168
10.31619,820.00000,833.42425,0.59603,0.48367,12.86189
10.31719,820.00000,838.09326,0.59603,0.48367,12.86209
10.31819,820.00000,838.09326,0.59602,0.48367,12.86230
10.31919,820.00000,836.53112,0.59601,0.48367,12.86251
10.32019,820.00000,832.65112,0.59600,0.48367,12.86271
10.32119,820.00000,836.53112,0.59599,0.48367,12.86291
10.32219,820.00000,836.53112,0.59598,0.48367,12.86312
10.32319,820.00000,832.65112,0.59597,0.48367,12.86331
10.32419,820.00000,833.42425,0.59596,0.48367,12.86351
10.32519,820.00000,832.65112,0.59595,0.48367,12.86370
10.32619,820.00000,833.42425,0.59594,0.48367,12.86390
10.32719,820.00000,833.42425,0.59593,0.48367,12.86409
10.32819,820.00000,832.65112,0.59592,0.48367,12.86427
10.32919,820.00000,832.65112,0.59592,0.48367,12.86446
10.33019,820.00000,832.65112,0.59591,0.48367,12.86464
10.33119,820.00000,829.57287,0.59590,0.48367,12.86483
10.33219,820.00000,828.04235,0.59589,0.48367,12.86501
10.33319,820.00000,829.57287,0.59588,0.48367,12.86519
10.33419,820.00000,829.57287,0.59587,0.48367,12.86536
10.33519,820.00000,831.87939,0.59587,0.48367,12.86554
10.33619,820.00000,831.87939,0.59586,0.48367,12.86571
10.33719,820.00000,829.57287,0.59585,0.48367,12.86588
10.33819,820.00000,829.57287,0.59584,0.48367,12.86605
10.33919,820.00000,829.57287,0.59583,0.48367,12.86622
10.34019,820.00000,831.87939,0.59583,0.48367,12.86638
10.34119,820.00000,831.87939,0.59582,0.48367,12.86654
10.34219,820.00000,831.87939,0.59581,0.48367,12.86671
10.34319,820.00000,831.87939,0.59580,0.48367,12.86686
10.34419,820.00000,831.87939,0.59580,0.48367,12.86702
10.34519,820.00000,831.87939,0.59579,0.48367,12.86718
10.34619,820.00000,831.10913,0.59578,0.48367,12.86733
10.34719,820.00000,831.87939,0.59578,0.48367,12.86748
10.34819,820.00000,831.87939,0.59577,0.48367,12.86763
10.34919,820.00000,834.19879,0.59576,0.48367,12.86778
10.35019,820.00000,834.19879,0.59576,0.48367,12.86792
10.35119,820.00000,831.87939,0.59575,0.48367,12.86806
10.35219,820.00000,831.87939,0.59574,0.48367,12.86819
10.35319,820.00000,831.87939,0.59574,0.48367,12.86832
10.35419,820.00000,831.87939,0.59573,0.48367,12.86845
10.35519,820.00000,831.87939,0.59573,0.48367,12.86857
10.35619,820.00000,831.87939,0.59572,0.48367,12.86869
10.35719,820.00000,831.87939,0.59571,0.48367,12.86881
10.35819,820.00000,830.34033,0.59571,0.48367,12.86893
10.35919,820.00000,834.19879,0.59570,0.48367,12.86904
10.36019,820.00000,833.42425,0.59570,0.48367,12.86915
10.36119,820.00000,833.42425,0.59569,0.48367,12.86925
10.36219,820.00000,833.42425,0.59569,0.48367,12.86935
10.36318,820.00000,830.34033,0.59568,0.48367,12.86945
10.36419,820.00000,830.34033,0.59568,0.48367,12.86954
10.36519,820.00000,830.34033,0.59568,0.48367,12.86964
10.36619,820.00000,830.34033,0.59567,0.48367,12.86972
10.36719,820.00000,828.04235,0.59567,0.48367,12.86981
10.36819,820.00000,830.34033,0.59566,0.48367,12.86989
10.36919,820.00000,828.04235,0.59566,0.48367,12.86997
10.37019,820.00000,828.04235,0.59566,0.48367,12.87005
10.37119,820.00000,827.27917,0.59565,0.48367,12.87012
10.37219,820.00000,828.04235,0.59565,0.48367,12.87019
10.37319,820.00000,827.27917,0.59565,0.48367,12.87026
10.37419,820.00000,827.27917,0.59564,0.48367,12.87033
10.37519,820.00000,829.57287,0.59564,0.48367,12.87039
10.37619,820.00000,829.57287,0.59564,0.48367,12.87045
10.37719,820.00000,829.57287,0.59564,0.48367,12.87051
10.37819,820.00000,829.57287,0.59563,0.48367,12.87056
10.37919,820.00000,828.80694,0.59563,0.48367,12.87061
10.38019,820.00000,829.57287,0.59563,0.48367,12.87066
10.38119,820.00000,828.80694,0.59563,0.48367,12.87070
10.38219,820.00000,829.57287,0.59562,0.48367,12.87075
10.38319,820.00000,828.80694,0.59562,0.48367,12.87078
10.38419,820.00000,831.10913,0.59562,0.48367,12.87082
10.38519,820.00000,831.10913,0.59562,0.48367,12.87085
10.38619,820.00000,831.10913,0.59562,0.48367,12.87088
10.38719,820.00000,829.57287,0.59562,0.48367,12.87091
10.38819,820.00000,831.10913,0.59562,0.48367,12.87094
10.38919,820.00000,831.87939,0.59561,0.48367,12.87096
10.39019,820.00000,831.87939,0.59561,0.48367,12.87098
10.39119,820.00000,831.10913,0.59561,0.48367,12.87100
10.39219,820.00000,831.10913,0.59561,0.48367,12.87101
10.39319,820.00000,831.10913,0.59561,0.48367,12.87102
10.39419,820.00000,831.10913,0.59561,0.48367,12.87103
10.39519,820.00000,829.57287,0.59561,0.48367,12.87103
10.39619,820.00000,829.57287,0.59561,0.48367,12.87104
10.39719,820.00000,834.19879,0.59561,0.48367,12.87104
10.39820,820.00000,834.19879,0.59561,0.48367,12.87103
10.39922,820.00000,831.87939,0.59561,0.48367,12.87102
10.40019,820.00000,830.34033,0.59561,0.48367,12.87102
10.40119,820.00000,830.34033,0.59561,0.48367,12.87100
10.40219,820.00000,831.87939,0.59561,0.48367,12.87099
10.40319,820.00000,831.87939,0.59561,0.48367,12.87097
10.40419,820.00000,831.87939,0.59562,0.48367,12.87095
10.40519,820.00000,831.87939,0.59562,0.48367,12.87092
10.40619,820.00000,831.87939,0.59562,0.48367,12.87090
10.40719,820.00000,831.87939,0.59562,0.48367,12.87087
10.40819,820.00000,831.87939,0.59562,0.48367,12.87085
10.40919,820.00000,832.65112,0.59562,0.48367,12.87082
10.41019,820.00000,832.65112,0.59562,0.48367,12.87079
10.41119,820.00000,832.65112,0.59562,0.48367,12.87077
10.41219,820.00000,834.19879,0.59562,0.48367,12.87074
10.41319,820.00000,832.65112,0.59563,0.48367,12.87071
10.41419,820.00000,830.34033,0.59563,0.48367,12.87068
10.41519,820.00000,830.34033,0.59563,0.48367,12.87065
10.41619,820.00000,830.34033,0.59563,0.48367,12.87062
10.41719,820.00000,834.19879,0.59563,0.48367,12.87059
10.41819,820.00000,833.42425,0.59563,0.48367,12.87056
10.41919,820.00000,828.80694,0.59563,0.48367,12.87053
10.42019,820.00000,828.80694,0.59564,0.48367,12.87050
10.42119,820.00000,828.80694,0.59564,0.48367,12.87047
10.42219,820.00000,833.42425,0.59564,0.48367,12.87045
10.42319,820.00000,828.80694,0.59564,0.48367,12.87042
10.42419,820.00000,833.42425,0.59564,0.48367,12.87039
10.42519,820.00000,834.97479,0.59564,0.48367,12.87036
10.42619,820.00000,837.31140,0.59564,0.48367,12.87033
10.42719,820.00000,834.97479,0.59565,0.48367,12.87029
10.42819,820.00000,837.31140,0.59565,0.48367,12.87026
10.42919,820.00000,837.31140,0.59565,0.48367,12.87023
10.43019,820.00000,837.31140,0.59565,0.48367,12.87020
10.43119,820.00000,834.97479,0.59565,0.48367,12.87017
10.43219,820.00000,834.97479,0.59565,0.48367,12.87014
10.43319,820.00000,833.42425,0.59565,0.48367,12.87010
10.43419,820.00000,833.42425,0.59566,0.48367,12.87007
10.43519,820.00000,832.65112,0.59566,0.48367,12.87004
10.43619,820.00000,831.10913,0.59566,0.48367,12.87001
10.43719,820.00000,831.10913,0.59566,0.48367,12.86997
10.43819,820.00000,831.87939,0.59566,0.48367,12.86994
10.43919,820.00000,831.10913,0.59566,0.48367,12.86991
10.44019,820.00000,831.10913,0.59566,0.48367,12.86987
10.44119,820.00000,829.57287,0.59567,0.48367,12.86984
10.44219,820.00000,831.10913,0.59567,0.48367,12.86981
10.44319,820.00000,831.87939,0.59567,0.48367,12.86977
10.44419,820.00000,831.87939,0.59567,0.48367,12.86974
10.44519,820.00000,831.10913,0.59567,0.48367,12.86971
10.44619,820.00000,831.87939,0.59567,0.48367,12.86967
10.44719,820.00000,831.87939,0.59568,0.48367,12.86964
10.44819,820.00000,831.87939,0.59568,0.48367,12.86960
10.44919,820.00000,830.34033,0.59568,0.48367,12.86957
10.45019,820.00000,831.87939,0.59568,0.48367,12.86953
10.45119,820.00000,836.53112,0.59568,0.48367,12.86950
10.45219,820.00000,836.53112,0.59568,0.48367,12.86946
10.45319,820.00000,834.19879,0.59569,0.48367,12.86943
10.45419,820.00000,831.87939,0.59569,0.48367,12.86939
10.45519,820.00000,834.19879,0.59569,0.48367,12.86936
10.45619,820.00000,831.87939,0.59569,0.48367,12.86932
10.45719,820.00000,834.19879,0.59569,0.48367,12.86929
10.45819,820.00000,834.19879,0.59569,0.48367,12.86925
10.45919,820.00000,834.19879,0.59570,0.48367,12.86921
10.46019,820.00000,834.19879,0.59570,0.48367,12.86918
10.46119,820.00000,834.19879,0.59570,0.48367,12.86914
10.46219,820.00000,828.04235,0.59570,0.48367,12.86911
10.46319,820.00000,828.04235,0.59570,0.48367,12.86907
10.46419,820.00000,827.27917,0.59570,0.48367,12.86903
10.46519,820.00000,828.04235,0.59571,0.48367,12.86899
10.46619,820.00000,827.27917,0.59571,0.48367,12.86896
10.46719,820.00000,828.04235,0.59571,0.48367,12.86892
10.46819,820.00000,828.04235,0.59571,0.48367,12.86888
10.46919,820.00000,828.04235,0.59571,0.48367,12.86884
10.47019,820.00000,828.04235,0.59571,0.48367,12.86881
10.47119,820.00000,833.42425,0.59572,0.48367,12.86877
10.47219,820.00000,827.27917,0.59572,0.48367,12.86873
10.47319,820.00000,833.42425,0.59572,0.48367,12.86869
10.47419,820.00000,834.19879,0.59572,0.48367,12.86865
10.47519,820.00000,834.19879,0.59572,0.48367,12.86860
10.47619,820.00000,833.42425,0.59573,0.48367,12.86856
10.47719,820.00000,833.42425,0.59573,0.48367,12.86851
10.47819,820.00000,833.42425,0.59573,0.48367,12.86846
10.47919,820.00000,829.57287,0.59573,0.48367,12.86841
10.48019,820.00000,831.87939,0.59574,0.48367,12.86835
10.48119,820.00000,829.57287,0.59574,0.48367,12.86830
10.48219,820.00000,829.57287,0.59574,0.48367,12.86824
10.48319,820.00000,829.57287,0.59574,0.48367,12.86818
10.48419,820.00000,829.57287,0.59575,0.48367,12.86812
10.48519,820.00000,829.57287,0.59575,0.48367,12.86806
10.48619,820.00000,829.57287,0.59575,0.48367,12.86800
10.48719,820.00000,830.34033,0.59575,0.48367,12.86793
10.48819,820.00000,830.34033,0.59576,0.48367,12.86786
10.48919,820.00000,829.57287,0.59576,0.48367,12.86780
10.49019,820.00000,830.34033,0.59576,0.48367,12.86773
10.49119,820.00000,830.34033,0.59577,0.48367,12.86765
10.49219,820.00000,830.34033,0.59577,0.48367,12.86758
10.49319,820.00000,831.10913,0.59577,0.48367,12.86750
10.49419,820.00000,830.34033,0.59578,0.48367,12.86742
10.49519,820.00000,831.10913,0.59578,0.48367,12.86734
10.49619,820.00000,831.10913,0.59579,0.48367,12.86725
10.49719,820.00000,831.10913,0.59579,0.48367,12.86716
10.49819,820.00000,831.10913,0.59580,0.48367,12.86706
10.49919,820.00000,831.10913,0.59580,0.48367,12.86696
10.50019,820.00000,831.87939,0.59580,0.48367,12.86686
10.50119,820.00000,834.19879,0.59581,0.48367,12.86676
10.50219,820.00000,834.19879,0.59581,0.48367,12.86665
10.50319,820.00000,834.19879,0.59582,0.48367,12.86654
10.50419,820.00000,831.87939,0.59582,0.48367,12.86642
10.50519,820.00000,831.87939,0.59583,0.48367,12.86631
10.50619,820.00000,831.10913,0.59584,0.48367,12.86619
10.50719,820.00000,831.10913,0.59584,0.48367,12.86607
10.50819,820.00000,830.34033,0.59585,0.48367,12.86594
10.50919,820.00000,830.34033,0.59585,0.48367,12.86581
10.51019,820.00000,830.34033,0.59586,0.48367,12.86568
10.51119,820.00000,830.34033,0.59587,0.48367,12.86555
10.51219,820.00000,829.57287,0.59587,0.48367,12.86541
10.51319,820.00000,829.57287,0.59588,0.48367,12.86527
10.51419,820.00000,829.57287,0.59588,0.48367,12.86513
10.51519,820.00000,829.57287,0.59589,0.48367,12.86498
10.51619,820.00000,829.57287,0.59590,0.48367,12.86484
10.51719,820.00000,829.57287,0.59591,0.48367,12.86468
10.51819,820.00000,830.34033,0.59591,0.48367,12.86453
10.51919,820.00000,830.34033,0.59592,0.48367,12.86438
10.52019,820.00000,830.34033,0.59593,0.48367,12.86422
10.52119,820.00000,830.34033,0.59593,0.48367,12.86406
10.52219,820.00000,830.34033,0.59594,0.48367,12.86389
10.52319,820.00000,830.34033,0.59595,0.48367,12.86373
10.52419,820.00000,830.34033,0.59596,0.48367,12.86356
10.52519,820.00000,830.34033,0.59597,0.48367,12.86339
10.52619,820.00000,830.34033,0.59597,0.48367,12.86321
10.52719,820.00000,830.34033,0.59598,0.48367,12.86304
10.52819,820.00000,830.34033,0.59599,0.48367,12.86286
10.52919,820.00000,831.10913,0.59600,0.48367,12.86268
10.53019,820.00000,830.34033,0.59601,0.48367,12.86250
10.53119,820.00000,831.10913,0.59601,0.48367,12.86232
10.53219,820.00000,832.65112,0.59602,0.48367,12.86214
10.53319,820.00000,832.65112,0.59603,0.48367,12.86196
10.53419,820.00000,834.97479,0.59604,0.48367,12.86177
10.53519,820.00000,834.97479,0.59605,0.48367,12.86159
10.53619,820.00000,834.19879,0.59606,0.48367,12.86141
10.53719,820.00000,834.19879,0.59607,0.48367,12.86122
10.53819,820.00000,834.19879,0.59607,0.48367,12.86104
10.53919,820.00000,832.65112,0.59608,0.48367,12.86085
10.54019,820.00000,834.19879,0.59609,0.48367,12.86067
10.54119,820.00000,834.97479,0.59610,0.48367,12.86048
10.54219,820.00000,834.19879,0.59611,0.48367,12.86030
10.54319,820.00000,831.10913,0.59612,0.48367,12.86011
10.54420,820.00000,832.65112,0.59613,0.48367,12.85992
10.54522,820.00000,831.10913,0.59613,0.48367,12.85974
10.54619,820.00000,831.10913,0.59614,0.48367,12.85955
10.54719,820.00000,831.10913,0.59615,0.48367,12.85936
10.54819,820.00000,831.10913,0.59616,0.48367,12.85918
10.54919,820.00000,831.10913,0.59617,0.48367,12.85899
10.55019,820.00000,831.10913,0.59618,0.48367,12.85880
10.55119,820.00000,830.34033,0.59619,0.48367,12.85861
10.55219,820.00000,830.34033,0.59620,0.48367,12.85842
10.55319,820.00000,829.57287,0.59620,0.48367,12.85823
10.55419,820.00000,830.34033,0.59621,0.48367,12.85804
10.55519,820.00000,829.57287,0.59622,0.48367,12.85786
10.55619,820.00000,829.57287,0.59623,0.48367,12.85767
10.55719,820.00000,827.27917,0.59624,0.48367,12.85748
10.55819,820.00000,830.34033,0.59625,0.48367,12.85729
10.55919,820.00000,827.27917,0.59626,0.48367,12.85710
10.56019,820.00000,830.34033,0.59627,0.48367,12.85691
10.56119,820.00000,830.34033,0.59627,0.48367,12.85671
10.56219,820.00000,830.34033,0.59628,0.48367,12.85652
10.56319,820.00000,830.34033,0.59629,0.48367,12.85633
10.56418,820.00000,830.34033,0.59630,0.48367,12.85615
10.56519,820.00000,827.27917,0.59631,0.48367,12.85596
10.56619,820.00000,830.34033,0.59632,0.48367,12.85577
10.56719,820.00000,834.19879,0.59633,0.48367,12.85557
10.56819,820.00000,834.19879,0.59634,0.48367,12.85538
10.56919,820.00000,834.19879,0.59635,0.48367,12.85519
10.57019,820.00000,834.19879,0.59635,0.48367,12.85500
10.57119,820.00000,834.19879,0.59636,0.48367,12.85481
10.57219,820.00000,832.65112,0.59637,0.48367,12.85462
10.57319,820.00000,832.65112,0.59638,0.48367,12.85443
10.57419,820.00000,832.65112,0.59639,0.48367,12.85424
10.57519,820.00000,832.65112,0.59640,0.48367,12.85404
10.57619,820.00000,829.57287,0.59641,0.48367,12.85385
10.57719,820.00000,829.57287,0.59642,0.48367,12.85366
10.57819,820.00000,826.51739,0.59643,0.48367,12.85347
10.57919,820.00000,826.51739,0.59643,0.48367,12.85328
10.58019,820.00000,826.51739,0.59644,0.48367,12.85309
10.58119,820.00000,826.51739,0.59645,0.48367,12.85289
10.58219,820.00000,826.51739,0.59646,0.48367,12.85270
10.58319,820.00000,825.75701,0.59647,0.48367,12.85251
10.58419,820.00000,826.51739,0.59648,0.48367,12.85232
10.58519,820.00000,827.27917,0.59649,0.48367,12.85213
10.58619,820.00000,829.57287,0.59650,0.48367,12.85194
10.58719,820.00000,829.57287,0.59651,0.48367,12.85175
10.58819,820.00000,834.19879,0.59651,0.48367,12.85156
10.58919,820.00000,829.57287,0.59652,0.48367,12.85136
10.59019,820.00000,829.57287,0.59653,0.48367,12.85117
10.59119,820.00000,829.57287,0.59654,0.48367,12.85098
10.59219,820.00000,829.57287,0.59655,0.48367,12.85079
10.59319,820.00000,829.57287,0.59656,0.48367,12.85060
10.59419,820.00000,831.10913,0.59657,0.48367,12.85041
10.59519,820.00000,831.10913,0.59658,0.48367,12.85022
10.59619,820.00000,831.87939,0.59659,0.48367,12.85003
10.59719,820.00000,837.31140,0.59659,0.48367,12.84983
10.59819,820.00000,837.31140,0.59660,0.48367,12.84964
10.59919,820.00000,831.87939,0.59661,0.48367,12.84945
10.60019,820.00000,831.87939,0.59662,0.48367,12.84925
10.60119,820.00000,831.87939,0.59663,0.48367,12.84905
10.60219,820.00000,831.87939,0.59664,0.48367,12.84885
10.60319,820.00000,831.87939,0.59665,0.48367,12.84865
10.60419,820.00000,831.87939,0.59666,0.48367,12.84845
10.60519,820.00000,831.87939,0.59667,0.48367,12.84824
10.60618,820.00000,830.34033,0.59668,0.48367,12.84803
10.60719,820.00000,830.34033,0.59669,0.48367,12.84782
10.60819,820.00000,830.34033,0.59670,0.48367,12.84761
10.60919,820.00000,830.34033,0.59671,0.48367,12.84740
10.61019,820.00000,830.34033,0.59672,0.48367,12.84718
10.61119,820.00000,830.34033,0.59673,0.48367,12.84697
10.61219,820.00000,829.57287,0.59674,0.48367,12.84675
10.61319,820.00000,831.10913,0.59675,0.48367,12.84653
10.61419,820.00000,831.10913,0.59676,0.48367,12.84630
10.61519,820.00000,831.10913,0.59677,0.48367,12.84608
10.61619,820.00000,833.42425,0.59678,0.48367,12.84585
10.61719,820.00000,833.42425,0.59679,0.48367,12.84562
10.61819,820.00000,833.42425,0.59680,0.48367,12.84539
10.61919,820.00000,833.42425,0.59681,0.48367,12.84516
10.62019,820.00000,833.42425,0.59682,0.48367,12.84493
10.62119,820.00000,833.42425,0.59683,0.48367,12.84470
10.62219,820.00000,833.42425,0.59684,0.48367,12.84446
10.62319,820.00000,833.42425,0.59685,0.48367,12.84423
10.62419,820.00000,833.42425,0.59687,0.48367,12.84399
10.62519,820.00000,831.10913,0.59688,0.48367,12.84376
10.62619,820.00000,831.10913,0.59689,0.48367,12.84352
10.62719,820.00000,831.10913,0.59690,0.48367,12.84328
10.62819,820.00000,833.42425,0.59691,0.48367,12.84304
10.62919,820.00000,831.10913,0.59692,0.48367,12.84279
10.63019,820.00000,830.34033,0.59693,0.48367,12.84255
10.63119,820.00000,831.10913,0.59694,0.48367,12.84231
10.63219,820.00000,831.10913,0.59696,0.48367,12.84206
10.63319,820.00000,831.10913,0.59697,0.48367,12.84181
10.63419,820.00000,830.34033,0.59698,0.48367,12.84156
10.63519,820.00000,833.42425,0.59699,0.48367,12.84131
10.63619,820.00000,833.42425,0.59700,0.48367,12.84105
10.63719,820.00000,833.42425,0.59701,0.48367,12.84079
10.63819,820.00000,833.42425,0.59703,0.48367,12.84053
10.63919,820.00000,833.42425,0.59704,0.48367,12.84027
10.64019,820.00000,833.42425,0.59705,0.48367,12.84000
10.64119,820.00000,833.42425,0.59706,0.48367,12.83973
10.64219,820.00000,829.57287,0.59708,0.48367,12.83946
10.64319,820.00000,829.57287,0.59709,0.48367,12.83918
10.64419,820.00000,834.19879,0.59710,0.48367,12.83890
10.64519,820.00000,832.65112,0.59711,0.48367,12.83862
10.64619,820.00000,832.65112,0.59713,0.48367,12.83834
10.64719,820.00000,834.19879,0.59714,0.48367,12.83805
10.64819,820.00000,835.75225,0.59715,0.48367,12.83776
10.64919,820.00000,832.65112,0.59717,0.48367,12.83747
10.65019,820.00000,832.65112,0.59718,0.48367,12.83717
10.65119,820.00000,833.42425,0.59720,0.48367,12.83688
10.65219,820.00000,833.42425,0.59721,0.48367,12.83658
10.65319,820.00000,833.42425,0.59722,0.48367,12.83628
10.65419,820.00000,833.42425,0.59724,0.48367,12.83598
10.65519,820.00000,832.65112,0.59725,0.48367,12.83567
10.65619,820.00000,833.42425,0.59727,0.48367,12.83536
10.65719,820.00000,833.42425,0.59728,0.48367,12.83505
10.65819,820.00000,833.42425,0.59730,0.48367,12.83474
10.65919,820.00000,833.42425,0.59731,0.48367,12.83443
10.66019,820.00000,833.42425,0.59732,0.48367,12.83411
10.66119,820.00000,828.80694,0.59734,0.48367,12.83380
10.66219,820.00000,828.80694,0.59735,0.48367,12.83348
10.66319,820.00000,828.80694,0.59737,0.48367,12.83316
10.66419,820.00000,828.80694,0.59738,0.48367,12.83284
10.66519,820.00000,828.80694,0.59740,0.48367,12.83251
10.66619,820.00000,828.80694,0.59741,0.48367,12.83219
10.66719,820.00000,828.80694,0.59743,0.48367,12.83186
10.66819,820.00000,828.80694,0.59744,0.48367,12.83153
10.66919,820.00000,828.80694,0.59746,0.48367,12.83120
10.67019,820.00000,834.19879,0.59748,0.48367,12.83087
10.67119,820.00000,834.19879,0.59749,0.48367,12.83054
10.67219,820.00000,834.19879,0.59751,0.48367,12.83020
10.67319,820.00000,836.53112,0.59752,0.48367,12.82987
10.67419,820.00000,836.53112,0.59754,0.48367,12.82953
10.67519,820.00000,837.31140,0.59755,0.48367,12.82919
10.67619,820.00000,838.87658,0.59757,0.48367,12.82885
10.67719,820.00000,838.87658,0.59759,0.48367,12.82851
10.67819,820.00000,837.31140,0.59760,0.48367,12.82817
10.67919,820.00000,836.53112,0.59762,0.48367,12.82782
10.68019,820.00000,836.53112,0.59763,0.48367,12.82748
10.68119,820.00000,829.57287,0.59765,0.48367,12.82713
10.68219,820.00000,829.57287,0.59767,0.48367,12.82678
10.68319,820.00000,828.80694,0.59768,0.48367,12.82643
10.68419,820.00000,829.57287,0.59770,0.48367,12.82608
10.68519,820.00000,828.80694,0.59772,0.48367,12.82573
10.68619,820.00000,828.80694,0.59773,0.48367,12.82537
10.68719,820.00000,828.80694,0.59775,0.48367,12.82502
10.68819,820.00000,829.57287,0.59776,0.48367,12.82466
10.68919,820.00000,829.57287,0.59778,0.48367,12.82430
10.69019,820.00000,830.34033,0.59780,0.48367,12.82394
10.69119,820.00000,830.34033,0.59782,0.48367,12.82358
10.69222,820.00000,830.34033,0.59783,0.48367,12.82322
10.69319,820.00000,831.87939,0.59785,0.48367,12.82286
10.69419,820.00000,831.87939,0.59787,0.48367,12.82249
10.69519,820.00000,830.34033,0.59788,0.48367,12.82212
10.69619,820.00000,831.87939,0.59790,0.48367,12.82176
10.69719,820.00000,831.87939,0.59792,0.48367,12.82139
10.69819,820.00000,830.34033,0.59793,0.48367,12.82102
10.69919,820.00000,830.34033,0.59795,0.48367,12.82065
10.70019,820.00000,830.34033,0.59797,0.48367,12.82027
10.70119,820.00000,831.87939,0.59799,0.48367,12.81990
10.70219,820.00000,828.04235,0.59800,0.48367,12.81953
10.70319,820.00000,828.04235,0.59802,0.48367,12.81916
10.70419,820.00000,828.04235,0.59804,0.48367,12.81878
10.70519,820.00000,828.04235,0.59806,0.48367,12.81841
10.70619,820.00000,831.10913,0.59807,0.48367,12.81803
10.70719,820.00000,831.10913,0.59809,0.48367,12.81765
10.70819,820.00000,828.04235,0.59811,0.48367,12.81727
10.70919,820.00000,831.10913,0.59813,0.48367,12.81690
10.71019,820.00000,831.10913,0.59814,0.48367,12.81652
10.71119,820.00000,831.10913,0.59816,0.48367,12.81614
10.71219,820.00000,834.19879,0.59818,0.48367,12.81576
10.71319,820.00000,834.97479,0.59820,0.48367,12.81538
10.71419,820.00000,834.97479,0.59822,0.48367,12.81500
10.71519,820.00000,844.40063,0.59823,0.48367,12.81462
10.71619,820.00000,844.40063,0.59825,0.48367,12.81424
10.71719,820.00000,844.40063,0.59827,0.48367,12.81385
10.71819,820.00000,834.19879,0.59829,0.48367,12.81347
10.71919,820.00000,834.19879,0.59830,0.48367,12.81309
10.72019,820.00000,832.65112,0.59832,0.48367,12.81270
10.72119,820.00000,834.19879,0.59834,0.48367,12.81232
10.72219,820.00000,834.19879,0.59836,0.48367,12.81193
10.72319,820.00000,832.65112,0.59838,0.48367,12.81154
10.72419,820.00000,832.65112,0.59840,0.48367,12.81116
10.72519,820.00000,832.65112,0.59841,0.48367,12.81078
10.72619,820.00000,832.65112,0.59843,0.48367,12.81039
10.72719,820.00000,837.31140,0.59845,0.48367,12.81001
10.72819,820.00000,837.31140,0.59847,0.48367,12.80964
10.72919,820.00000,837.31140,0.59848,0.48367,12.80926
10.73019,820.00000,837.31140,0.59850,0.48367,12.80888
10.73119,820.00000,838.09326,0.59852,0.48367,12.80851
10.73219,820.00000,837.31140,0.59854,0.48367,12.80814
10.73319,820.00000,829.57287,0.59855,0.48367,12.80776
10.73419,820.00000,837.31140,0.59857,0.48367,12.80739
10.73519,820.00000,837.31140,0.59859,0.48367,12.80703
10.73619,820.00000,837.31140,0.59861,0.48367,12.80666
10.73719,820.00000,837.31140,0.59862,0.48367,12.80629
10.73819,820.00000,828.80694,0.59864,0.48367,12.80593
10.73919,820.00000,837.31140,0.59866,0.48367,12.80557
10.74019,820.00000,837.31140,0.59867,0.48367,12.80521
10.74119,820.00000,831.87939,0.59869,0.48367,12.80485
10.74219,820.00000,831.87939,0.59871,0.48367,12.80449
10.74319,820.00000,837.31140,0.59872,0.48367,12.80413
10.74419,820.00000,837.31140,0.59874,0.48367,12.80377
10.74519,820.00000,837.31140,0.59876,0.48367,12.80342
10.74619,820.00000,831.87939,0.59877,0.48367,12.80307
10.74719,820.00000,829.57287,0.59879,0.48367,12.80271
10.74819,820.00000,831.87939,0.59881,0.48367,12.80236
10.74919,820.00000,831.87939,0.59882,0.48367,12.80201
10.75019,820.00000,831.87939,0.59884,0.48367,12.80167
10.75119,820.00000,831.87939,0.59885,0.48367,12.80132
10.75219,820.00000,835.75225,0.59887,0.48367,12.80098
10.75319,820.00000,828.04235,0.59889,0.48367,12.80063
10.75419,820.00000,835.75225,0.59890,0.48367,12.80029
10.75519,820.00000,835.75225,0.59892,0.48367,12.79995
10.75619,820.00000,835.75225,0.59893,0.48367,12.79961
10.75719,820.00000,835.75225,0.59895,0.48367,12.79928
10.75819,820.00000,835.75225,0.59897,0.48367,12.79894
10.75919,820.00000,836.53112,0.59898,0.48367,12.79861
10.76019,820.00000,836.53112,0.59900,0.48367,12.79827
10.76119,820.00000,836.53112,0.59901,0.48367,12.79794
10.76219,820.00000,836.53112,0.59903,0.48367,12.79761
10.76319,820.00000,832.65112,0.59904,0.48367,12.79729
10.76419,820.00000,833.42425,0.59906,0.48367,12.79697
10.76519,820.00000,832.65112,0.59907,0.48367,12.79665
10.76619,820.00000,832.65112,0.59909,0.48367,12.79633
10.76719,820.00000,832.65112,0.59910,0.48367,12.79602
10.76819,820.00000,832.65112,0.59912,0.48367,12.79571
10.76919,820.00000,832.65112,0.59913,0.48367,12.79540
10.77019,820.00000,832.65112,0.59915,0.48367,12.79510
10.77119,820.00000,832.65112,0.59916,0.48367,12.79480
10.77219,820.00000,832.65112,0.59917,0.48367,12.79451
10.77319,820.00000,832.65112,0.59919,0.48367,12.79422
10.77419,820.00000,832.65112,0.59920,0.48367,12.79393
10.77519,820.00000,832.65112,0.59921,0.48367,12.79364
10.77619,820.00000,832.65112,0.59923,0.48367,12.79336
10.77719,820.00000,832.65112,0.59924,0.48367,12.79308
10.77819,820.00000,832.65112,0.59925,0.48367,12.79280
10.77919,820.00000,832.65112,0.59927,0.48367,12.79253
10.78019,820.00000,832.65112,0.59928,0.48367,12.79226
10.78118,820.00000,832.65112,0.59929,0.48367,12.79199
10.78219,820.00000,834.97479,0.59930,0.48367,12.79173
10.78319,820.00000,834.97479,0.59932,0.48367,12.79147
10.78419,820.00000,832.65112,0.59933,0.48367,12.79121
10.78519,820.00000,834.97479,0.59934,0.48367,12.79096
10.78619,820.00000,834.97479,0.59935,0.48367,12.79071
10.78719,820.00000,835.75225,0.59936,0.48367,12.79046
10.78819,820.00000,832.65112,0.59938,0.48367,12.79020
10.78919,820.00000,835.75225,0.59939,0.48367,12.78996
10.79019,820.00000,835.75225,0.59940,0.48367,12.78971
10.79119,820.00000,835.75225,0.59941,0.48367,12.78946
10.79219,820.00000,835.75225,0.59942,0.48367,12.78922
10.79319,820.00000,835.75225,0.59943,0.48367,12.78897
10.79419,820.00000,835.75225,0.59944,0.48367,12.78873
10.79519,820.00000,834.19879,0.59946,0.48367,12.78849
10.79619,820.00000,834.19879,0.59947,0.48367,12.78824
10.79719,820.00000,834.19879,0.59948,0.48367,12.78800
10.79819,820.00000,834.19879,0.59949,0.48367,12.78776
10.79919,820.00000,834.19879,0.59950,0.48367,12.78752
10.80019,820.00000,832.65112,0.59951,0.48367,12.78729
10.80119,820.00000,832.65112,0.59952,0.48367,12.78705
10.80219,820.00000,832.65112,0.59953,0.48367,12.78682
10.80319,820.00000,832.65112,0.59955,0.48367,12.78658
10.80419,820.00000,832.65112,0.59956,0.48367,12.78634
10.80519,820.00000,832.65112,0.59957,0.48367,12.78611
10.80619,820.00000,831.87939,0.59958,0.48367,12.78588
10.80719,820.00000,831.87939,0.59959,0.48367,12.78565
10.80819,820.00000,830.34033,0.59960,0.48367,12.78542
10.80919,820.00000,830.34033,0.59961,0.48367,12.78519
10.81019,820.00000,830.34033,0.59962,0.48367,12.78497
10.81119,820.00000,830.34033,0.59963,0.48367,12.78474
10.81219,820.00000,830.34033,0.59964,0.48367,12.78451
10.81319,820.00000,830.34033,0.59965,0.48367,12.78429
10.81419,820.00000,830.34033,0.59966,0.48367,12.78407
10.81519,820.00000,830.34033,0.59967,0.48367,12.78384
10.81619,820.00000,829.57287,0.59968,0.48367,12.78362
10.81719,820.00000,830.34033,0.59969,0.48367,12.78340
10.81819,820.00000,830.34033,0.59970,0.48367,12.78318
10.81919,820.00000,830.34033,0.59971,0.48367,12.78296
10.82019,820.00000,831.10913,0.59973,0.48367,12.78275
10.82119,820.00000,830.34033,0.59974,0.48367,12.78253
10.82219,820.00000,831.10913,0.59975,0.48367,12.78231
10.82319,820.00000,830.34033,0.59976,0.48367,12.78209
10.82419,820.00000,828.80694,0.59977,0.48367,12.78187
10.82519,820.00000,828.80694,0.59978,0.48367,12.78165
10.82619,820.00000,828.80694,0.59979,0.48367,12.78143
10.82719,820.00000,828.80694,0.59980,0.48367,12.78121
10.82819,820.00000,828.80694,0.59981,0.48367,12.78099
10.82919,820.00000,834.97479,0.59982,0.48367,12.78078
10.83019,820.00000,834.97479,0.59983,0.48367,12.78056
10.83119,820.00000,834.97479,0.59984,0.48367,12.78035
10.83219,820.00000,834.97479,0.59985,0.48367,12.78014
10.83319,820.00000,833.42425,0.59986,0.48367,12.77993
10.83419,820.00000,833.42425,0.59987,0.48367,12.77972
10.83519,820.00000,834.97479,0.59988,0.48367,12.77951
10.83619,820.00000,833.42425,0.59989,0.48367,12.77930
10.83720,820.00000,833.42425,0.59990,0.48367,12.77909
10.83822,820.00000,829.57287,0.59991,0.48367,12.77888
10.83919,820.00000,829.57287,0.59992,0.48367,12.77867
10.84019,820.00000,829.57287,0.59993,0.48367,12.77847
10.84119,820.00000,833.42425,0.59994,0.48367,12.77826
10.84219,820.00000,830.34033,0.59995,0.48367,12.77805
10.84319,820.00000,830.34033,0.59995,0.48367,12.77785
10.84419,820.00000,830.34033,0.59996,0.48367,12.77764
10.84519,820.00000,841.23516,0.59997,0.48367,12.77744
10.84619,820.00000,841.23516,0.59998,0.48367,12.77724
10.84719,820.00000,841.23516,0.59999,0.48367,12.77704
10.84819,820.00000,841.23516,0.60000,0.48367,12.77684
10.84919,820.00000,842.81488,0.60001,0.48367,12.77664
10.85019,820.00000,841.23516,0.60002,0.48367,12.77644
10.85119,820.00000,833.42425,0.60003,0.48367,12.77624
10.85219,820.00000,833.42425,0.60004,0.48367,12.77605
10.85319,820.00000,833.42425,0.60005,0.48367,12.77586
10.85419,820.00000,833.42425,0.60006,0.48367,12.77567
10.85519,820.00000,831.10913,0.60007,0.48367,12.77548
10.85619,820.00000,831.10913,0.60008,0.48367,12.77529
10.85719,820.00000,829.57287,0.60008,0.48367,12.77510
10.85819,820.00000,831.10913,0.60009,0.48367,12.77491
10.85919,820.00000,833.42425,0.60010,0.48367,12.77472
10.86019,820.00000,831.10913,0.60011,0.48367,12.77454
10.86119,820.00000,831.10913,0.60012,0.48367,12.77436
10.86219,820.00000,833.42425,0.60013,0.48367,12.77417
10.86319,820.00000,833.42425,0.60014,0.48367,12.77399
10.86419,820.00000,833.42425,0.60014,0.48367,12.77381
10.86519,820.00000,833.42425,0.60015,0.48367,12.77363
10.86619,820.00000,833.42425,0.60016,0.48367,12.77345
10.86719,820.00000,833.42425,0.60017,0.48367,12.77327
10.86819,820.00000,833.42425,0.60018,0.48367,12.77309
10.86919,820.00000,833.42425,0.60019,0.48367,12.77292
10.87019,820.00000,832.65112,0.60019,0.48367,12.77274
10.87119,820.00000,832.65112,0.60020,0.48367,12.77257
10.87219,820.00000,832.65112,0.60021,0.48367,12.77240
10.87319,820.00000,832.65112,0.60022,0.48367,12.77223
10.87419,820.00000,833.42425,0.60023,0.48367,12.77206
10.87519,820.00000,833.42425,0.60023,0.48367,12.77190
10.87619,820.00000,834.97479,0.60024,0.48367,12.77173
10.87719,820.00000,834.97479,0.60025,0.48367,12.77158
10.87819,820.00000,840.44744,0.60026,0.48367,12.77142
10.87919,820.00000,844.40063,0.60026,0.48367,12.77127
10.88019,820.00000,844.40063,0.60027,0.48367,12.77112
10.88119,820.00000,844.40063,0.60028,0.48367,12.77097
10.88219,820.00000,844.40063,0.60028,0.48367,12.77083
10.88319,820.00000,842.02429,0.60029,0.48367,12.77069
10.88418,820.00000,842.02429,0.60030,0.48367,12.77055
10.88519,820.00000,840.44744,0.60030,0.48367,12.77042
10.88619,820.00000,840.44744,0.60031,0.48367,12.77029
10.88719,820.00000,840.44744,0.60032,0.48367,12.77016
10.88819,820.00000,842.02429,0.60032,0.48367,12.77004
10.88919,820.00000,840.44744,0.60033,0.48367,12.76992
10.89019,820.00000,835.75225,0.60033,0.48367,12.76981
10.89119,820.00000,835.75225,0.60034,0.48367,12.76970
10.89219,820.00000,832.65112,0.60034,0.48367,12.76959
10.89319,820.00000,832.65112,0.60035,0.48367,12.76949
10.89419,820.00000,831.10913,0.60035,0.48367,12.76940
10.89519,820.00000,832.65112,0.60036,0.48367,12.76930
10.89619,820.00000,832.65112,0.60036,0.48367,12.76922
10.89719,820.00000,831.10913,0.60036,0.48367,12.76913
10.89819,820.00000,835.75225,0.60037,0.48367,12.76905
10.89919,820.00000,834.19879,0.60037,0.48367,12.76897
10.90019,820.00000,834.19879,0.60038,0.48367,12.76889
10.90119,820.00000,832.65112,0.60038,0.48367,12.76882
10.90219,820.00000,834.19879,0.60038,0.48367,12.76875
10.90319,820.00000,834.19879,0.60039,0.48367,12.76868
10.90419,820.00000,834.19879,0.60039,0.48367,12.76861
10.90519,820.00000,834.19879,0.60039,0.48367,12.76854
10.90619,820.00000,834.19879,0.60039,0.48367,12.76848
10.90719,820.00000,834.19879,0.60040,0.48367,12.76842
10.90819,820.00000,834.19879,0.60040,0.48367,12.76837
10.90919,820.00000,832.65112,0.60040,0.48367,12.76831
10.91019,820.00000,832.65112,0.60041,0.48367,12.76826
10.91119,820.00000,834.19879,0.60041,0.48367,12.76821
10.91219,820.00000,834.19879,0.60041,0.48367,12.76816
10.91319,820.00000,831.10913,0.60041,0.48367,12.76811
10.91419,820.00000,834.19879,0.60041,0.48367,12.76807
10.91519,820.00000,831.10913,0.60042,0.48367,12.76803
10.91619,820.00000,831.10913,0.60042,0.48367,12.76799
10.91719,820.00000,832.65112,0.60042,0.48367,12.76795
10.91819,820.00000,831.87939,0.60042,0.48367,12.76792
10.91919,820.00000,832.65112,0.60042,0.48367,12.76788
10.92019,820.00000,835.75225,0.60042,0.48367,12.76785
10.92119,820.00000,835.75225,0.60043,0.48367,12.76782
10.92219,820.00000,835.75225,0.60043,0.48367,12.76780
10.92319,820.00000,837.31140,0.60043,0.48367,12.76777
10.92419,820.00000,837.31140,0.60043,0.48367,12.76775
10.92519,820.00000,835.75225,0.60043,0.48367,12.76773
10.92619,820.00000,835.75225,0.60043,0.48367,12.76772
10.92719,820.00000,837.31140,0.60043,0.48367,12.76770
10.92819,820.00000,835.75225,0.60043,0.48367,12.76769
10.92919,820.00000,835.75225,0.60043,0.48367,12.76769
10.93019,820.00000,832.65112,0.60043,0.48367,12.76769
10.93119,820.00000,832.65112,0.60043,0.48367,12.76769
10.93219,820.00000,832.65112,0.60043,0.48367,12.76770
10.93319,820.00000,832.65112,0.60043,0.48367,12.76771
10.93419,820.00000,832.65112,0.60043,0.48367,12.76772
10.93519,820.00000,835.75225,0.60043,0.48367,12.76774
10.93619,820.00000,835.75225,0.60043,0.48367,12.76776
10.93719,820.00000,832.65112,0.60043,0.48367,12.76778
10.93819,820.00000,832.65112,0.60043,0.48367,12.76780
10.93919,820.00000,832.65112,0.60043,0.48367,12.76783
10.94019,820.00000,835.75225,0.60042,0.48367,12.76786
10.94119,820.00000,835.75225,0.60042,0.48367,12.76790
10.94219,820.00000,835.75225,0.60042,0.48367,12.76794
10.94319,820.00000,837.31140,0.60042,0.48367,12.76798
10.94419,820.00000,837.31140,0.60042,0.48367,12.76803
10.94519,820.00000,836.53112,0.60041,0.48367,12.76808
10.94619,820.00000,836.53112,0.60041,0.48367,12.76813
10.94719,820.00000,836.53112,0.60041,0.48367,12.76818
10.94820,820.00000,838.87658,0.60041,0.48367,12.76824
10.94919,820.00000,838.87658,0.60040,0.48367,12.76830
10.95019,820.00000,836.53112,0.60040,0.48367,12.76836
10.95119,820.00000,842.81488,0.60040,0.48367,12.76843
10.95219,820.00000,842.81488,0.60039,0.48367,12.76850
10.95319,820.00000,838.87658,0.60039,0.48367,12.76858
10.95419,820.00000,838.87658,0.60039,0.48367,12.76866
10.95519,820.00000,838.87658,0.60038,0.48367,12.76874
10.95619,820.00000,838.87658,0.60038,0.48367,12.76883
10.95719,820.00000,836.53112,0.60037,0.48367,12.76893
10.95819,820.00000,838.87658,0.60037,0.48367,12.76903
10.95919,820.00000,836.53112,0.60036,0.48367,12.76913
10.96019,820.00000,836.53112,0.60036,0.48367,12.76924
10.96119,820.00000,836.53112,0.60035,0.48367,12.76935
10.96219,820.00000,836.53112,0.60035,0.48367,12.76947
10.96319,820.00000,836.53112,0.60034,0.48367,12.76959
10.96419,820.00000,834.19879,0.60034,0.48367,12.76972
10.96519,820.00000,834.19879,0.60033,0.48367,12.76985
10.96619,820.00000,834.19879,0.60032,0.48367,12.76999
10.96719,820.00000,836.53112,0.60032,0.48367,12.77014
10.96819,820.00000,834.19879,0.60031,0.48367,12.77029
10.96919,820.00000,831.10913,0.60030,0.48367,12.77045
10.97019,820.00000,831.10913,0.60029,0.48367,12.77061
10.97119,820.00000,838.87658,0.60029,0.48367,12.77078
10.97219,820.00000,838.87658,0.60028,0.48367,12.77096
10.97319,820.00000,831.10913,0.60027,0.48367,12.77114
10.97419,820.00000,831.10913,0.60026,0.48367,12.77132
10.97519,820.00000,830.34033,0.60025,0.48367,12.77151
10.97619,820.00000,831.10913,0.60024,0.48367,12.77171
10.97719,820.00000,831.10913,0.60023,0.48367,12.77191
10.97819,820.00000,831.10913,0.60022,0.48367,12.77212
10.97919,820.00000,831.10913,0.60021,0.48367,12.77234
10.98019,820.00000,831.10913,0.60020,0.48367,12.77256
10.98119,820.00000,831.10913,0.60019,0.48367,12.77278
10.98219,820.00000,831.10913,0.60018,0.48367,12.77302
10.98322,820.00000,831.10913,0.60017,0.48367,12.77325
10.98422,820.00000,833.42425,0.60016,0.48367,12.77350
10.98519,820.00000,831.10913,0.60015,0.48367,12.77374
10.98619,820.00000,833.42425,0.60014,0.48367,12.77400
10.98719,820.00000,833.42425,0.60012,0.48367,12.77425
10.98819,820.00000,833.42425,0.60011,0.48367,12.77451
10.98919,820.00000,836.53112,0.60010,0.48367,12.77478
10.99019,820.00000,836.53112,0.60009,0.48367,12.77505
10.99119,820.00000,834.97479,0.60007,0.48367,12.77533
10.99219,820.00000,834.97479,0.60006,0.48367,12.77561
10.99319,820.00000,834.97479,0.60005,0.48367,12.77590
10.99419,820.00000,834.97479,0.60003,0.48367,12.77619
10.99519,820.00000,834.97479,0.60002,0.48367,12.77650
10.99619,820.00000,834.97479,0.60000,0.48367,12.77680
10.99719,820.00000,834.19879,0.59999,0.48367,12.77712
10.99819,820.00000,834.97479,0.59997,0.48367,12.77744
10.99919,820.00000,834.97479,0.59996,0.48367,12.77777
11.00019,820.00000,834.19879,0.59994,0.48367,12.77810
11.00119,820.00000,834.19879,0.59993,0.48367,12.77844
11.00219,820.00000,834.19879,0.59991,0.48367,12.77878
11.00319,820.00000,834.97479,0.59989,0.48367,12.77913
11.00419,820.00000,834.19879,0.59988,0.48367,12.77948
11.00519,820.00000,833.42425,0.59986,0.48367,12.77985
11.00619,820.00000,833.42425,0.59984,0.48367,12.78021
11.00719,820.00000,833.42425,0.59983,0.48367,12.78058
11.00819,820.00000,833.42425,0.59981,0.48367,12.78096
11.00919,820.00000,831.87939,0.59979,0.48367,12.78134
11.01019,820.00000,831.87939,0.59977,0.48367,12.78173
11.01119,820.00000,831.87939,0.59975,0.48367,12.78212
11.01219,820.00000,833.42425,0.59974,0.48367,12.78252
11.01319,820.00000,833.42425,0.59972,0.48367,12.78292
11.01419,820.00000,831.10913,0.59970,0.48367,12.78333
11.01519,820.00000,831.10913,0.59968,0.48367,12.78375
11.01619,820.00000,833.42425,0.59966,0.48367,12.78417
11.01719,820.00000,833.42425,0.59964,0.48367,12.78459
11.01819,820.00000,833.42425,0.59962,0.48367,12.78502
11.01919,820.00000,833.42425,0.59960,0.48367,12.78546
11.02019,820.00000,833.42425,0.59958,0.48367,12.78590
11.02119,820.00000,833.42425,0.59956,0.48367,12.78635
11.02219,820.00000,833.42425,0.59953,0.48367,12.78680
11.02319,820.00000,831.87939,0.59951,0.48367,12.78726
11.02419,820.00000,830.34033,0.59949,0.48367,12.78772
11.02519,820.00000,831.10913,0.59947,0.48367,12.78818
11.02619,820.00000,831.87939,0.59945,0.48367,12.78865
11.02719,820.00000,831.10913,0.59943,0.48367,12.78911
11.02819,820.00000,831.87939,0.59940,0.48367,12.78958
11.02919,820.00000,831.87939,0.59938,0.48367,12.79006
11.03019,820.00000,831.87939,0.59936,0.48367,12.79053
11.03119,820.00000,831.87939,0.59934,0.48367,12.79100
11.03219,820.00000,831.87939,0.59932,0.48367,12.79148
11.03319,820.00000,836.53112,0.59929,0.48367,12.79196
11.03419,820.00000,836.53112,0.59927,0.48367,12.79244
11.03519,820.00000,837.31140,0.59925,0.48367,12.79293
11.03619,820.00000,837.31140,0.59923,0.48367,12.79341
11.03719,820.00000,836.53112,0.59920,0.48367,12.79390
11.03819,820.00000,836.53112,0.59918,0.48367,12.79439
11.03919,820.00000,835.75225,0.59916,0.48367,12.79488
11.04019,820.00000,833.42425,0.59913,0.48367,12.79537
11.04119,820.00000,833.42425,0.59911,0.48367,12.79587
11.04219,820.00000,833.42425,0.59909,0.48367,12.79637
11.04319,820.00000,833.42425,0.59906,0.48367,12.79687
11.04419,820.00000,832.65112,0.59904,0.48367,12.79737
11.04519,820.00000,833.42425,0.59902,0.48367,12.79787
11.04619,820.00000,832.65112,0.59899,0.48367,12.79838
11.04719,820.00000,832.65112,0.59897,0.48367,12.79889
11.04819,820.00000,832.65112,0.59895,0.48367,12.79939
11.04919,820.00000,830.34033,0.59892,0.48367,12.79990
11.05019,820.00000,830.34033,0.59890,0.48367,12.80040
11.05119,820.00000,830.34033,0.59887,0.48367,12.80090
11.05219,820.00000,831.10913,0.59885,0.48367,12.80141
11.05319,820.00000,830.34033,0.59883,0.48367,12.80191
11.05419,820.00000,830.34033,0.59880,0.48367,12.80241
11.05519,820.00000,831.10913,0.59878,0.48367,12.80292
11.05619,820.00000,829.57287,0.59876,0.48367,12.80342
11.05719,820.00000,831.10913,0.59873,0.48367,12.80392
11.05819,820.00000,828.80694,0.59871,0.48367,12.80442
11.05919,820.00000,831.10913,0.59869,0.48367,12.80492
11.06019,820.00000,831.10913,0.59866,0.48367,12.80542
11.06119,820.00000,828.80694,0.59864,0.48367,12.80592
11.06219,820.00000,828.80694,0.59862,0.48367,12.80641
11.06319,820.00000,828.80694,0.59859,0.48367,12.80691
11.06419,820.00000,828.80694,0.59857,0.48367,12.80740
11.06519,820.00000,831.87939,0.59855,0.48367,12.80789
11.06619,820.00000,831.87939,0.59852,0.48367,12.80838
11.06719,820.00000,836.53112,0.59850,0.48367,12.80887
11.06819,820.00000,836.53112,0.59848,0.48367,12.80935
11.06919,820.00000,831.87939,0.59846,0.48367,12.80983
11.07019,820.00000,836.53112,0.59843,0.48367,12.81031
11.07119,820.00000,831.87939,0.59841,0.48367,12.81078
11.07219,820.00000,834.19879,0.59839,0.48367,12.81126
11.07319,820.00000,834.19879,0.59837,0.48367,12.81173
11.07419,820.00000,831.87939,0.59835,0.48367,12.81220
11.07519,820.00000,831.87939,0.59832,0.48367,12.81266
11.07619,820.00000,831.87939,0.59830,0.48367,12.81313
11.07719,820.00000,831.87939,0.59828,0.48367,12.81359
11.07819,820.00000,831.87939,0.59826,0.48367,12.81405
11.07919,820.00000,831.87939,0.59824,0.48367,12.81451
11.08019,820.00000,831.87939,0.59822,0.48367,12.81497
11.08119,820.00000,831.87939,0.59820,0.48367,12.81542
11.08219,820.00000,832.65112,0.59817,0.48367,12.81587
11.08319,820.00000,832.65112,0.59815,0.48367,12.81632
11.08419,820.00000,832.65112,0.59813,0.48367,12.81677
11.08520,820.00000,834.19879,0.59811,0.48367,12.81722
11.08619,820.00000,832.65112,0.59809,0.48367,12.81766
11.08719,820.00000,834.19879,0.59807,0.48367,12.81810
11.08819,820.00000,834.19879,0.59805,0.48367,12.81854
11.08919,820.00000,834.19879,0.59803,0.48367,12.81898
11.09019,820.00000,834.19879,0.59801,0.48367,12.81941
11.09119,820.00000,834.19879,0.59799,0.48367,12.81985
11.09219,820.00000,834.19879,0.59797,0.48367,12.82028
11.09319,820.00000,831.10913,0.59795,0.48367,12.82071
11.09419,820.00000,831.10913,0.59793,0.48367,12.82114
11.09519,820.00000,834.19879,0.59791,0.48367,12.82156
11.09619,820.00000,828.80694,0.59789,0.48367,12.82199
11.09719,820.00000,828.80694,0.59787,0.48367,12.82241
11.09819,820.00000,828.80694,0.59785,0.48367,12.82282
11.09919,820.00000,828.80694,0.59783,0.48367,12.82323
11.10019,820.00000,828.80694,0.59781,0.48367,12.82364
11.10119,820.00000,828.80694,0.59779,0.48367,12.82405
11.10219,820.00000,837.31140,0.59777,0.48367,12.82445
11.10319,820.00000,837.31140,0.59776,0.48367,12.82484
11.10419,820.00000,829.57287,0.59774,0.48367,12.82523
11.10519,820.00000,829.57287,0.59772,0.48367,12.82562
11.10619,820.00000,828.80694,0.59770,0.48367,12.82600
11.10719,820.00000,829.57287,0.59768,0.48367,12.82638
11.10819,820.00000,841.23516,0.59767,0.48367,12.82676
11.10919,820.00000,829.57287,0.59765,0.48367,12.82713
11.11019,820.00000,834.19879,0.59763,0.48367,12.82750
11.11119,820.00000,832.65112,0.59762,0.48367,12.82786
11.11219,820.00000,832.65112,0.59760,0.48367,12.82822
11.11319,820.00000,832.65112,0.59758,0.48367,12.82858
11.11419,820.00000,832.65112,0.59757,0.48367,12.82893
11.11519,820.00000,832.65112,0.59755,0.48367,12.82928
11.11619,820.00000,834.19879,0.59753,0.48367,12.82962
11.11719,820.00000,833.42425,0.59752,0.48367,12.82996
11.11819,820.00000,833.42425,0.59750,0.48367,12.83030
11.11919,820.00000,832.65112,0.59749,0.48367,12.83063
11.12019,820.00000,833.42425,0.59747,0.48367,12.83096
11.12119,820.00000,833.42425,0.59746,0.48367,12.83129
11.12219,820.00000,833.42425,0.59744,0.48367,12.83161
11.12319,820.00000,833.42425,0.59743,0.48367,12.83193
11.12419,820.00000,830.34033,0.59741,0.48367,12.83225
11.12519,820.00000,833.42425,0.59740,0.48367,12.83256
11.12619,820.00000,833.42425,0.59738,0.48367,12.83287
11.12719,820.00000,833.42425,0.59737,0.48367,12.83317
11.12819,820.00000,830.34033,0.59735,0.48367,12.83347
11.12919,820.00000,830.34033,0.59734,0.48367,12.83377
11.13020,820.00000,828.80694,0.59733,0.48367,12.83406
11.13122,820.00000,828.04235,0.59731,0.48367,12.83435
11.13219,820.00000,828.04235,0.59730,0.48367,12.83464
11.13319,820.00000,828.80694,0.59729,0.48367,12.83492
11.13419,820.00000,828.80694,0.59727,0.48367,12.83520
11.13519,820.00000,828.80694,0.59726,0.48367,12.83548
11.13619,820.00000,828.04235,0.59725,0.48367,12.83575
11.13719,820.00000,828.80694,0.59724,0.48367,12.83602
11.13819,820.00000,828.80694,0.59722,0.48367,12.83629
11.13919,820.00000,832.65112,0.59721,0.48367,12.83655
11.14019,820.00000,834.19879,0.59720,0.48367,12.83680
11.14119,820.00000,836.53112,0.59719,0.48367,12.83705
11.14219,820.00000,836.53112,0.59718,0.48367,12.83730
11.14319,820.00000,834.19879,0.59717,0.48367,12.83754
11.14419,820.00000,834.19879,0.59715,0.48367,12.83777
11.14519,820.00000,834.19879,0.59714,0.48367,12.83800
11.14619,820.00000,834.19879,0.59713,0.48367,12.83822
11.14719,820.00000,836.53112,0.59712,0.48367,12.83844
11.14819,820.00000,836.53112,0.59711,0.48367,12.83866
11.14919,820.00000,834.19879,0.59710,0.48367,12.83887
11.15019,820.00000,831.87939,0.59709,0.48367,12.83907
11.15119,820.00000,829.57287,0.59708,0.48367,12.83927
11.15219,820.00000,829.57287,0.59708,0.48367,12.83947
11.15320,820.00000,829.57287,0.59707,0.48367,12.83966
11.15419,820.00000,829.57287,0.59706,0.48367,12.83984
11.15519,820.00000,831.10913,0.59705,0.48367,12.84002
11.15619,820.00000,831.10913,0.59704,0.48367,12.84020
11.15719,820.00000,831.10913,0.59703,0.48367,12.84037
11.15819,820.00000,831.10913,0.59703,0.48367,12.84054
11.15919,820.00000,832.65112,0.59702,0.48367,12.84070
11.16019,820.00000,832.65112,0.59701,0.48367,12.84086
11.16119,820.00000,832.65112,0.59700,0.48367,12.84102
11.16219,820.00000,832.65112,0.59700,0.48367,12.84117
11.16319,820.00000,832.65112,0.59699,0.48367,12.84131
11.16419,820.00000,832.65112,0.59698,0.48367,12.84145
11.16519,820.00000,834.19879,0.59698,0.48367,12.84159
11.16619,820.00000,832.65112,0.59697,0.48367,12.84172
11.16719,820.00000,834.19879,0.59696,0.48367,12.84185
11.16819,820.00000,834.19879,0.59696,0.48367,12.84198
11.16919,820.00000,827.27917,0.59695,0.48367,12.84210
11.17019,820.00000,827.27917,0.59695,0.48367,12.84221
11.17119,820.00000,826.51739,0.59694,0.48367,12.84232
11.17219,820.00000,834.19879,0.59694,0.48367,12.84243
11.17319,820.00000,827.27917,0.59693,0.48367,12.84253
11.17419,820.00000,827.27917,0.59693,0.48367,12.84263
11.17519,820.00000,834.19879,0.59692,0.48367,12.84272
11.17619,820.00000,827.27917,0.59692,0.48367,12.84281
11.17719,820.00000,830.34033,0.59692,0.48367,12.84290
11.17819,820.00000,830.34033,0.59691,0.48367,12.84298
11.17919,820.00000,830.34033,0.59691,0.48367,12.84306
11.18019,820.00000,834.19879,0.59691,0.48367,12.84313
11.18119,820.00000,830.34033,0.59690,0.48367,12.84321
11.18219,820.00000,834.19879,0.59690,0.48367,12.84327
11.18319,820.00000,830.34033,0.59690,0.48367,12.84334
11.18419,820.00000,834.97479,0.59689,0.48367,12.84340
11.18519,820.00000,834.97479,0.59689,0.48367,12.84345
11.18619,820.00000,834.97479,0.59689,0.48367,12.84350
11.18719,820.00000,834.97479,0.59689,0.48367,12.84355
11.18819,820.00000,834.97479,0.59688,0.48367,12.84359
11.18919,820.00000,834.97479,0.59688,0.48367,12.84363
11.19019,820.00000,836.53112,0.59688,0.48367,12.84367
11.19119,820.00000,834.97479,0.59688,0.48367,12.84371
11.19219,820.00000,834.97479,0.59688,0.48367,12.84374
11.19319,820.00000,834.19879,0.59688,0.48367,12.84376
11.19419,820.00000,834.19879,0.59687,0.48367,12.84379
11.19519,820.00000,834.19879,0.59687,0.48367,12.84381
11.19619,820.00000,830.34033,0.59687,0.48367,12.84382
11.19719,820.00000,834.19879,0.59687,0.48367,12.84383
11.19819,820.00000,834.19879,0.59687,0.48367,12.84385
11.19919,820.00000,834.19879,0.59687,0.48367,12.84385
11.20019,820.00000,834.19879,0.59687,0.48367,12.84386
11.20119,820.00000,830.34033,0.59687,0.48367,12.84386
11.20219,820.00000,829.57287,0.59687,0.48367,12.84386
11.20319,820.00000,829.57287,0.59687,0.48367,12.84385
11.20419,820.00000,829.57287,0.59687,0.48367,12.84385
11.20519,820.00000,830.34033,0.59687,0.48367,12.84384
11.20619,820.00000,829.57287,0.59687,0.48367,12.84383
11.20719,820.00000,832.65112,0.59687,0.48367,12.84381
11.20819,820.00000,832.65112,0.59687,0.48367,12.84379
11.20919,820.00000,832.65112,0.59688,0.48367,12.84377
11.21019,820.00000,832.65112,0.59688,0.48367,12.84375
11.21119,820.00000,832.65112,0.59688,0.48367,12.84372
11.21219,820.00000,832.65112,0.59688,0.48367,12.84369
11.21319,820.00000,832.65112,0.59688,0.48367,12.84365
11.21419,820.00000,832.65112,0.59688,0.48367,12.84362
11.21519,820.00000,829.57287,0.59688,0.48367,12.84358
11.21619,820.00000,829.57287,0.59689,0.48367,12.84353
11.21719,820.00000,829.57287,0.59689,0.48367,12.84349
11.21819,820.00000,829.57287,0.59689,0.48367,12.84344
11.21919,820.00000,829.57287,0.59689,0.48367,12.84339
11.22019,820.00000,829.57287,0.59690,0.48367,12.84333
11.22119,820.00000,829.57287,0.59690,0.48367,12.84327
11.22219,820.00000,830.34033,0.59690,0.48367,12.84321
11.22319,820.00000,832.65112,0.59690,0.48367,12.84315
11.22419,820.00000,832.65112,0.59691,0.48367,12.84309
11.22519,820.00000,832.65112,0.59691,0.48367,12.84302
11.22619,820.00000,832.65112,0.59691,0.48367,12.84295
11.22719,820.00000,832.65112,0.59692,0.48367,12.84287
11.22819,820.00000,832.65112,0.59692,0.48367,12.84280
11.22919,820.00000,832.65112,0.59692,0.48367,12.84272
11.23019,820.00000,834.19879,0.59693,0.48367,12.84265
11.23119,820.00000,832.65112,0.59693,0.48367,12.84257
11.23219,820.00000,831.10913,0.59693,0.48367,12.84250
11.23319,820.00000,831.10913,0.59694,0.48367,12.84242
11.23419,820.00000,830.34033,0.59694,0.48367,12.84234
11.23519,820.00000,831.10913,0.59695,0.48367,12.84226
11.23619,820.00000,831.10913,0.59695,0.48367,12.84218
11.23719,820.00000,831.87939,0.59695,0.48367,12.84210
11.23819,820.00000,831.87939,0.59696,0.48367,12.84202
11.23919,820.00000,828.80694,0.59696,0.48367,12.84194
11.24019,820.00000,828.80694,0.59696,0.48367,12.84186
11.24119,820.00000,828.80694,0.59697,0.48367,12.84177
11.24219,820.00000,831.87939,0.59697,0.48367,12.84169
11.24319,820.00000,831.87939,0.59698,0.48367,12.84161
11.24419,820.00000,828.80694,0.59698,0.48367,12.84152
11.24519,820.00000,831.87939,0.59698,0.48367,12.84144
11.24619,820.00000,828.80694,0.59699,0.48367,12.84135
11.24719,820.00000,828.80694,0.59699,0.48367,12.84127
11.24819,820.00000,828.80694,0.59700,0.48367,12.84118
11.24919,820.00000,828.80694,0.59700,0.48367,12.84109
11.25019,820.00000,831.87939,0.59700,0.48367,12.84101
11.25119,820.00000,831.87939,0.59701,0.48367,12.84092
11.25219,820.00000,831.87939,0.59701,0.48367,12.84083
11.25319,820.00000,831.87939,0.59702,0.48367,12.84074
11.25419,820.00000,831.87939,0.59702,0.48367,12.84066
11.25519,820.00000,832.65112,0.59702,0.48367,12.84057
11.25619,820.00000,832.65112,0.59703,0.48367,12.84048
11.25719,820.00000,835.75225,0.59703,0.48367,12.84039
11.25819,820.00000,835.75225,0.59704,0.48367,12.84030
11.25919,820.00000,833.42425,0.59704,0.48367,12.84021
11.26019,820.00000,833.42425,0.59705,0.48367,12.84012
11.26119,820.00000,832.65112,0.59705,0.48367,12.84003
11.26219,820.00000,830.34033,0.59705,0.48367,12.83994
11.26319,820.00000,830.34033,0.59706,0.48367,12.83984
11.26419,820.00000,833.42425,0.59706,0.48367,12.83975
11.26519,820.00000,830.34033,0.59707,0.48367,12.83966
11.26619,820.00000,830.34033,0.59707,0.48367,12.83957
11.26719,820.00000,830.34033,0.59708,0.48367,12.83948
11.26819,820.00000,830.34033,0.59708,0.48367,12.83938
11.26919,820.00000,830.34033,0.59708,0.48367,12.83929
11.27019,820.00000,830.34033,0.59709,0.48367,12.83920
11.27119,820.00000,830.34033,0.59709,0.48367,12.83910
11.27219,820.00000,830.34033,0.59710,0.48367,12.83901
11.27319,820.00000,830.34033,0.59710,0.48367,12.83892
11.27419,820.00000,830.34033,0.59711,0.48367,12.83882
11.27519,820.00000,830.34033,0.59711,0.48367,12.83873
11.27620,820.00000,830.34033,0.59711,0.48367,12.83863
11.27722,820.00000,828.80694,0.59712,0.48367,12.83854
11.27819,820.00000,828.80694,0.59712,0.48367,12.83844
11.27919,820.00000,831.10913,0.59713,0.48367,12.83834
11.28019,820.00000,831.10913,0.59713,0.48367,12.83824
11.28119,820.00000,833.42425,0.59714,0.48367,12.83814
11.28219,820.00000,833.42425,0.59714,0.48367,12.83803
11.28319,820.00000,833.42425,0.59715,0.48367,12.83792
11.28419,820.00000,833.42425,0.59715,0.48367,12.83781
11.28519,820.00000,833.42425,0.59716,0.48367,12.83769
11.28619,820.00000,831.87939,0.59716,0.48367,12.83758
11.28719,820.00000,833.42425,0.59717,0.48367,12.83746
11.28819,820.00000,833.42425,0.59717,0.48367,12.83734
11.28919,820.00000,831.87939,0.59718,0.48367,12.83722
11.29019,820.00000,831.87939,0.59719,0.48367,12.83709
11.29119,820.00000,831.87939,0.59719,0.48367,12.83697
11.29219,820.00000,830.34033,0.59720,0.48367,12.83684
11.29319,820.00000,830.34033,0.59720,0.48367,12.83671
11.29419,820.00000,831.87939,0.59721,0.48367,12.83658
11.29519,820.00000,831.87939,0.59722,0.48367,12.83645
11.29619,820.00000,831.87939,0.59722,0.48367,12.83631
11.29719,820.00000,830.34033,0.59723,0.48367,12.83618
11.29819,820.00000,830.34033,0.59724,0.48367,12.83604
11.29919,820.00000,830.34033,0.59724,0.48367,12.83590
11.30019,820.00000,830.34033,0.59725,0.48367,12.83576
11.30119,820.00000,830.34033,0.59725,0.48367,12.83561
11.30219,820.00000,830.34033,0.59726,0.48367,12.83547
11.30319,820.00000,830.34033,0.59727,0.48367,12.83532
11.30419,820.00000,830.34033,0.59728,0.48367,12.83517
11.30519,820.00000,830.34033,0.59728,0.48367,12.83502
11.30619,820.00000,830.34033,0.59729,0.48367,12.83487
11.30719,820.00000,830.34033,0.59730,0.48367,12.83471
11.30819,820.00000,830.34033,0.59730,0.48367,12.83456
11.30919,820.00000,830.34033,0.59731,0.48367,12.83440
11.31019,820.00000,828.80694,0.59732,0.48367,12.83424
11.31119,820.00000,830.34033,0.59733,0.48367,12.83408
11.31219,820.00000,830.34033,0.59733,0.48367,12.83392
11.31319,820.00000,837.31140,0.59734,0.48367,12.83376
11.31419,820.00000,837.31140,0.59735,0.48367,12.83359
11.31519,820.00000,837.31140,0.59736,0.48367,12.83343
11.31619,820.00000,837.31140,0.59736,0.48367,12.83326
11.31719,820.00000,837.31140,0.59737,0.48367,12.83309
11.31819,820.00000,837.31140,0.59738,0.48367,12.83292
11.31919,820.00000,837.31140,0.59739,0.48367,12.83275
11.32019,820.00000,837.31140,0.59740,0.48367,12.83258
11.32119,820.00000,835.75225,0.59740,0.48367,12.83240
11.32219,820.00000,835.75225,0.59741,0.48367,12.83223
11.32319,820.00000,831.10913,0.59742,0.48367,12.83205
11.32419,820.00000,829.57287,0.59743,0.48367,12.83187
11.32519,820.00000,831.10913,0.59744,0.48367,12.83169
11.32619,820.00000,831.10913,0.59745,0.48367,12.83151
11.32719,820.00000,829.57287,0.59745,0.48367,12.83133
11.32819,820.00000,828.04235,0.59746,0.48367,12.83114
11.32919,820.00000,827.27917,0.59747,0.48367,12.83096
11.33019,820.00000,828.04235,0.59748,0.48367,12.83077
11.33119,820.00000,831.10913,0.59749,0.48367,12.83059
11.33219,820.00000,828.04235,0.59750,0.48367,12.83040
11.33319,820.00000,828.04235,0.59751,0.48367,12.83021
11.33419,820.00000,831.87939,0.59752,0.48367,12.83002
11.33519,820.00000,828.04235,0.59752,0.48367,12.82983
11.33619,820.00000,828.04235,0.59753,0.48367,12.82963
11.33719,820.00000,828.04235,0.59754,0.48367,12.82944
11.33819,820.00000,828.80694,0.59755,0.48367,12.82924
11.33919,820.00000,832.65112,0.59756,0.48367,12.82905
11.34019,820.00000,832.65112,0.59757,0.48367,12.82886
11.34119,820.00000,831.10913,0.59758,0.48367,12.82867
11.34219,820.00000,831.10913,0.59759,0.48367,12.82848
11.34319,820.00000,831.10913,0.59760,0.48367,12.82829
11.34419,820.00000,831.10913,0.59760,0.48367,12.82810
11.34519,820.00000,829.57287,0.59761,0.48367,12.82791
11.34619,820.00000,831.10913,0.59762,0.48367,12.82772
11.34719,820.00000,831.10913,0.59763,0.48367,12.82754
11.34819,820.00000,831.10913,0.59764,0.48367,12.82735
11.34919,820.00000,831.10913,0.59765,0.48367,12.82717
11.35019,820.00000,831.10913,0.59766,0.48367,12.82699
11.35119,820.00000,829.57287,0.59766,0.48367,12.82681
11.35219,820.00000,831.10913,0.59767,0.48367,12.82663
11.35319,820.00000,831.10913,0.59768,0.48367,12.82645
11.35419,820.00000,834.97479,0.59769,0.48367,12.82627
11.35519,820.00000,834.97479,0.59770,0.48367,12.82609
11.35619,820.00000,834.97479,0.59771,0.48367,12.82591
11.35719,820.00000,834.97479,0.59771,0.48367,12.82573
11.35819,820.00000,831.10913,0.59772,0.48367,12.82556
11.35919,820.00000,831.10913,0.59773,0.48367,12.82538
11.36019,820.00000,831.10913,0.59774,0.48367,12.82521
11.36119,820.00000,831.10913,0.59775,0.48367,12.82504
11.36219,820.00000,831.10913,0.59776,0.48367,12.82487
11.36319,820.00000,828.04235,0.59776,0.48367,12.82469
11.36419,820.00000,828.04235,0.59777,0.48367,12.82453
11.36519,820.00000,828.04235,0.59778,0.48367,12.82436
11.36619,820.00000,828.04235,0.59779,0.48367,12.82420
11.36719,820.00000,828.80694,0.59779,0.48367,12.82404
11.36819,820.00000,828.80694,0.59780,0.48367,12.82388
11.36919,820.00000,834.97479,0.59781,0.48367,12.82373
11.37019,820.00000,828.80694,0.59782,0.48367,12.82358
11.37119,820.00000,838.87658,0.59782,0.48367,12.82343
11.37219,820.00000,838.87658,0.59783,0.48367,12.82328
11.37319,820.00000,838.87658,0.59784,0.48367,12.82314
11.37419,820.00000,838.87658,0.59784,0.48367,12.82299
11.37519,820.00000,838.87658,0.59785,0.48367,12.82286
11.37619,820.00000,838.87658,0.59786,0.48367,12.82272
11.37719,820.00000,833.42425,0.59786,0.48367,12.82259
11.37819,820.00000,833.42425,0.59787,0.48367,12.82245
11.37919,820.00000,831.87939,0.59787,0.48367,12.82232
11.38019,820.00000,828.80694,0.59788,0.48367,12.82220
11.38119,820.00000,831.87939,0.59789,0.48367,12.82207
11.38219,820.00000,828.80694,0.59789,0.48367,12.82195
11.38319,820.00000,831.10913,0.59790,0.48367,12.82184
11.38419,820.00000,831.10913,0.59790,0.48367,12.82172
11.38519,820.00000,831.10913,0.59791,0.48367,12.82161
11.38619,820.00000,831.10913,0.59791,0.48367,12.82149
11.38719,820.00000,831.10913,0.59792,0.48367,12.82139
11.38819,820.00000,830.34033,0.59792,0.48367,12.82128
11.38919,820.00000,830.34033,0.59793,0.48367,12.82117
11.39019,820.00000,830.34033,0.59793,0.48367,12.82107
11.39119,820.00000,831.10913,0.59794,0.48367,12.82097
11.39219,820.00000,831.10913,0.59794,0.48367,12.82088
11.39319,820.00000,831.10913,0.59795,0.48367,12.82078
11.39419,820.00000,830.34033,0.59795,0.48367,12.82069
11.39519,820.00000,830.34033,0.59795,0.48367,12.82060
11.39619,820.00000,832.65112,0.59796,0.48367,12.82051
11.39719,820.00000,832.65112,0.59796,0.48367,12.82043
11.39819,820.00000,834.97479,0.59797,0.48367,12.82034
11.39919,820.00000,835.75225,0.59797,0.48367,12.82026
11.40019,820.00000,838.09326,0.59797,0.48367,12.82018
11.40119,820.00000,835.75225,0.59798,0.48367,12.82011
11.40219,820.00000,838.09326,0.59798,0.48367,12.82003
11.40319,820.00000,838.09326,0.59798,0.48367,12.81996
11.40419,820.00000,838.09326,0.59799,0.48367,12.81989
11.40519,820.00000,838.09326,0.59799,0.48367,12.81982
11.40619,820.00000,838.09326,0.59799,0.48367,12.81976
11.40719,820.00000,838.09326,0.59800,0.48367,12.81970
11.40819,820.00000,838.09326,0.59800,0.48367,12.81964
11.40919,820.00000,836.53112,0.59800,0.48367,12.81958
11.41019,820.00000,833.42425,0.59800,0.48367,12.81952
11.41119,820.00000,833.42425,0.59801,0.48367,12.81947
11.41219,820.00000,833.42425,0.59801,0.48367,12.81942
11.41319,820.00000,833.42425,0.59801,0.48367,12.81937
11.41419,820.00000,831.10913,0.59801,0.48367,12.81932
11.41519,820.00000,831.10913,0.59802,0.48367,12.81928
11.41619,820.00000,831.10913,0.59802,0.48367,12.81924
11.41719,820.00000,831.10913,0.59802,0.48367,12.81920
11.41819,820.00000,830.34033,0.59802,0.48367,12.81916
11.41919,820.00000,830.34033,0.59802,0.48367,12.81912
11.42019,820.00000,830.34033,0.59802,0.48367,12.81909
11.42119,820.00000,830.34033,0.59803,0.48367,12.81906
11.42220,820.00000,828.04235,0.59803,0.48367,12.81903
11.42322,820.00000,830.34033,0.59803,0.48367,12.81900
11.42419,820.00000,830.34033,0.59803,0.48367,12.81897
11.42519,820.00000,827.27917,0.59803,0.48367,12.81895
11.42619,820.00000,827.27917,0.59803,0.48367,12.81892
11.42719,820.00000,830.34033,0.59803,0.48367,12.81890
11.42819,820.00000,834.97479,0.59803,0.48367,12.81888
11.42919,820.00000,834.97479,0.59804,0.48367,12.81887
11.43019,820.00000,834.97479,0.59804,0.48367,12.81885
11.43119,820.00000,834.97479,0.59804,0.48367,12.81884
11.43219,820.00000,834.97479,0.59804,0.48367,12.81882
11.43319,820.00000,834.97479,0.59804,0.48367,12.81881
11.43419,820.00000,834.97479,0.59804,0.48367,12.81880
11.43519,820.00000,828.80694,0.59804,0.48367,12.81879
11.43619,820.00000,828.80694,0.59804,0.48367,12.81878
11.43719,820.00000,828.80694,0.59804,0.48367,12.81877
11.43819,820.00000,828.80694,0.59804,0.48367,12.81876
11.43919,820.00000,828.80694,0.59804,0.48367,12.81876
11.44019,820.00000,828.80694,0.59804,0.48367,12.81875
11.44119,820.00000,829.57287,0.59804,0.48367,12.81874
11.44219,820.00000,828.80694,0.59804,0.48367,12.81874
11.44319,820.00000,829.57287,0.59804,0.48367,12.81873
11.44419,820.00000,829.57287,0.59804,0.48367,12.81872
11.44519,820.00000,829.57287,0.59804,0.48367,12.81872
11.44619,820.00000,829.57287,0.59804,0.48367,12.81871
11.44719,820.00000,832.65112,0.59804,0.48367,12.81870
11.44819,820.00000,830.34033,0.59804,0.48367,12.81870
11.44919,820.00000,832.65112,0.59804,0.48367,12.81869
11.45019,820.00000,832.65112,0.59804,0.48367,12.81868
11.45119,820.00000,832.65112,0.59804,0.48367,12.81868
11.45219,820.00000,832.65112,0.59804,0.48367,12.81867
11.45319,820.00000,832.65112,0.59804,0.48367,12.81866
11.45419,820.00000,831.10913,0.59804,0.48367,12.81866
11.45519,820.00000,831.10913,0.59805,0.48367,12.81865
11.45619,820.00000,832.65112,0.59805,0.48367,12.81864
11.45719,820.00000,831.87939,0.59805,0.48367,12.81864
11.45819,820.00000,831.87939,0.59805,0.48367,12.81863
11.45919,820.00000,832.65112,0.59805,0.48367,12.81862
11.46019,820.00000,831.87939,0.59805,0.48367,12.81861
11.46119,820.00000,831.10913,0.59805,0.48367,12.81860
11.46219,820.00000,831.10913,0.59805,0.48367,12.81858
11.46319,820.00000,831.10913,0.59805,0.48367,12.81857
11.46419,820.00000,831.10913,0.59805,0.48367,12.81856
11.46519,820.00000,831.10913,0.59805,0.48367,12.81854
11.46619,820.00000,831.10913,0.59805,0.48367,12.81853
11.46719,820.00000,831.10913,0.59805,0.48367,12.81852
11.46819,820.00000,831.10913,0.59805,0.48367,12.81851
11.46919,820.00000,830.34033,0.59805,0.48367,12.81849
11.47019,820.00000,831.10913,0.59805,0.48367,12.81848
11.47119,820.00000,831.10913,0.59805,0.48367,12.81847
11.47219,820.00000,831.87939,0.59805,0.48367,12.81846
11.47319,820.00000,831.87939,0.59805,0.48367,12.81844
11.47419,820.00000,831.87939,0.59806,0.48367,12.81843
11.47519,820.00000,831.87939,0.59806,0.48367,12.81842
11.47619,820.00000,831.87939,0.59806,0.48367,12.81840
11.47719,820.00000,831.87939,0.59806,0.48367,12.81839
11.47819,820.00000,831.87939,0.59806,0.48367,12.81838
11.47919,820.00000,833.42425,0.59806,0.48367,12.81836
11.48019,820.00000,834.19879,0.59806,0.48367,12.81834
11.48119,820.00000,833.42425,0.59806,0.48367,12.81833
11.48219,820.00000,833.42425,0.59806,0.48367,12.81831
11.48319,820.00000,833.42425,0.59806,0.48367,12.81830
11.48419,820.00000,833.42425,0.59806,0.48367,12.81828
11.48519,820.00000,833.42425,0.59806,0.48367,12.81826
11.48619,820.00000,831.10913,0.59806,0.48367,12.81825
11.48719,820.00000,833.42425,0.59806,0.48367,12.81823
11.48819,820.00000,833.42425,0.59807,0.48367,12.81822
11.48919,820.00000,829.57287,0.59807,0.48367,12.81820
11.49019,820.00000,829.57287,0.59807,0.48367,12.81819
11.49119,820.00000,828.04235,0.59807,0.48367,12.81817
11.49219,820.00000,829.57287,0.59807,0.48367,12.81815
11.49319,820.00000,829.57287,0.59807,0.48367,12.81813
11.49419,820.00000,830.34033,0.59807,0.48367,12.81811
11.49519,820.00000,830.34033,0.59807,0.48367,12.81809
11.49619,820.00000,835.75225,0.59807,0.48367,12.81807
11.49719,820.00000,830.34033,0.59807,0.48367,12.81806
11.49819,820.00000,830.34033,0.59807,0.48367,12.81804
11.49919,820.00000,830.34033,0.59807,0.48367,12.81802
11.50019,820.00000,835.75225,0.59808,0.48367,12.81800
11.50119,820.00000,830.34033,0.59808,0.48367,12.81798
11.50219,820.00000,835.75225,0.59808,0.48367,12.81796
11.50319,820.00000,831.87939,0.59808,0.48367,12.81794
11.50419,820.00000,831.87939,0.59808,0.48367,12.81791
11.50519,820.00000,828.80694,0.59808,0.48367,12.81789
11.50619,820.00000,828.80694,0.59808,0.48367,12.81786
11.50719,820.00000,828.80694,0.59808,0.48367,12.81784
11.50819,820.00000,828.80694,0.59808,0.48367,12.81781
11.50919,820.00000,831.87939,0.59809,0.48367,12.81778
11.51019,820.00000,831.87939,0.59809,0.48367,12.81774
11.51119,820.00000,831.87939,0.59809,0.48367,12.81771
11.51219,820.00000,831.87939,0.59809,0.48367,12.81767
11.51319,820.00000,830.34033,0.59809,0.48367,12.81763
11.51419,820.00000,830.34033,0.59809,0.48367,12.81758
11.51519,820.00000,830.34033,0.59810,0.48367,12.81754
11.51619,820.00000,830.34033,0.59810,0.48367,12.81750
11.51719,820.00000,830.34033,0.59810,0.48367,12.81745
11.51819,820.00000,830.34033,0.59810,0.48367,12.81740
11.51919,820.00000,830.34033,0.59811,0.48367,12.81735
11.52019,820.00000,830.34033,0.59811,0.48367,12.81729
11.52119,820.00000,830.34033,0.59811,0.48367,12.81724
11.52219,820.00000,830.34033,0.59811,0.48367,12.81718
11.52319,820.00000,827.27917,0.59812,0.48367,12.81712
11.52419,820.00000,827.27917,0.59812,0.48367,12.81705
11.52519,820.00000,827.27917,0.59812,0.48367,12.81698
11.52619,820.00000,827.27917,0.59813,0.48367,12.81691
11.52719,820.00000,827.27917,0.59813,0.48367,12.81684
11.52819,820.00000,827.27917,0.59813,0.48367,12.81676
11.52919,820.00000,827.27917,0.59814,0.48367,12.81668
11.53019,820.00000,831.10913,0.59814,0.48367,12.81660
11.53119,820.00000,831.10913,0.59815,0.48367,12.81651
11.53219,820.00000,827.27917,0.59815,0.48367,12.81642
11.53319,820.00000,828.80694,0.59815,0.48367,12.81633
11.53419,820.00000,831.87939,0.59816,0.48367,12.81623
11.53519,820.00000,833.42425,0.59816,0.48367,12.81613
11.53619,820.00000,831.87939,0.59817,0.48367,12.81602
11.53719,820.00000,831.87939,0.59817,0.48367,12.81592
11.53819,820.00000,833.42425,0.59818,0.48367,12.81581
11.53919,820.00000,833.42425,0.59818,0.48367,12.81569
11.54019,820.00000,831.87939,0.59819,0.48367,12.81557
11.54119,820.00000,833.42425,0.59819,0.48367,12.81545
11.54219,820.00000,833.42425,0.59820,0.48367,12.81533
11.54319,820.00000,833.42425,0.59821,0.48367,12.81520
11.54419,820.00000,835.75225,0.59821,0.48367,12.81507
11.54519,820.00000,843.60705,0.59822,0.48367,12.81494
11.54619,820.00000,843.60705,0.59822,0.48367,12.81481
11.54719,820.00000,843.60705,0.59823,0.48367,12.81467
11.54819,820.00000,845.19567,0.59824,0.48367,12.81453
11.54919,820.00000,843.60705,0.59824,0.48367,12.81439
11.55019,820.00000,843.60705,0.59825,0.48367,12.81424
11.55119,820.00000,838.09326,0.59826,0.48367,12.81409
11.55219,820.00000,838.09326,0.59826,0.48367,12.81394
11.55319,820.00000,833.42425,0.59827,0.48367,12.81379
11.55419,820.00000,833.42425,0.59828,0.48367,12.81363
11.55519,820.00000,831.87939,0.59829,0.48367,12.81347
11.55619,820.00000,831.87939,0.59829,0.48367,12.81330
11.55719,820.00000,831.87939,0.59830,0.48367,12.81313
11.55819,820.00000,831.87939,0.59831,0.48367,12.81295
11.55919,820.00000,831.87939,0.59832,0.48367,12.81277
11.56019,820.00000,831.87939,0.59833,0.48367,12.81259
11.56119,820.00000,831.87939,0.59834,0.48367,12.81240
11.56219,820.00000,833.42425,0.59835,0.48367,12.81220
11.56319,820.00000,831.87939,0.59836,0.48367,12.81200
11.56419,820.00000,829.57287,0.59837,0.48367,12.81180
11.56519,820.00000,829.57287,0.59837,0.48367,12.81159
11.56619,820.00000,829.57287,0.59838,0.48367,12.81138
11.56719,820.00000,834.97479,0.59839,0.48367,12.81117
11.56820,820.00000,834.97479,0.59840,0.48367,12.81095
11.56922,820.00000,829.57287,0.59842,0.48367,12.81073
11.57019,820.00000,831.10913,0.59843,0.48367,12.81050
11.57119,820.00000,831.10913,0.59844,0.48367,12.81027
11.57219,820.00000,831.10913,0.59845,0.48367,12.81004
11.57319,820.00000,834.97479,0.59846,0.48367,12.80980
11.57419,820.00000,834.97479,0.59847,0.48367,12.80956
11.57519,820.00000,834.97479,0.59848,0.48367,12.80932
11.57619,820.00000,834.97479,0.59849,0.48367,12.80908
11.57719,820.00000,833.42425,0.59850,0.48367,12.80884
11.57819,820.00000,832.65112,0.59851,0.48367,12.80860
11.57919,820.00000,833.42425,0.59853,0.48367,12.80835
11.58019,820.00000,833.42425,0.59854,0.48367,12.80810
11.58119,820.00000,833.42425,0.59855,0.48367,12.80786
11.58219,820.00000,833.42425,0.59856,0.48367,12.80760
11.58319,820.00000,832.65112,0.59857,0.48367,12.80735
11.58419,820.00000,832.65112,0.59858,0.48367,12.80710
11.58519,820.00000,832.65112,0.59860,0.48367,12.80685
11.58619,820.00000,832.65112,0.59861,0.48367,12.80659
11.58719,820.00000,832.65112,0.59862,0.48367,12.80633
11.58819,820.00000,831.87939,0.59863,0.48367,12.80607
11.58919,820.00000,832.65112,0.59864,0.48367,12.80581
11.59019,820.00000,831.87939,0.59866,0.48367,12.80555
11.59119,820.00000,832.65112,0.59867,0.48367,12.80529
11.59219,820.00000,836.53112,0.59868,0.48367,12.80502
11.59319,820.00000,836.53112,0.59869,0.48367,12.80476
11.59419,820.00000,836.53112,0.59871,0.48367,12.80449
11.59519,820.00000,836.53112,0.59872,0.48367,12.80423
11.59619,820.00000,833.42425,0.59873,0.48367,12.80396
11.59719,820.00000,828.04235,0.59874,0.48367,12.80369
11.59819,820.00000,828.04235,0.59876,0.48367,12.80342
11.59919,820.00000,833.42425,0.59877,0.48367,12.80315
11.60019,820.00000,833.42425,0.59878,0.48367,12.80287
11.60119,820.00000,833.42425,0.59879,0.48367,12.80260
11.60219,820.00000,830.34033,0.59881,0.48367,12.80233
11.60319,820.00000,830.34033,0.59882,0.48367,12.80205
11.60418,820.00000,830.34033,0.59883,0.48367,12.80178
11.60519,820.00000,831.10913,0.59885,0.48367,12.80150
11.60619,820.00000,831.10913,0.59886,0.48367,12.80122
11.60719,820.00000,831.10913,0.59887,0.48367,12.80094
11.60819,820.00000,832.65112,0.59889,0.48367,12.80066
11.60919,820.00000,833.42425,0.59890,0.48367,12.80038
11.61019,820.00000,832.65112,0.59891,0.48367,12.80010
11.61119,820.00000,831.10913,0.59892,0.48367,12.79983
11.61219,820.00000,831.10913,0.59894,0.48367,12.79955
11.61319,820.00000,832.65112,0.59895,0.48367,12.79928
11.61419,820.00000,832.65112,0.59896,0.48367,12.79900
11.61519,820.00000,833.42425,0.59898,0.48367,12.79873
11.61619,820.00000,834.19879,0.59899,0.48367,12.79846
11.61719,820.00000,833.42425,0.59900,0.48367,12.79818
11.61819,820.00000,828.80694,0.59901,0.48367,12.79791
11.61919,820.00000,828.80694,0.59903,0.48367,12.79763
11.62019,820.00000,828.80694,0.59904,0.48367,12.79736
11.62119,820.00000,834.19879,0.59905,0.48367,12.79708
11.62219,820.00000,834.19879,0.59907,0.48367,12.79680
11.62319,820.00000,834.19879,0.59908,0.48367,12.79652
11.62419,820.00000,834.19879,0.59909,0.48367,12.79625
11.62519,820.00000,834.97479,0.59911,0.48367,12.79596
11.62619,820.00000,834.19879,0.59912,0.48367,12.79568
11.62719,820.00000,830.34033,0.59913,0.48367,12.79540
11.62819,820.00000,834.97479,0.59915,0.48367,12.79512
11.62920,820.00000,834.97479,0.59916,0.48367,12.79483
11.63019,820.00000,834.97479,0.59917,0.48367,12.79455
11.63119,820.00000,830.34033,0.59919,0.48367,12.79426
11.63219,820.00000,830.34033,0.59920,0.48367,12.79397
11.63319,820.00000,832.65112,0.59921,0.48367,12.79369
11.63419,820.00000,832.65112,0.59923,0.48367,12.79340
11.63519,820.00000,832.65112,0.59924,0.48367,12.79311
11.63619,820.00000,830.34033,0.59925,0.48367,12.79282
11.63719,820.00000,831.87939,0.59927,0.48367,12.79253
11.63819,820.00000,831.87939,0.59928,0.48367,12.79224
11.63919,820.00000,830.34033,0.59929,0.48367,12.79195
11.64019,820.00000,830.34033,0.59931,0.48367,12.79165
11.64119,820.00000,830.34033,0.59932,0.48367,12.79135
11.64219,820.00000,831.87939,0.59934,0.48367,12.79105
11.64319,820.00000,831.87939,0.59935,0.48367,12.79075
11.64419,820.00000,831.87939,0.59936,0.48367,12.79044
11.64519,820.00000,831.87939,0.59938,0.48367,12.79014
11.64619,820.00000,831.87939,0.59939,0.48367,12.78982
11.64719,820.00000,829.57287,0.59941,0.48367,12.78951
11.64819,820.00000,829.57287,0.59942,0.48367,12.78919
11.64919,820.00000,834.19879,0.59944,0.48367,12.78888
11.65019,820.00000,834.19879,0.59945,0.48367,12.78856
11.65119,820.00000,835.75225,0.59947,0.48367,12.78823
11.65219,820.00000,834.19879,0.59948,0.48367,12.78791
11.65319,820.00000,834.19879,0.59950,0.48367,12.78758
11.65419,820.00000,835.75225,0.59951,0.48367,12.78725
11.65519,820.00000,834.19879,0.59953,0.48367,12.78692
11.65619,820.00000,835.75225,0.59955,0.48367,12.78658
11.65719,820.00000,835.75225,0.59956,0.48367,12.78624
11.65819,820.00000,835.75225,0.59958,0.48367,12.78590
11.65919,820.00000,835.75225,0.59959,0.48367,12.78556
11.66019,820.00000,835.75225,0.59961,0.48367,12.78522
11.66119,820.00000,834.97479,0.59963,0.48367,12.78488
11.66219,820.00000,834.97479,0.59964,0.48367,12.78453
11.66319,820.00000,834.97479,0.59966,0.48367,12.78418
11.66419,820.00000,833.42425,0.59967,0.48367,12.78384
11.66519,820.00000,833.42425,0.59969,0.48367,12.78348
11.66619,820.00000,834.97479,0.59971,0.48367,12.78313
11.66719,820.00000,833.42425,0.59972,0.48367,12.78278
11.66819,820.00000,833.42425,0.59974,0.48367,12.78242
11.66919,820.00000,833.42425,0.59976,0.48367,12.78207
11.67019,820.00000,833.42425,0.59977,0.48367,12.78171
11.67119,820.00000,833.42425,0.59979,0.48367,12.78135
11.67219,820.00000,833.42425,0.59981,0.48367,12.78099
11.67319,820.00000,834.97479,0.59982,0.48367,12.78062
11.67419,820.00000,834.97479,0.59984,0.48367,12.78026
11.67519,820.00000,834.97479,0.59986,0.48367,12.77989
11.67619,820.00000,834.97479,0.59988,0.48367,12.77951
11.67719,820.00000,833.42425,0.59989,0.48367,12.77914
11.67819,820.00000,834.97479,0.59991,0.48367,12.77876
11.67919,820.00000,834.97479,0.59993,0.48367,12.77837
11.68019,820.00000,834.97479,0.59995,0.48367,12.77799
11.68119,820.00000,831.87939,0.59997,0.48367,12.77760
11.68219,820.00000,831.87939,0.59999,0.48367,12.77721
11.68319,820.00000,831.87939,0.60000,0.48367,12.77681
11.68419,820.00000,831.87939,0.60002,0.48367,12.77641
11.68519,820.00000,831.10913,0.60004,0.48367,12.77601
11.68619,820.00000,831.10913,0.60006,0.48367,12.77561
11.68719,820.00000,831.10913,0.60008,0.48367,12.77521
11.68819,820.00000,830.34033,0.60010,0.48367,12.77480
11.68919,820.00000,830.34033,0.60012,0.48367,12.77439
11.69019,820.00000,830.34033,0.60014,0.48367,12.77397
11.69119,820.00000,829.57287,0.60016,0.48367,12.77355
11.69219,820.00000,831.10913,0.60018,0.48367,12.77313
11.69319,820.00000,829.57287,0.60020,0.48367,12.77271
11.69419,820.00000,829.57287,0.60022,0.48367,12.77228
11.69519,820.00000,829.57287,0.60024,0.48367,12.77186
11.69619,820.00000,829.57287,0.60026,0.48367,12.77142
11.69719,820.00000,829.57287,0.60028,0.48367,12.77099
11.69819,820.00000,834.97479,0.60030,0.48367,12.77055
11.69919,820.00000,834.97479,0.60032,0.48367,12.77011
11.70019,820.00000,831.87939,0.60034,0.48367,12.76966
11.70119,820.00000,834.97479,0.60036,0.48367,12.76921
11.70219,820.00000,831.87939,0.60038,0.48367,12.76875
11.70319,820.00000,831.87939,0.60040,0.48367,12.76829
11.70419,820.00000,831.87939,0.60043,0.48367,12.76783
11.70519,820.00000,834.97479,0.60045,0.48367,12.76736
11.70619,820.00000,831.87939,0.60047,0.48367,12.76689
11.70719,820.00000,834.97479,0.60049,0.48367,12.76642
11.70819,820.00000,834.97479,0.60051,0.48367,12.76594
11.70919,820.00000,831.87939,0.60054,0.48367,12.76546
11.71019,820.00000,834.97479,0.60056,0.48367,12.76497
11.71119,820.00000,834.97479,0.60058,0.48367,12.76449
11.71219,820.00000,831.87939,0.60061,0.48367,12.76399
11.71319,820.00000,834.97479,0.60063,0.48367,12.76350
11.71419,820.00000,834.97479,0.60065,0.48367,12.76300
11.71520,820.00000,831.87939,0.60068,0.48367,12.76250
11.71622,820.00000,829.57287,0.60070,0.48367,12.76199
11.71719,820.00000,829.57287,0.60072,0.48367,12.76148
11.71819,820.00000,829.57287,0.60075,0.48367,12.76097
11.71919,820.00000,829.57287,0.60077,0.48367,12.76046
11.72019,820.00000,834.97479,0.60080,0.48367,12.75994
11.72119,820.00000,828.80694,0.60082,0.48367,12.75942
11.72219,820.00000,828.80694,0.60085,0.48367,12.75889
11.72319,820.00000,832.65112,0.60087,0.48367,12.75837
11.72419,820.00000,832.65112,0.60090,0.48367,12.75784
11.72519,820.00000,834.97479,0.60092,0.48367,12.75730
11.72619,820.00000,841.23516,0.60095,0.48367,12.75677
11.72719,820.00000,841.23516,0.60097,0.48367,12.75622
11.72819,820.00000,834.97479,0.60100,0.48367,12.75568
11.72919,820.00000,832.65112,0.60102,0.48367,12.75513
11.73019,820.00000,831.10913,0.60105,0.48367,12.75458
11.73119,820.00000,832.65112,0.60108,0.48367,12.75403
11.73219,820.00000,832.65112,0.60110,0.48367,12.75348
11.73319,820.00000,832.65112,0.60113,0.48367,12.75292
11.73419,820.00000,834.19879,0.60115,0.48367,12.75236
11.73519,820.00000,834.19879,0.60118,0.48367,12.75180
11.73619,820.00000,831.10913,0.60121,0.48367,12.75123
11.73719,820.00000,831.10913,0.60123,0.48367,12.75067
11.73819,820.00000,834.19879,0.60126,0.48367,12.75010
11.73919,820.00000,834.97479,0.60129,0.48367,12.74953
11.74019,820.00000,834.97479,0.60131,0.48367,12.74896
11.74119,820.00000,835.75225,0.60134,0.48367,12.74839
11.74219,820.00000,835.75225,0.60137,0.48367,12.74781
11.74319,820.00000,835.75225,0.60140,0.48367,12.74723
11.74419,820.00000,837.31140,0.60142,0.48367,12.74665
11.74519,820.00000,835.75225,0.60145,0.48367,12.74607
11.74619,820.00000,835.75225,0.60148,0.48367,12.74548
11.74719,820.00000,837.31140,0.60151,0.48367,12.74490
11.74819,820.00000,837.31140,0.60153,0.48367,12.74431
11.74919,820.00000,838.09326,0.60156,0.48367,12.74372
11.75019,820.00000,835.75225,0.60159,0.48367,12.74313
11.75119,820.00000,839.66131,0.60162,0.48367,12.74254
11.75219,820.00000,838.09326,0.60165,0.48367,12.74194
11.75319,820.00000,838.09326,0.60167,0.48367,12.74135
11.75419,820.00000,838.09326,0.60170,0.48367,12.74075
11.75519,820.00000,836.53112,0.60173,0.48367,12.74015
11.75619,820.00000,838.09326,0.60176,0.48367,12.73954
11.75719,820.00000,836.53112,0.60179,0.48367,12.73894
11.75819,820.00000,838.09326,0.60182,0.48367,12.73834
11.75919,820.00000,836.53112,0.60184,0.48367,12.73773
11.76019,820.00000,836.53112,0.60187,0.48367,12.73712
11.76119,820.00000,836.53112,0.60190,0.48367,12.73651
11.76219,820.00000,832.65112,0.60193,0.48367,12.73590
11.76319,820.00000,832.65112,0.60196,0.48367,12.73529
11.76419,820.00000,832.65112,0.60199,0.48367,12.73468
11.76519,820.00000,832.65112,0.60202,0.48367,12.73407
11.76619,820.00000,832.65112,0.60205,0.48367,12.73345
11.76719,820.00000,832.65112,0.60208,0.48367,12.73283
11.76819,820.00000,832.65112,0.60211,0.48367,12.73222
11.76919,820.00000,832.65112,0.60213,0.48367,12.73160
11.77019,820.00000,831.10913,0.60216,0.48367,12.73098
11.77119,820.00000,839.66131,0.60219,0.48367,12.73036
11.77219,820.00000,839.66131,0.60222,0.48367,12.72974
11.77319,820.00000,836.53112,0.60225,0.48367,12.72912
11.77419,820.00000,836.53112,0.60228,0.48367,12.72850
11.77519,820.00000,837.31140,0.60231,0.48367,12.72788
11.77619,820.00000,836.53112,0.60234,0.48367,12.72725
11.77719,820.00000,836.53112,0.60237,0.48367,12.72663
11.77819,820.00000,834.19879,0.60240,0.48367,12.72600
11.77919,820.00000,836.53112,0.60243,0.48367,12.72538
11.78019,820.00000,836.53112,0.60246,0.48367,12.72476
11.78119,820.00000,837.31140,0.60249,0.48367,12.72414
11.78219,820.00000,836.53112,0.60252,0.48367,12.72352
11.78319,820.00000,834.19879,0.60255,0.48367,12.72291
11.78419,820.00000,837.31140,0.60257,0.48367,12.72229
11.78519,820.00000,837.31140,0.60260,0.48367,12.72168
11.78619,820.00000,838.09326,0.60263,0.48367,12.72107
11.78719,820.00000,838.09326,0.60266,0.48367,12.72046
11.78819,820.00000,838.09326,0.60269,0.48367,12.71985
11.78919,820.00000,838.09326,0.60272,0.48367,12.71924
11.79019,820.00000,838.09326,0.60275,0.48367,12.71863
11.79119,820.00000,837.31140,0.60278,0.48367,12.71803
11.79219,820.00000,837.31140,0.60281,0.48367,12.71743
11.79319,820.00000,837.31140,0.60283,0.48367,12.71683
11.79419,820.00000,838.09326,0.60286,0.48367,12.71623
11.79519,820.00000,837.31140,0.60289,0.48367,12.71563
11.79619,820.00000,834.97479,0.60292,0.48367,12.71504
11.79719,820.00000,833.42425,0.60295,0.48367,12.71445
11.79819,820.00000,833.42425,0.60297,0.48367,12.71387
11.79919,820.00000,833.42425,0.60300,0.48367,12.71329
11.80019,820.00000,833.42425,0.60303,0.48367,12.71271
11.80119,820.00000,838.87658,0.60306,0.48367,12.71213
11.80219,820.00000,833.42425,0.60308,0.48367,12.71156
11.80319,820.00000,838.87658,0.60311,0.48367,12.71099
11.80419,820.00000,838.87658,0.60314,0.48367,12.71042
11.80519,820.00000,836.53112,0.60316,0.48367,12.70986
11.80619,820.00000,836.53112,0.60319,0.48367,12.70930
11.80719,820.00000,836.53112,0.60322,0.48367,12.70875
11.80819,820.00000,841.23516,0.60324,0.48367,12.70820
11.80919,820.00000,836.53112,0.60327,0.48367,12.70765
11.81019,820.00000,836.53112,0.60330,0.48367,12.70710
11.81119,820.00000,836.53112,0.60332,0.48367,12.70656
11.81219,820.00000,836.53112,0.60335,0.48367,12.70602
11.81319,820.00000,836.53112,0.60337,0.48367,12.70549
11.81419,820.00000,831.10913,0.60340,0.48367,12.70495
11.81519,820.00000,831.10913,0.60342,0.48367,12.70443
11.81619,820.00000,831.10913,0.60345,0.48367,12.70390
11.81719,820.00000,832.65112,0.60347,0.48367,12.70338
11.81819,820.00000,832.65112,0.60350,0.48367,12.70286
11.81919,820.00000,832.65112,0.60352,0.48367,12.70234
11.82019,820.00000,836.53112,0.60355,0.48367,12.70183
11.82119,820.00000,832.65112,0.60357,0.48367,12.70132
11.82219,820.00000,836.53112,0.60359,0.48367,12.70082
11.82319,820.00000,836.53112,0.60362,0.48367,12.70032
11.82419,820.00000,836.53112,0.60364,0.48367,12.69981
11.82519,820.00000,836.53112,0.60367,0.48367,12.69932
11.82619,820.00000,836.53112,0.60369,0.48367,12.69882
11.82719,820.00000,836.53112,0.60371,0.48367,12.69833
11.82819,820.00000,836.53112,0.60373,0.48367,12.69785
11.82919,820.00000,836.53112,0.60376,0.48367,12.69736
11.83019,820.00000,836.53112,0.60378,0.48367,12.69688
11.83119,820.00000,836.53112,0.60380,0.48367,12.69640
11.83219,820.00000,836.53112,0.60383,0.48367,12.69592
11.83319,820.00000,841.23516,0.60385,0.48367,12.69545
11.83419,820.00000,841.23516,0.60387,0.48367,12.69498
11.83519,820.00000,843.60705,0.60389,0.48367,12.69451
11.83619,820.00000,843.60705,0.60392,0.48367,12.69405
11.83719,820.00000,843.60705,0.60394,0.48367,12.69359
11.83819,820.00000,841.23516,0.60396,0.48367,12.69313
11.83919,820.00000,848.39117,0.60398,0.48367,12.69267
11.84019,820.00000,848.39117,0.60400,0.48367,12.69222
11.84119,820.00000,841.23516,0.60402,0.48367,12.69177
11.84219,820.00000,835.75225,0.60405,0.48367,12.69133
11.84319,820.00000,834.19879,0.60407,0.48367,12.69088
11.84419,820.00000,834.19879,0.60409,0.48367,12.69044
11.84519,820.00000,834.19879,0.60411,0.48367,12.69000
11.84619,820.00000,835.75225,0.60413,0.48367,12.68956
11.84719,820.00000,835.75225,0.60415,0.48367,12.68913
11.84819,820.00000,834.19879,0.60417,0.48367,12.68870
11.84919,820.00000,834.19879,0.60419,0.48367,12.68827
11.85019,820.00000,832.65112,0.60421,0.48367,12.68784
11.85119,820.00000,832.65112,0.60423,0.48367,12.68742
11.85219,820.00000,831.87939,0.60425,0.48367,12.68700
11.85319,820.00000,832.65112,0.60427,0.48367,12.68658
11.85419,820.00000,836.53112,0.60429,0.48367,12.68616
11.85519,820.00000,836.53112,0.60431,0.48367,12.68575
11.85619,820.00000,832.65112,0.60433,0.48367,12.68534
11.85719,820.00000,832.65112,0.60435,0.48367,12.68493
11.85819,820.00000,832.65112,0.60437,0.48367,12.68452
11.85919,820.00000,832.65112,0.60439,0.48367,12.68412
11.86019,820.00000,832.65112,0.60441,0.48367,12.68371
11.86121,820.00000,832.65112,0.60443,0.48367,12.68332
11.86222,820.00000,832.65112,0.60445,0.48367,12.68292
11.86319,820.00000,832.65112,0.60446,0.48367,12.68253
11.86419,820.00000,832.65112,0.60448,0.48367,12.68214
11.86519,820.00000,832.65112,0.60450,0.48367,12.68175
11.86619,820.00000,832.65112,0.60452,0.48367,12.68136
11.86719,820.00000,832.65112,0.60454,0.48367,12.68098
11.86819,820.00000,834.19879,0.60456,0.48367,12.68060
11.86919,820.00000,837.31140,0.60457,0.48367,12.68022
11.87019,820.00000,837.31140,0.60459,0.48367,12.67985
11.87119,820.00000,837.31140,0.60461,0.48367,12.67948
11.87219,820.00000,837.31140,0.60463,0.48367,12.67911
11.87319,820.00000,837.31140,0.60464,0.48367,12.67874
11.87419,820.00000,837.31140,0.60466,0.48367,12.67837
11.87519,820.00000,837.31140,0.60468,0.48367,12.67801
11.87619,820.00000,837.31140,0.60470,0.48367,12.67765
11.87719,820.00000,837.31140,0.60471,0.48367,12.67730
11.87819,820.00000,837.31140,0.60473,0.48367,12.67694
11.87919,820.00000,837.31140,0.60475,0.48367,12.67659
11.88019,820.00000,838.09326,0.60476,0.48367,12.67624
11.88119,820.00000,838.09326,0.60478,0.48367,12.67589
11.88219,820.00000,838.09326,0.60480,0.48367,12.67554
11.88319,820.00000,838.09326,0.60481,0.48367,12.67519
11.88419,820.00000,838.87658,0.60483,0.48367,12.67484
11.88519,820.00000,838.09326,0.60485,0.48367,12.67449
11.88619,820.00000,838.87658,0.60486,0.48367,12.67415
11.88719,820.00000,838.09326,0.60488,0.48367,12.67380
11.88819,820.00000,838.09326,0.60490,0.48367,12.67345
11.88919,820.00000,835.75225,0.60491,0.48367,12.67311
11.89019,820.00000,835.75225,0.60493,0.48367,12.67276
11.89119,820.00000,835.75225,0.60495,0.48367,12.67242
11.89219,820.00000,836.53112,0.60496,0.48367,12.67208
11.89319,820.00000,835.75225,0.60498,0.48367,12.67174
11.89419,820.00000,836.53112,0.60500,0.48367,12.67140
11.89519,820.00000,836.53112,0.60501,0.48367,12.67106
11.89619,820.00000,836.53112,0.60503,0.48367,12.67072
11.89719,820.00000,835.75225,0.60504,0.48367,12.67039
11.89819,820.00000,836.53112,0.60506,0.48367,12.67005
11.89919,820.00000,836.53112,0.60508,0.48367,12.66972
11.90019,820.00000,836.53112,0.60509,0.48367,12.66938
11.90119,820.00000,836.53112,0.60511,0.48367,12.66905
11.90219,820.00000,836.53112,0.60512,0.48367,12.66871
11.90319,820.00000,836.53112,0.60514,0.48367,12.66838
11.90419,820.00000,831.10913,0.60515,0.48367,12.66805
11.90519,820.00000,831.10913,0.60517,0.48367,12.66772
11.90619,820.00000,831.10913,0.60519,0.48367,12.66739
11.90719,820.00000,834.19879,0.60520,0.48367,12.66706
11.90819,820.00000,834.19879,0.60522,0.48367,12.66674
11.90919,820.00000,834.19879,0.60523,0.48367,12.66641
11.91019,820.00000,834.19879,0.60525,0.48367,12.66608
11.91119,820.00000,834.19879,0.60526,0.48367,12.66576
11.91219,820.00000,834.19879,0.60528,0.48367,12.66543
11.91319,820.00000,834.19879,0.60530,0.48367,12.66510
11.91419,820.00000,834.97479,0.60531,0.48367,12.66478
11.91519,820.00000,834.97479,0.60533,0.48367,12.66445
11.91619,820.00000,834.97479,0.60534,0.48367,12.66413
11.91719,820.00000,834.97479,0.60536,0.48367,12.66381
11.91819,820.00000,834.97479,0.60537,0.48367,12.66348
11.91919,820.00000,834.97479,0.60539,0.48367,12.66316
11.92019,820.00000,834.97479,0.60540,0.48367,12.66284
11.92119,820.00000,834.97479,0.60542,0.48367,12.66253
11.92219,820.00000,838.87658,0.60543,0.48367,12.66222
11.92319,820.00000,838.87658,0.60545,0.48367,12.66190
11.92419,820.00000,838.87658,0.60546,0.48367,12.66160
11.92519,820.00000,834.19879,0.60548,0.48367,12.66129
11.92619,820.00000,838.87658,0.60549,0.48367,12.66099
11.92719,820.00000,839.66131,0.60551,0.48367,12.66069
11.92819,820.00000,838.87658,0.60552,0.48367,12.66039
11.92919,820.00000,838.87658,0.60554,0.48367,12.66009
11.93019,820.00000,837.31140,0.60555,0.48367,12.65980
11.93119,820.00000,837.31140,0.60556,0.48367,12.65951
11.93219,820.00000,836.53112,0.60558,0.48367,12.65923
11.93319,820.00000,837.31140,0.60559,0.48367,12.65894
11.93419,820.00000,837.31140,0.60560,0.48367,12.65866
11.93519,820.00000,838.87658,0.60562,0.48367,12.65838
11.93619,820.00000,838.87658,0.60563,0.48367,12.65811
11.93719,820.00000,838.87658,0.60564,0.48367,12.65783
11.93819,820.00000,837.31140,0.60566,0.48367,12.65756
11.93919,820.00000,838.87658,0.60567,0.48367,12.65729
11.94019,820.00000,838.87658,0.60568,0.48367,12.65703
11.94119,820.00000,838.87658,0.60569,0.48367,12.65678
11.94219,820.00000,838.87658,0.60571,0.48367,12.65652
11.94319,820.00000,838.87658,0.60572,0.48367,12.65627
11.94419,820.00000,835.75225,0.60573,0.48367,12.65603
11.94519,820.00000,835.75225,0.60574,0.48367,12.65579
11.94619,820.00000,835.75225,0.60575,0.48367,12.65556
11.94719,820.00000,835.75225,0.60576,0.48367,12.65533
11.94819,820.00000,835.75225,0.60577,0.48367,12.65511
11.94919,820.00000,834.97479,0.60578,0.48367,12.65489
11.95019,820.00000,834.97479,0.60579,0.48367,12.65467
11.95119,820.00000,835.75225,0.60581,0.48367,12.65446
11.95219,820.00000,838.09326,0.60582,0.48367,12.65425
11.95319,820.00000,835.75225,0.60582,0.48367,12.65404
11.95419,820.00000,835.75225,0.60583,0.48367,12.65384
11.95519,820.00000,838.09326,0.60584,0.48367,12.65365
11.95619,820.00000,838.09326,0.60585,0.48367,12.65345
11.95719,820.00000,839.66131,0.60586,0.48367,12.65327
11.95819,820.00000,838.09326,0.60587,0.48367,12.65308
11.95919,820.00000,838.09326,0.60588,0.48367,12.65290
11.96019,820.00000,839.66131,0.60589,0.48367,12.65272
11.96119,820.00000,838.09326,0.60590,0.48367,12.65254
11.96219,820.00000,837.31140,0.60591,0.48367,12.65236
11.96319,820.00000,837.31140,0.60591,0.48367,12.65219
11.96419,820.00000,837.31140,0.60592,0.48367,12.65202
11.96519,820.00000,837.31140,0.60593,0.48367,12.65186
11.96619,820.00000,837.31140,0.60594,0.48367,12.65170
11.96719,820.00000,834.97479,0.60594,0.48367,12.65154
11.96819,820.00000,834.19879,0.60595,0.48367,12.65139
11.96919,820.00000,834.97479,0.60596,0.48367,12.65124
11.97019,820.00000,834.97479,0.60597,0.48367,12.65109
11.97119,820.00000,834.97479,0.60597,0.48367,12.65095
11.97219,820.00000,834.97479,0.60598,0.48367,12.65081
11.97319,820.00000,834.97479,0.60599,0.48367,12.65067
11.97419,820.00000,834.97479,0.60599,0.48367,12.65054
11.97519,820.00000,834.97479,0.60600,0.48367,12.65041
11.97619,820.00000,834.19879,0.60600,0.48367,12.65029
11.97719,820.00000,834.97479,0.60601,0.48367,12.65017
11.97819,820.00000,835.75225,0.60602,0.48367,12.65005
11.97919,820.00000,834.97479,0.60602,0.48367,12.64994
11.98019,820.00000,834.97479,0.60603,0.48367,12.64983
11.98119,820.00000,834.97479,0.60603,0.48367,12.64973
11.98219,820.00000,834.97479,0.60604,0.48367,12.64962
11.98319,820.00000,834.97479,0.60604,0.48367,12.64953
11.98419,820.00000,834.97479,0.60605,0.48367,12.64943
11.98519,820.00000,834.97479,0.60605,0.48367,12.64934
11.98619,820.00000,834.97479,0.60605,0.48367,12.64925
11.98719,820.00000,835.75225,0.60606,0.48367,12.64917
11.98819,820.00000,835.75225,0.60606,0.48367,12.64909
11.98919,820.00000,835.75225,0.60607,0.48367,12.64901
11.99019,820.00000,852.41961,0.60607,0.48367,12.64893
11.99119,820.00000,852.41961,0.60607,0.48367,12.64886
11.99219,820.00000,835.75225,0.60608,0.48367,12.64879
11.99319,820.00000,835.75225,0.60608,0.48367,12.64873
11.99419,820.00000,835.75225,0.60608,0.48367,12.64866
11.99519,820.00000,835.75225,0.60609,0.48367,12.64860
11.99619,820.00000,835.75225,0.60609,0.48367,12.64855
11.99719,820.00000,849.99804,0.60609,0.48367,12.64849
11.99819,820.00000,835.75225,0.60609,0.48367,12.64844
11.99919,820.00000,838.09326,0.60610,0.48367,12.64840
12.00019,820.00000,838.09326,0.60610,0.48367,12.64835
12.00120,830.00000,835.75225,0.61553,0.49119,12.64831
12.00220,830.00000,835.75225,0.61553,0.49119,12.64827
12.00321,830.00000,835.75225,0.61553,0.49119,12.64824
12.00423,830.00000,835.75225,0.61553,0.49119,12.64820
12.00521,830.00000,835.75225,0.61554,0.49119,12.64817
12.00623,830.00000,835.75225,0.61554,0.49119,12.64815
12.00723,830.00000,835.75225,0.61554,0.49119,12.64812
12.00820,830.00000,835.75225,0.61554,0.49119,12.64810
12.00927,830.00000,835.75225,0.61554,0.49119,12.64808
12.01021,830.00000,834.97479,0.61554,0.49119,12.64807
12.01127,830.00000,834.97479,0.61554,0.49119,12.64805
12.01220,830.00000,834.97479,0.61554,0.49119,12.64804
12.01322,830.00000,834.97479,0.61554,0.49119,12.64804
12.01419,830.00000,834.97479,0.61554,0.49119,12.64803
12.01519,830.00000,834.97479,0.61554,0.49119,12.64803
12.01619,830.00000,834.97479,0.61554,0.49119,12.64803
12.01719,830.00000,834.19879,0.61554,0.49119,12.64804
12.01819,830.00000,834.97479,0.61554,0.49119,12.64805
12.01919,830.00000,834.19879,0.61554,0.49119,12.64806
12.02019,830.00000,834.97479,0.61554,0.49119,12.64807
12.02119,830.00000,835.75225,0.61554,0.49119,12.64809
12.02219,830.00000,841.23516,0.61554,0.49119,12.64811
12.02319,830.00000,841.23516,0.61554,0.49119,12.64813
12.02419,830.00000,841.23516,0.61554,0.49119,12.64815
12.02519,830.00000,842.02429,0.61553,0.49119,12.64818
12.02619,830.00000,841.23516,0.61553,0.49119,12.64821
12.02719,830.00000,842.02429,0.61553,0.49119,12.64824
12.02819,830.00000,842.02429,0.61553,0.49119,12.64827
12.02919,830.00000,842.02429,0.61553,0.49119,12.64831
12.03019,830.00000,842.02429,0.61553,0.49119,12.64834
12.03119,830.00000,845.99230,0.61552,0.49119,12.64838
12.03219,830.00000,845.99230,0.61552,0.49119,12.64843
12.03319,830.00000,842.02429,0.61552,0.49119,12.64847
12.03419,830.00000,845.19567,0.61552,0.49119,12.64852
12.03519,830.00000,845.19567,0.61552,0.49119,12.64857
12.03619,830.00000,845.19567,0.61551,0.49119,12.64862
12.03719,830.00000,842.02429,0.61551,0.49119,12.64867
12.03819,830.00000,842.02429,0.61551,0.49119,12.64873
12.03919,830.00000,842.02429,0.61551,0.49119,12.64878
12.04019,830.00000,842.02429,0.61550,0.49119,12.64884
12.04119,830.00000,842.02429,0.61550,0.49119,12.64890
12.04219,830.00000,842.02429,0.61550,0.49119,12.64896
12.04319,830.00000,842.81488,0.61549,0.49119,12.64903
12.04419,830.00000,845.19567,0.61549,0.49119,12.64909
12.04519,830.00000,842.81488,0.61549,0.49119,12.64916
12.04619,830.00000,842.02429,0.61548,0.49119,12.64923
12.04719,830.00000,841.23516,0.61548,0.49119,12.64930
12.04819,830.00000,842.81488,0.61548,0.49119,12.64938
12.04919,830.00000,846.79046,0.61547,0.49119,12.64945
12.05019,830.00000,846.79046,0.61547,0.49119,12.64953
12.05119,830.00000,847.59008,0.61547,0.49119,12.64961
12.05219,830.00000,846.79046,0.61546,0.49119,12.64969
12.05319,830.00000,840.44744,0.61546,0.49119,12.64978
12.05419,830.00000,840.44744,0.61545,0.49119,12.64986
12.05519,830.00000,840.44744,0.61545,0.49119,12.64995
12.05619,830.00000,840.44744,0.61544,0.49119,12.65003
12.05719,830.00000,846.79046,0.61544,0.49119,12.65012
12.05819,830.00000,846.79046,0.61544,0.49119,12.65022
12.05919,830.00000,840.44744,0.61543,0.49119,12.65031
12.06019,830.00000,840.44744,0.61543,0.49119,12.65040
12.06119,830.00000,844.40063,0.61542,0.49119,12.65050
12.06219,830.00000,844.40063,0.61542,0.49119,12.65060
12.06319,830.00000,844.40063,0.61541,0.49119,12.65070
12.06419,830.00000,845.19567,0.61541,0.49119,12.65080
12.06519,830.00000,845.19567,0.61540,0.49119,12.65090
12.06619,830.00000,845.19567,0.61540,0.49119,12.65101
12.06719,830.00000,844.40063,0.61539,0.49119,12.65111
12.06819,830.00000,844.40063,0.61539,0.49119,12.65122
12.06919,830.00000,845.19567,0.61538,0.49119,12.65133
12.07019,830.00000,844.40063,0.61538,0.49119,12.65144
12.07119,830.00000,846.79046,0.61537,0.49119,12.65155
12.07219,830.00000,846.79046,0.61537,0.49119,12.65166
12.07319,830.00000,846.79046,0.61536,0.49119,12.65178
12.07419,830.00000,846.79046,0.61535,0.49119,12.65190
12.07519,830.00000,846.79046,0.61535,0.49119,12.65201
12.07619,830.00000,846.79046,0.61534,0.49119,12.65213
12.07719,830.00000,846.79046,0.61534,0.49119,12.65225
12.07819,830.00000,846.79046,0.61533,0.49119,12.65238
12.07919,830.00000,846.79046,0.61532,0.49119,12.65250
12.08019,830.00000,846.79046,0.61532,0.49119,12.65262
12.08119,830.00000,846.79046,0.61531,0.49119,12.65275
12.08219,830.00000,846.79046,0.61531,0.49119,12.65288
12.08319,830.00000,845.19567,0.61530,0.49119,12.65301
12.08419,830.00000,845.19567,0.61529,0.49119,12.65314
12.08519,830.00000,847.59008,0.61529,0.49119,12.65327
12.08619,830.00000,850.80364,0.61528,0.49119,12.65340
12.08719,830.00000,850.80364,0.61527,0.49119,12.65354
12.08819,830.00000,850.80364,0.61527,0.49119,12.65367
12.08919,830.00000,852.41961,0.61526,0.49119,12.65381
12.09019,830.00000,852.41961,0.61525,0.49119,12.65395
12.09119,830.00000,852.41961,0.61525,0.49119,12.65409
12.09219,830.00000,852.41961,0.61524,0.49119,12.65423
12.09319,830.00000,852.41961,0.61523,0.49119,12.65437
12.09419,830.00000,852.41961,0.61523,0.49119,12.65451
12.09519,830.00000,852.41961,0.61522,0.49119,12.65465
12.09619,830.00000,847.59008,0.61521,0.49119,12.65480
12.09719,830.00000,842.02429,0.61521,0.49119,12.65494
12.09819,830.00000,840.44744,0.61520,0.49119,12.65509
12.09919,830.00000,842.02429,0.61519,0.49119,12.65524
12.10019,830.00000,840.44744,0.61518,0.49119,12.65539
12.10119,830.00000,842.02429,0.61518,0.49119,12.65554
12.10219,830.00000,840.44744,0.61517,0.49119,12.65570
12.10319,830.00000,840.44744,0.61516,0.49119,12.65586
12.10419,830.00000,842.02429,0.61515,0.49119,12.65602
12.10519,830.00000,840.44744,0.61515,0.49119,12.65618
12.10619,830.00000,840.44744,0.61514,0.49119,12.65635
12.10719,830.00000,840.44744,0.61513,0.49119,12.65652
12.10819,830.00000,842.02429,0.61512,0.49119,12.65669
12.10919,830.00000,842.02429,0.61511,0.49119,12.65686
12.11019,830.00000,842.02429,0.61510,0.49119,12.65704
12.11119,830.00000,842.02429,0.61510,0.49119,12.65722
12.11219,830.00000,842.02429,0.61509,0.49119,12.65740
12.11319,830.00000,842.02429,0.61508,0.49119,12.65758
12.11419,830.00000,844.40063,0.61507,0.49119,12.65777
12.11519,830.00000,845.19567,0.61506,0.49119,12.65796
12.11619,830.00000,845.19567,0.61505,0.49119,12.65815
12.11719,830.00000,845.19567,0.61504,0.49119,12.65834
12.11819,830.00000,845.19567,0.61503,0.49119,12.65854
12.11919,830.00000,845.19567,0.61502,0.49119,12.65874
12.12019,830.00000,843.60705,0.61501,0.49119,12.65894
12.12119,830.00000,849.19384,0.61500,0.49119,12.65914
12.12219,830.00000,843.60705,0.61499,0.49119,12.65934
12.12319,830.00000,843.60705,0.61498,0.49119,12.65954
12.12419,830.00000,843.60705,0.61497,0.49119,12.65974
12.12519,830.00000,843.60705,0.61496,0.49119,12.65995
12.12619,830.00000,843.60705,0.61495,0.49119,12.66015
12.12719,830.00000,848.39117,0.61494,0.49119,12.66035
12.12819,830.00000,848.39117,0.61493,0.49119,12.66055
12.12919,830.00000,848.39117,0.61492,0.49119,12.66076
12.13019,830.00000,845.99230,0.61491,0.49119,12.66096
12.13119,830.00000,848.39117,0.61490,0.49119,12.66117
12.13219,830.00000,848.39117,0.61489,0.49119,12.66137
12.13319,830.00000,848.39117,0.61488,0.49119,12.66158
12.13419,830.00000,849.99804,0.61487,0.49119,12.66179
12.13519,830.00000,848.39117,0.61486,0.49119,12.66200
12.13619,830.00000,845.99230,0.61485,0.49119,12.66221
12.13719,830.00000,845.99230,0.61484,0.49119,12.66242
12.13819,830.00000,849.99804,0.61483,0.49119,12.66263
12.13919,830.00000,849.99804,0.61482,0.49119,12.66284
12.14019,830.00000,849.99804,0.61481,0.49119,12.66304
12.14119,830.00000,849.99804,0.61480,0.49119,12.66325
12.14219,830.00000,849.99804,0.61479,0.49119,12.66346
12.14319,830.00000,844.40063,0.61478,0.49119,12.66367
12.14419,830.00000,845.19567,0.61477,0.49119,12.66388
12.14519,830.00000,844.40063,0.61476,0.49119,12.66409
12.14619,830.00000,844.40063,0.61475,0.49119,12.66430
12.14719,830.00000,845.19567,0.61474,0.49119,12.66451
12.14819,830.00000,844.40063,0.61473,0.49119,12.66471
12.14919,830.00000,842.81488,0.61472,0.49119,12.66492
12.15019,830.00000,844.40063,0.61471,0.49119,12.66512
12.15119,830.00000,844.40063,0.61470,0.49119,12.66532
12.15219,830.00000,845.19567,0.61469,0.49119,12.66552
12.15319,830.00000,845.19567,0.61468,0.49119,12.66571
12.15420,830.00000,846.79046,0.61467,0.49119,12.66591
12.15522,830.00000,846.79046,0.61466,0.49119,12.66610
12.15619,830.00000,851.61090,0.61465,0.49119,12.66629
12.15719,830.00000,851.61090,0.61465,0.49119,12.66648
12.15819,830.00000,851.61090,0.61464,0.49119,12.66667
12.15919,830.00000,851.61090,0.61463,0.49119,12.66686
12.16019,830.00000,851.61090,0.61462,0.49119,12.66704
12.16119,830.00000,849.99804,0.61461,0.49119,12.66722
12.16219,830.00000,848.39117,0.61460,0.49119,12.66740
12.16319,830.00000,848.39117,0.61459,0.49119,12.66758
12.16419,830.00000,849.99804,0.61458,0.49119,12.66776
12.16519,830.00000,848.39117,0.61458,0.49119,12.66793
12.16619,830.00000,848.39117,0.61457,0.49119,12.66810
12.16719,830.00000,845.19567,0.61456,0.49119,12.66826
12.16819,830.00000,845.19567,0.61455,0.49119,12.66842
12.16919,830.00000,845.19567,0.61454,0.49119,12.66858
12.17019,830.00000,842.02429,0.61454,0.49119,12.66873
12.17119,830.00000,845.19567,0.61453,0.49119,12.66888
12.17219,830.00000,845.19567,0.61452,0.49119,12.66902
12.17319,830.00000,842.02429,0.61452,0.49119,12.66917
12.17419,830.00000,842.02429,0.61451,0.49119,12.66931
12.17519,830.00000,842.02429,0.61450,0.49119,12.66944
12.17619,830.00000,845.19567,0.61450,0.49119,12.66957
12.17719,830.00000,842.02429,0.61449,0.49119,12.66970
12.17819,830.00000,842.02429,0.61448,0.49119,12.66983
12.17919,830.00000,842.02429,0.61448,0.49119,12.66995
12.18019,830.00000,842.81488,0.61447,0.49119,12.67007
12.18119,830.00000,843.60705,0.61447,0.49119,12.67018
12.18219,830.00000,843.60705,0.61446,0.49119,12.67030
12.18319,830.00000,845.19567,0.61446,0.49119,12.67041
12.18419,830.00000,845.19567,0.61445,0.49119,12.67051
12.18519,830.00000,845.19567,0.61445,0.49119,12.67061
12.18619,830.00000,845.19567,0.61444,0.49119,12.67071
12.18719,830.00000,845.19567,0.61444,0.49119,12.67081
12.18819,830.00000,845.19567,0.61443,0.49119,12.67090
12.18919,830.00000,845.19567,0.61443,0.49119,12.67099
12.19019,830.00000,845.19567,0.61442,0.49119,12.67107
12.19119,830.00000,848.39117,0.61442,0.49119,12.67116
12.19219,830.00000,848.39117,0.61441,0.49119,12.67124
12.19319,830.00000,848.39117,0.61441,0.49119,12.67131
12.19419,830.00000,849.19384,0.61441,0.49119,12.67138
12.19519,830.00000,848.39117,0.61440,0.49119,12.67145
12.19619,830.00000,848.39117,0.61440,0.49119,12.67151
12.19719,830.00000,838.87658,0.61440,0.49119,12.67157
12.19819,830.00000,848.39117,0.61440,0.49119,12.67162
12.19919,830.00000,849.99804,0.61439,0.49119,12.67167
12.20019,830.00000,849.99804,0.61439,0.49119,12.67171
12.20119,830.00000,847.59008,0.61439,0.49119,12.67175
12.20219,830.00000,845.19567,0.61439,0.49119,12.67179
12.20319,830.00000,845.19567,0.61439,0.49119,12.67181
12.20419,830.00000,845.19567,0.61439,0.49119,12.67184
12.20519,830.00000,845.19567,0.61438,0.49119,12.67186
12.20619,830.00000,847.59008,0.61438,0.49119,12.67188
12.20719,830.00000,847.59008,0.61438,0.49119,12.67189
12.20819,830.00000,847.59008,0.61438,0.49119,12.67190
12.20919,830.00000,845.99230,0.61438,0.49119,12.67190
12.21019,830.00000,845.19567,0.61438,0.49119,12.67190
12.21119,830.00000,845.99230,0.61438,0.49119,12.67190
12.21219,830.00000,845.99230,0.61438,0.49119,12.67189
12.21319,830.00000,845.99230,0.61438,0.49119,12.67188
12.21419,830.00000,845.99230,0.61438,0.49119,12.67187
12.21519,830.00000,845.99230,0.61439,0.49119,12.67185
12.21619,830.00000,845.99230,0.61439,0.49119,12.67183
12.21719,830.00000,845.19567,0.61439,0.49119,12.67180
12.21819,830.00000,845.99230,0.61439,0.49119,12.67177
12.21919,830.00000,845.19567,0.61439,0.49119,12.67174
12.22019,830.00000,845.19567,0.61439,0.49119,12.67170
12.22119,830.00000,845.19567,0.61439,0.49119,12.67166
12.22219,830.00000,842.02429,0.61440,0.49119,12.67162
12.22319,830.00000,842.02429,0.61440,0.49119,12.67157
12.22419,830.00000,842.02429,0.61440,0.49119,12.67152
12.22519,830.00000,849.19384,0.61440,0.49119,12.67146
12.22619,830.00000,849.19384,0.61441,0.49119,12.67141
12.22719,830.00000,849.19384,0.61441,0.49119,12.67135
12.22819,830.00000,852.41961,0.61441,0.49119,12.67128
12.22919,830.00000,851.61090,0.61442,0.49119,12.67121
12.23019,830.00000,851.61090,0.61442,0.49119,12.67114
12.23119,830.00000,851.61090,0.61442,0.49119,12.67107
12.23219,830.00000,851.61090,0.61443,0.49119,12.67099
12.23319,830.00000,851.61090,0.61443,0.49119,12.67091
12.23419,830.00000,851.61090,0.61444,0.49119,12.67082
12.23519,830.00000,849.99804,0.61444,0.49119,12.67073
12.23619,830.00000,850.80364,0.61444,0.49119,12.67064
12.23719,830.00000,849.99804,0.61445,0.49119,12.67054
12.23819,830.00000,849.99804,0.61445,0.49119,12.67044
12.23919,830.00000,848.39117,0.61446,0.49119,12.67034
12.24019,830.00000,848.39117,0.61446,0.49119,12.67024
12.24119,830.00000,845.99230,0.61447,0.49119,12.67013
12.24219,830.00000,845.99230,0.61447,0.49119,12.67002
12.24319,830.00000,845.99230,0.61448,0.49119,12.66991
12.24419,830.00000,845.99230,0.61448,0.49119,12.66980
12.24519,830.00000,835.75225,0.61449,0.49119,12.66969
12.24619,830.00000,835.75225,0.61450,0.49119,12.66958
12.24719,830.00000,835.75225,0.61450,0.49119,12.66947
12.24819,830.00000,845.99230,0.61451,0.49119,12.66936
12.24919,830.00000,835.75225,0.61451,0.49119,12.66925
12.25019,830.00000,844.40063,0.61452,0.49119,12.66914
12.25119,830.00000,844.40063,0.61452,0.49119,12.66903
12.25219,830.00000,844.40063,0.61453,0.49119,12.66891
12.25319,830.00000,838.09326,0.61453,0.49119,12.66880
12.25419,830.00000,844.40063,0.61454,0.49119,12.66868
12.25519,830.00000,844.40063,0.61454,0.49119,12.66857
12.25619,830.00000,849.19384,0.61455,0.49119,12.66846
12.25719,830.00000,844.40063,0.61456,0.49119,12.66835
12.25819,830.00000,844.40063,0.61456,0.49119,12.66824
12.25919,830.00000,844.40063,0.61457,0.49119,12.66813
12.26019,830.00000,846.79046,0.61457,0.49119,12.66802
12.26119,830.00000,846.79046,0.61458,0.49119,12.66791
12.26219,830.00000,849.19384,0.61458,0.49119,12.66780
12.26319,830.00000,846.79046,0.61459,0.49119,12.66769
12.26419,830.00000,846.79046,0.61459,0.49119,12.66758
12.26519,830.00000,845.19567,0.61460,0.49119,12.66747
12.26619,830.00000,845.19567,0.61460,0.49119,12.66736
12.26719,830.00000,845.19567,0.61461,0.49119,12.66726
12.26819,830.00000,846.79046,0.61461,0.49119,12.66715
12.26919,830.00000,845.19567,0.61462,0.49119,12.66704
12.27019,830.00000,844.40063,0.61462,0.49119,12.66694
12.27119,830.00000,844.40063,0.61463,0.49119,12.66683
12.27219,830.00000,844.40063,0.61463,0.49119,12.66673
12.27319,830.00000,844.40063,0.61464,0.49119,12.66662
12.27419,830.00000,847.59008,0.61464,0.49119,12.66652
12.27519,830.00000,847.59008,0.61465,0.49119,12.66642
12.27619,830.00000,847.59008,0.61465,0.49119,12.66631
12.27719,830.00000,849.99804,0.61466,0.49119,12.66621
12.27819,830.00000,847.59008,0.61466,0.49119,12.66611
12.27919,830.00000,847.59008,0.61467,0.49119,12.66600
12.28019,830.00000,849.99804,0.61467,0.49119,12.66590
12.28119,830.00000,853.22991,0.61468,0.49119,12.66579
12.28219,830.00000,849.99804,0.61468,0.49119,12.66568
12.28319,830.00000,849.99804,0.61469,0.49119,12.66557
12.28419,830.00000,849.99804,0.61470,0.49119,12.66546
12.28519,830.00000,849.99804,0.61470,0.49119,12.66534
12.28619,830.00000,849.99804,0.61471,0.49119,12.66523
12.28719,830.00000,845.99230,0.61471,0.49119,12.66511
12.28820,830.00000,845.99230,0.61472,0.49119,12.66499
12.28919,830.00000,843.60705,0.61472,0.49119,12.66487
12.29019,830.00000,843.60705,0.61473,0.49119,12.66475
12.29119,830.00000,842.02429,0.61474,0.49119,12.66463
12.29219,830.00000,842.02429,0.61474,0.49119,12.66451
12.29319,830.00000,842.02429,0.61475,0.49119,12.66439
12.29419,830.00000,841.23516,0.61475,0.49119,12.66427
12.29519,830.00000,841.23516,0.61476,0.49119,12.66415
12.29619,830.00000,841.23516,0.61476,0.49119,12.66403
12.29719,830.00000,841.23516,0.61477,0.49119,12.66390
12.29819,830.00000,839.66131,0.61478,0.49119,12.66378
12.29919,830.00000,839.66131,0.61478,0.49119,12.66365
12.30020,830.00000,839.66131,0.61479,0.49119,12.66352
12.30126,830.00000,839.66131,0.61480,0.49119,12.66340
12.30220,830.00000,845.19567,0.61480,0.49119,12.66327
12.30322,830.00000,848.39117,0.61481,0.49119,12.66314
12.30419,830.00000,850.80364,0.61481,0.49119,12.66301
12.30519,830.00000,850.80364,0.61482,0.49119,12.66288
12.30619,830.00000,850.80364,0.61483,0.49119,12.66275
12.30719,830.00000,850.80364,0.61483,0.49119,12.66261
12.30819,830.00000,850.80364,0.61484,0.49119,12.66248
12.30919,830.00000,850.80364,0.61485,0.49119,12.66235
12.31019,830.00000,854.85510,0.61485,0.49119,12.66221
12.31119,830.00000,851.61090,0.61486,0.49119,12.66208
12.31219,830.00000,854.85510,0.61487,0.49119,12.66194
12.31319,830.00000,858.12420,0.61487,0.49119,12.66181
12.31419,830.00000,858.12420,0.61488,0.49119,12.66167
12.31519,830.00000,851.61090,0.61489,0.49119,12.66154
12.31619,830.00000,851.61090,0.61489,0.49119,12.66140
12.31719,830.00000,850.80364,0.61490,0.49119,12.66126
12.31819,830.00000,850.80364,0.61491,0.49119,12.66112
12.31919,830.00000,851.61090,0.61491,0.49119,12.66098
12.32019,830.00000,848.39117,0.61492,0.49119,12.66084
12.32119,830.00000,848.39117,0.61493,0.49119,12.66070
12.32219,830.00000,848.39117,0.61493,0.49119,12.66056
12.32319,830.00000,847.59008,0.61494,0.49119,12.66042
12.32419,830.00000,848.39117,0.61495,0.49119,12.66028
12.32519,830.00000,849.99804,0.61495,0.49119,12.66014
12.32619,830.00000,849.99804,0.61496,0.49119,12.66000
12.32719,830.00000,849.99804,0.61497,0.49119,12.65986
12.32819,830.00000,851.61090,0.61497,0.49119,12.65972
12.32919,830.00000,851.61090,0.61498,0.49119,12.65957
12.33019,830.00000,849.99804,0.61499,0.49119,12.65943
12.33119,830.00000,849.99804,0.61499,0.49119,12.65929
12.33219,830.00000,844.40063,0.61500,0.49119,12.65915
12.33319,830.00000,844.40063,0.61501,0.49119,12.65900
12.33419,830.00000,844.40063,0.61502,0.49119,12.65886
12.33519,830.00000,844.40063,0.61502,0.49119,12.65872
12.33619,830.00000,844.40063,0.61503,0.49119,12.65859
12.33719,830.00000,844.40063,0.61504,0.49119,12.65845
12.33819,830.00000,844.40063,0.61504,0.49119,12.65832
12.33919,830.00000,844.40063,0.61505,0.49119,12.65818
12.34019,830.00000,844.40063,0.61505,0.49119,12.65805
12.34119,830.00000,844.40063,0.61506,0.49119,12.65792
12.34219,830.00000,844.40063,0.61507,0.49119,12.65779
12.34319,830.00000,846.79046,0.61507,0.49119,12.65766
12.34419,830.00000,846.79046,0.61508,0.49119,12.65754
12.34519,830.00000,846.79046,0.61509,0.49119,12.65741
12.34619,830.00000,848.39117,0.61509,0.49119,12.65729
12.34719,830.00000,846.79046,0.61510,0.49119,12.65717
12.34819,830.00000,847.59008,0.61510,0.49119,12.65705
12.34919,830.00000,847.59008,0.61511,0.49119,12.65693
12.35019,830.00000,847.59008,0.61512,0.49119,12.65681
12.35119,830.00000,848.39117,0.61512,0.49119,12.65669
12.35219,830.00000,847.59008,0.61513,0.49119,12.65658
12.35319,830.00000,849.99804,0.61513,0.49119,12.65646
12.35419,830.00000,849.99804,0.61514,0.49119,12.65635
12.35519,830.00000,849.99804,0.61514,0.49119,12.65624
12.35619,830.00000,849.19384,0.61515,0.49119,12.65613
12.35719,830.00000,849.19384,0.61515,0.49119,12.65603
12.35819,830.00000,849.19384,0.61516,0.49119,12.65593
12.35919,830.00000,849.19384,0.61516,0.49119,12.65583
12.36019,830.00000,849.19384,0.61517,0.49119,12.65573
12.36119,830.00000,849.19384,0.61517,0.49119,12.65564
12.36219,830.00000,844.40063,0.61518,0.49119,12.65555
12.36319,830.00000,849.19384,0.61518,0.49119,12.65546
12.36419,830.00000,844.40063,0.61518,0.49119,12.65538
12.36519,830.00000,842.81488,0.61519,0.49119,12.65530
12.36619,830.00000,844.40063,0.61519,0.49119,12.65523
12.36719,830.00000,840.44744,0.61520,0.49119,12.65515
12.36819,830.00000,844.40063,0.61520,0.49119,12.65508
12.36919,830.00000,845.19567,0.61520,0.49119,12.65501
12.37019,830.00000,845.19567,0.61521,0.49119,12.65495
12.37119,830.00000,838.09326,0.61521,0.49119,12.65489
12.37219,830.00000,845.19567,0.61521,0.49119,12.65483
12.37319,830.00000,838.09326,0.61521,0.49119,12.65477
12.37419,830.00000,845.19567,0.61522,0.49119,12.65472
12.37519,830.00000,849.99804,0.61522,0.49119,12.65466
12.37619,830.00000,849.99804,0.61522,0.49119,12.65462
12.37719,830.00000,849.99804,0.61522,0.49119,12.65457
12.37819,830.00000,849.99804,0.61523,0.49119,12.65453
12.37919,830.00000,849.99804,0.61523,0.49119,12.65449
12.38019,830.00000,848.39117,0.61523,0.49119,12.65445
12.38119,830.00000,848.39117,0.61523,0.49119,12.65442
12.38219,830.00000,848.39117,0.61523,0.49119,12.65440
12.38319,830.00000,848.39117,0.61523,0.49119,12.65438
12.38419,830.00000,848.39117,0.61523,0.49119,12.65436
12.38519,830.00000,848.39117,0.61524,0.49119,12.65434
12.38619,830.00000,842.02429,0.61524,0.49119,12.65433
12.38719,830.00000,835.75225,0.61524,0.49119,12.65433
12.38819,830.00000,835.75225,0.61524,0.49119,12.65433
12.38919,830.00000,848.39117,0.61524,0.49119,12.65433
12.39019,830.00000,845.99230,0.61524,0.49119,12.65434
12.39119,830.00000,850.80364,0.61523,0.49119,12.65436
12.39219,830.00000,850.80364,0.61523,0.49119,12.65438
12.39319,830.00000,849.19384,0.61523,0.49119,12.65439
12.39419,830.00000,849.19384,0.61523,0.49119,12.65441
12.39519,830.00000,853.22991,0.61523,0.49119,12.65444
12.39619,830.00000,849.19384,0.61523,0.49119,12.65446
12.39719,830.00000,849.19384,0.61523,0.49119,12.65449
12.39819,830.00000,849.19384,0.61523,0.49119,12.65451
12.39919,830.00000,849.19384,0.61523,0.49119,12.65454
12.40019,830.00000,845.99230,0.61522,0.49119,12.65458
12.40119,830.00000,849.19384,0.61522,0.49119,12.65461
12.40219,830.00000,844.40063,0.61522,0.49119,12.65465
12.40319,830.00000,842.81488,0.61522,0.49119,12.65468
12.40419,830.00000,844.40063,0.61522,0.49119,12.65472
12.40519,830.00000,844.40063,0.61521,0.49119,12.65476
12.40619,830.00000,844.40063,0.61521,0.49119,12.65481
12.40719,830.00000,844.40063,0.61521,0.49119,12.65485
12.40819,830.00000,844.40063,0.61521,0.49119,12.65490
12.40919,830.00000,846.79046,0.61521,0.49119,12.65495
12.41019,830.00000,846.79046,0.61520,0.49119,12.65500
12.41119,830.00000,847.59008,0.61520,0.49119,12.65505
12.41219,830.00000,847.59008,0.61520,0.49119,12.65511
12.41319,830.00000,847.59008,0.61520,0.49119,12.65516
12.41419,830.00000,847.59008,0.61519,0.49119,12.65522
12.41519,830.00000,847.59008,0.61519,0.49119,12.65528
12.41619,830.00000,847.59008,0.61519,0.49119,12.65534
12.41719,830.00000,847.59008,0.61518,0.49119,12.65540
12.41819,830.00000,847.59008,0.61518,0.49119,12.65546
12.41919,830.00000,847.59008,0.61518,0.49119,12.65552
12.42019,830.00000,845.99230,0.61517,0.49119,12.65558
12.42119,830.00000,845.99230,0.61517,0.49119,12.65564
12.42219,830.00000,844.40063,0.61517,0.49119,12.65570
12.42319,830.00000,841.23516,0.61517,0.49119,12.65576
12.42419,830.00000,841.23516,0.61516,0.49119,12.65582
12.42519,830.00000,841.23516,0.61516,0.49119,12.65588
12.42619,830.00000,841.23516,0.61516,0.49119,12.65594
12.42719,830.00000,845.99230,0.61515,0.49119,12.65600
12.42819,830.00000,845.99230,0.61515,0.49119,12.65606
12.42919,830.00000,845.99230,0.61515,0.49119,12.65612
12.43019,830.00000,848.39117,0.61515,0.49119,12.65617
12.43119,830.00000,852.41961,0.61514,0.49119,12.65623
12.43219,830.00000,852.41961,0.61514,0.49119,12.65628
12.43319,830.00000,852.41961,0.61514,0.49119,12.65633
12.43419,830.00000,852.41961,0.61514,0.49119,12.65638
12.43519,830.00000,847.59008,0.61513,0.49119,12.65642
12.43619,830.00000,852.41961,0.61513,0.49119,12.65647
12.43719,830.00000,847.59008,0.61513,0.49119,12.65651
12.43819,830.00000,847.59008,0.61513,0.49119,12.65655
12.43919,830.00000,850.80364,0.61513,0.49119,12.65659
12.44019,830.00000,847.59008,0.61512,0.49119,12.65662
12.44119,830.00000,845.99230,0.61512,0.49119,12.65666
12.44219,830.00000,847.59008,0.61512,0.49119,12.65668
12.44319,830.00000,850.80364,0.61512,0.49119,12.65671
12.44419,830.00000,852.41961,0.61512,0.49119,12.65674
12.44519,830.00000,852.41961,0.61512,0.49119,12.65675
12.44619,830.00000,852.41961,0.61512,0.49119,12.65677
12.44722,830.00000,852.41961,0.61512,0.49119,12.65678
12.44819,830.00000,854.04180,0.61512,0.49119,12.65679
12.44919,830.00000,854.04180,0.61512,0.49119,12.65679
12.45019,830.00000,854.04180,0.61512,0.49119,12.65679
12.45119,830.00000,854.04180,0.61512,0.49119,12.65679
12.45219,830.00000,854.04180,0.61512,0.49119,12.65678
12.45319,830.00000,852.41961,0.61512,0.49119,12.65677
12.45419,830.00000,842.02429,0.61512,0.49119,12.65675
12.45519,830.00000,838.09326,0.61512,0.49119,12.65673
12.45619,830.00000,842.02429,0.61512,0.49119,12.65670
12.45719,830.00000,842.02429,0.61512,0.49119,12.65667
12.45819,830.00000,839.66131,0.61512,0.49119,12.65663
12.45919,830.00000,842.02429,0.61513,0.49119,12.65659
12.46019,830.00000,842.02429,0.61513,0.49119,12.65654
12.46119,830.00000,842.81488,0.61513,0.49119,12.65649
12.46219,830.00000,842.81488,0.61513,0.49119,12.65643
12.46319,830.00000,842.81488,0.61514,0.49119,12.65637
12.46419,830.00000,847.59008,0.61514,0.49119,12.65630
12.46519,830.00000,847.59008,0.61514,0.49119,12.65623
12.46619,830.00000,849.99804,0.61515,0.49119,12.65615
12.46719,830.00000,849.99804,0.61515,0.49119,12.65607
12.46819,830.00000,847.59008,0.61516,0.49119,12.65598
12.46919,830.00000,847.59008,0.61516,0.49119,12.65588
12.47019,830.00000,845.99230,0.61517,0.49119,12.65578
12.47119,830.00000,842.81488,0.61517,0.49119,12.65567
12.47219,830.00000,845.99230,0.61518,0.49119,12.65555
12.47319,830.00000,845.99230,0.61518,0.49119,12.65543
12.47419,830.00000,844.40063,0.61519,0.49119,12.65530
12.47519,830.00000,844.40063,0.61520,0.49119,12.65517
12.47619,830.00000,843.60705,0.61520,0.49119,12.65503
12.47719,830.00000,841.23516,0.61521,0.49119,12.65488
12.47819,830.00000,841.23516,0.61522,0.49119,12.65473
12.47919,830.00000,841.23516,0.61522,0.49119,12.65457
12.48019,830.00000,843.60705,0.61523,0.49119,12.65441
12.48119,830.00000,841.23516,0.61524,0.49119,12.65424
12.48219,830.00000,843.60705,0.61525,0.49119,12.65406
12.48319,830.00000,843.60705,0.61526,0.49119,12.65388
12.48419,830.00000,841.23516,0.61527,0.49119,12.65369
12.48519,830.00000,843.60705,0.61528,0.49119,12.65350
12.48619,830.00000,841.23516,0.61529,0.49119,12.65330
12.48719,830.00000,847.59008,0.61530,0.49119,12.65310
12.48819,830.00000,849.99804,0.61531,0.49119,12.65289
12.48919,830.00000,849.99804,0.61532,0.49119,12.65267
12.49019,830.00000,849.99804,0.61533,0.49119,12.65245
12.49119,830.00000,849.99804,0.61534,0.49119,12.65223
12.49219,830.00000,849.99804,0.61535,0.49119,12.65199
12.49319,830.00000,849.99804,0.61536,0.49119,12.65176
12.49419,830.00000,849.99804,0.61537,0.49119,12.65152
12.49519,830.00000,849.99804,0.61538,0.49119,12.65127
12.49619,830.00000,849.99804,0.61540,0.49119,12.65102
12.49719,830.00000,849.99804,0.61541,0.49119,12.65077
12.49819,830.00000,849.99804,0.61542,0.49119,12.65050
12.49919,830.00000,849.99804,0.61543,0.49119,12.65023
12.50019,830.00000,849.99804,0.61545,0.49119,12.64996
12.50119,830.00000,849.99804,0.61546,0.49119,12.64968
12.50219,830.00000,847.59008,0.61548,0.49119,12.64939
12.50319,830.00000,846.79046,0.61549,0.49119,12.64909
12.50419,830.00000,846.79046,0.61551,0.49119,12.64879
12.50519,830.00000,844.40063,0.61552,0.49119,12.64848
12.50619,830.00000,843.60705,0.61554,0.49119,12.64817
12.50719,830.00000,844.40063,0.61555,0.49119,12.64785
12.50819,830.00000,844.40063,0.61557,0.49119,12.64752
12.50919,830.00000,844.40063,0.61558,0.49119,12.64719
12.51019,830.00000,846.79046,0.61560,0.49119,12.64685
12.51119,830.00000,846.79046,0.61562,0.49119,12.64651
12.51219,830.00000,846.79046,0.61563,0.49119,12.64616
12.51319,830.00000,846.79046,0.61565,0.49119,12.64580
12.51419,830.00000,848.39117,0.61567,0.49119,12.64544
12.51519,830.00000,848.39117,0.61569,0.49119,12.64507
12.51619,830.00000,848.39117,0.61570,0.49119,12.64470
12.51719,830.00000,848.39117,0.61572,0.49119,12.64432
12.51819,830.00000,846.79046,0.61574,0.49119,12.64393
12.51919,830.00000,846.79046,0.61576,0.49119,12.64354
12.52019,830.00000,845.19567,0.61578,0.49119,12.64314
12.52119,830.00000,845.19567,0.61580,0.49119,12.64274
12.52219,830.00000,842.02429,0.61582,0.49119,12.64234
12.52319,830.00000,840.44744,0.61584,0.49119,12.64193
12.52419,830.00000,840.44744,0.61586,0.49119,12.64152
12.52519,830.00000,842.02429,0.61588,0.49119,12.64111
12.52619,830.00000,842.81488,0.61590,0.49119,12.64069
12.52719,830.00000,845.19567,0.61592,0.49119,12.64027
12.52819,830.00000,845.19567,0.61594,0.49119,12.63984
12.52919,830.00000,845.19567,0.61596,0.49119,12.63942
12.53019,830.00000,845.19567,0.61598,0.49119,12.63899
12.53119,830.00000,845.19567,0.61600,0.49119,12.63855
12.53219,830.00000,845.19567,0.61603,0.49119,12.63812
12.53319,830.00000,845.19567,0.61605,0.49119,12.63768
12.53419,830.00000,846.79046,0.61607,0.49119,12.63724
12.53519,830.00000,845.19567,0.61609,0.49119,12.63679
12.53619,830.00000,845.19567,0.61611,0.49119,12.63634
12.53719,830.00000,846.79046,0.61613,0.49119,12.63589
12.53819,830.00000,843.60705,0.61616,0.49119,12.63544
12.53919,830.00000,847.59008,0.61618,0.49119,12.63499
12.54019,830.00000,847.59008,0.61620,0.49119,12.63454
12.54119,830.00000,847.59008,0.61622,0.49119,12.63409
12.54218,830.00000,842.02429,0.61624,0.49119,12.63364
12.54319,830.00000,841.23516,0.61627,0.49119,12.63319
12.54419,830.00000,841.23516,0.61629,0.49119,12.63274
12.54519,830.00000,841.23516,0.61631,0.49119,12.63229
12.54619,830.00000,841.23516,0.61633,0.49119,12.63183
12.54719,830.00000,851.61090,0.61635,0.49119,12.63138
12.54819,830.00000,850.80364,0.61638,0.49119,12.63092
12.54919,830.00000,851.61090,0.61640,0.49119,12.63047
12.55019,830.00000,850.80364,0.61642,0.49119,12.63002
12.55119,830.00000,850.80364,0.61644,0.49119,12.62956
12.55219,830.00000,850.80364,0.61646,0.49119,12.62911
12.55319,830.00000,850.80364,0.61649,0.49119,12.62866
12.55419,830.00000,850.80364,0.61651,0.49119,12.62821
12.55519,830.00000,848.39117,0.61653,0.49119,12.62776
12.55619,830.00000,848.39117,0.61655,0.49119,12.62731
12.55719,830.00000,848.39117,0.61657,0.49119,12.62687
12.55819,830.00000,848.39117,0.61660,0.49119,12.62642
12.55919,830.00000,848.39117,0.61662,0.49119,12.62598
12.56019,830.00000,848.39117,0.61664,0.49119,12.62554
12.56119,830.00000,848.39117,0.61666,0.49119,12.62511
12.56219,830.00000,848.39117,0.61668,0.49119,12.62468
12.56319,830.00000,848.39117,0.61670,0.49119,12.62426
12.56419,830.00000,846.79046,0.61672,0.49119,12.62383
12.56519,830.00000,848.39117,0.61674,0.49119,12.62342
12.56619,830.00000,847.59008,0.61676,0.49119,12.62300
12.56719,830.00000,847.59008,0.61678,0.49119,12.62259
12.56819,830.00000,847.59008,0.61680,0.49119,12.62219
12.56919,830.00000,846.79046,0.61682,0.49119,12.62178
12.57019,830.00000,846.79046,0.61684,0.49119,12.62138
12.57119,830.00000,847.59008,0.61686,0.49119,12.62098
12.57219,830.00000,843.60705,0.61688,0.49119,12.62059
12.57319,830.00000,847.59008,0.61690,0.49119,12.62020
12.57419,830.00000,847.59008,0.61692,0.49119,12.61981
12.57519,830.00000,847.59008,0.61694,0.49119,12.61943
12.57619,830.00000,848.39117,0.61696,0.49119,12.61905
12.57719,830.00000,849.99804,0.61697,0.49119,12.61868
12.57819,830.00000,849.99804,0.61699,0.49119,12.61832
12.57919,830.00000,850.80364,0.61701,0.49119,12.61796
12.58019,830.00000,850.80364,0.61703,0.49119,12.61760
12.58120,830.00000,851.61090,0.61704,0.49119,12.61725
12.58219,830.00000,850.80364,0.61706,0.49119,12.61690
12.58319,830.00000,850.80364,0.61708,0.49119,12.61656
12.58419,830.00000,849.99804,0.61709,0.49119,12.61623
12.58519,830.00000,849.99804,0.61711,0.49119,12.61590
12.58619,830.00000,844.40063,0.61713,0.49119,12.61557
12.58719,830.00000,844.40063,0.61714,0.49119,12.61525
12.58819,830.00000,844.40063,0.61716,0.49119,12.61494
12.58919,830.00000,844.40063,0.61717,0.49119,12.61463
12.59019,830.00000,844.40063,0.61719,0.49119,12.61432
12.59119,830.00000,844.40063,0.61720,0.49119,12.61402
12.59220,830.00000,842.02429,0.61722,0.49119,12.61373
12.59323,830.00000,844.40063,0.61723,0.49119,12.61344
12.59419,830.00000,851.61090,0.61724,0.49119,12.61315
12.59519,830.00000,851.61090,0.61726,0.49119,12.61287
12.59619,830.00000,851.61090,0.61727,0.49119,12.61259
12.59719,830.00000,851.61090,0.61729,0.49119,12.61232
12.59819,830.00000,851.61090,0.61730,0.49119,12.61205
12.59919,830.00000,850.80364,0.61731,0.49119,12.61178
12.60019,830.00000,850.80364,0.61732,0.49119,12.61153
12.60119,830.00000,850.80364,0.61734,0.49119,12.61127
12.60219,830.00000,848.39117,0.61735,0.49119,12.61102
12.60319,830.00000,848.39117,0.61736,0.49119,12.61077
12.60419,830.00000,845.19567,0.61737,0.49119,12.61053
12.60519,830.00000,845.19567,0.61738,0.49119,12.61029
12.60619,830.00000,845.19567,0.61740,0.49119,12.61006
12.60719,830.00000,845.19567,0.61741,0.49119,12.60983
12.60819,830.00000,845.19567,0.61742,0.49119,12.60961
12.60919,830.00000,845.19567,0.61743,0.49119,12.60939
12.61019,830.00000,845.19567,0.61744,0.49119,12.60917
12.61119,830.00000,846.79046,0.61745,0.49119,12.60896
12.61219,830.00000,845.19567,0.61746,0.49119,12.60875
12.61319,830.00000,846.79046,0.61747,0.49119,12.60855
12.61419,830.00000,846.79046,0.61748,0.49119,12.60835
12.61519,830.00000,846.79046,0.61749,0.49119,12.60816
12.61619,830.00000,846.79046,0.61750,0.49119,12.60796
12.61719,830.00000,848.39117,0.61751,0.49119,12.60778
12.61819,830.00000,848.39117,0.61752,0.49119,12.60760
12.61919,830.00000,845.19567,0.61753,0.49119,12.60741
12.62019,830.00000,843.60705,0.61753,0.49119,12.60724
12.62119,830.00000,845.19567,0.61754,0.49119,12.60707
12.62219,830.00000,843.60705,0.61755,0.49119,12.60690
12.62319,830.00000,845.19567,0.61756,0.49119,12.60673
12.62419,830.00000,843.60705,0.61757,0.49119,12.60657
12.62519,830.00000,845.19567,0.61757,0.49119,12.60641
12.62619,830.00000,845.19567,0.61758,0.49119,12.60626
12.62719,830.00000,843.60705,0.61759,0.49119,12.60611
12.62819,830.00000,845.19567,0.61760,0.49119,12.60597
12.62919,830.00000,843.60705,0.61760,0.49119,12.60583
12.63019,830.00000,846.79046,0.61761,0.49119,12.60570
12.63119,830.00000,844.40063,0.61762,0.49119,12.60557
12.63219,830.00000,844.40063,0.61762,0.49119,12.60545
12.63319,830.00000,846.79046,0.61763,0.49119,12.60533
12.63419,830.00000,844.40063,0.61763,0.49119,12.60522
12.63519,830.00000,848.39117,0.61764,0.49119,12.60512
12.63619,830.00000,848.39117,0.61764,0.49119,12.60502
12.63719,830.00000,848.39117,0.61765,0.49119,12.60492
12.63819,830.00000,849.19384,0.61765,0.49119,12.60483
12.63919,830.00000,849.19384,0.61766,0.49119,12.60475
12.64019,830.00000,849.19384,0.61766,0.49119,12.60467
12.64119,830.00000,849.19384,0.61766,0.49119,12.60459
12.64219,830.00000,849.19384,0.61767,0.49119,12.60452
12.64319,830.00000,848.39117,0.61767,0.49119,12.60446
12.64419,830.00000,848.39117,0.61767,0.49119,12.60440
12.64519,830.00000,849.19384,0.61768,0.49119,12.60435
12.64619,830.00000,846.79046,0.61768,0.49119,12.60430
12.64719,830.00000,849.19384,0.61768,0.49119,12.60425
12.64819,830.00000,849.19384,0.61768,0.49119,12.60421
12.64919,830.00000,849.19384,0.61768,0.49119,12.60418
12.65019,830.00000,846.79046,0.61769,0.49119,12.60414
12.65119,830.00000,849.19384,0.61769,0.49119,12.60412
12.65219,830.00000,849.19384,0.61769,0.49119,12.60410
12.65319,830.00000,849.19384,0.61769,0.49119,12.60408
12.65419,830.00000,849.19384,0.61769,0.49119,12.60407
12.65519,830.00000,852.41961,0.61769,0.49119,12.60406
12.65619,830.00000,852.41961,0.61769,0.49119,12.60406
12.65719,830.00000,852.41961,0.61769,0.49119,12.60406
12.65819,830.00000,849.99804,0.61769,0.49119,12.60406
12.65919,830.00000,847.59008,0.61769,0.49119,12.60408
12.66019,830.00000,849.99804,0.61769,0.49119,12.60409
12.66119,830.00000,847.59008,0.61769,0.49119,12.60411
12.66219,830.00000,847.59008,0.61769,0.49119,12.60414
12.66319,830.00000,848.39117,0.61768,0.49119,12.60417
12.66419,830.00000,848.39117,0.61768,0.49119,12.60420
12.66519,830.00000,848.39117,0.61768,0.49119,12.60424
12.66619,830.00000,848.39117,0.61768,0.49119,12.60428
12.66719,830.00000,849.99804,0.61768,0.49119,12.60432
12.66819,830.00000,849.99804,0.61767,0.49119,12.60437
12.66919,830.00000,851.61090,0.61767,0.49119,12.60442
12.67019,830.00000,851.61090,0.61767,0.49119,12.60448
12.67119,830.00000,848.39117,0.61767,0.49119,12.60454
12.67219,830.00000,848.39117,0.61766,0.49119,12.60460
12.67319,830.00000,847.59008,0.61766,0.49119,12.60467
12.67419,830.00000,847.59008,0.61766,0.49119,12.60474
12.67519,830.00000,845.99230,0.61765,0.49119,12.60482
12.67619,830.00000,844.40063,0.61765,0.49119,12.60490
12.67719,830.00000,844.40063,0.61764,0.49119,12.60498
12.67819,830.00000,845.99230,0.61764,0.49119,12.60507
12.67919,830.00000,845.99230,0.61764,0.49119,12.60516
12.68019,830.00000,844.40063,0.61763,0.49119,12.60525
12.68119,830.00000,844.40063,0.61763,0.49119,12.60535
12.68219,830.00000,847.59008,0.61762,0.49119,12.60545
12.68319,830.00000,851.61090,0.61762,0.49119,12.60556
12.68419,830.00000,851.61090,0.61761,0.49119,12.60566
12.68519,830.00000,847.59008,0.61761,0.49119,12.60577
12.68619,830.00000,847.59008,0.61760,0.49119,12.60589
12.68719,830.00000,850.80364,0.61759,0.49119,12.60601
12.68819,830.00000,847.59008,0.61759,0.49119,12.60613
12.68919,830.00000,847.59008,0.61758,0.49119,12.60625
12.69019,830.00000,847.59008,0.61758,0.49119,12.60638
12.69119,830.00000,850.80364,0.61757,0.49119,12.60651
12.69219,830.00000,850.80364,0.61756,0.49119,12.60664
12.69319,830.00000,850.80364,0.61756,0.49119,12.60678
12.69419,830.00000,847.59008,0.61755,0.49119,12.60692
12.69519,830.00000,847.59008,0.61754,0.49119,12.60706
12.69619,830.00000,847.59008,0.61754,0.49119,12.60720
12.69719,830.00000,845.19567,0.61753,0.49119,12.60735
12.69819,830.00000,845.19567,0.61752,0.49119,12.60750
12.69919,830.00000,845.19567,0.61751,0.49119,12.60765
12.70019,830.00000,845.19567,0.61751,0.49119,12.60781
12.70119,830.00000,847.59008,0.61750,0.49119,12.60796
12.70219,830.00000,845.19567,0.61749,0.49119,12.60812
12.70319,830.00000,845.19567,0.61748,0.49119,12.60828
12.70419,830.00000,847.59008,0.61747,0.49119,12.60845
12.70519,830.00000,845.19567,0.61747,0.49119,12.60862
12.70619,830.00000,849.19384,0.61746,0.49119,12.60879
12.70719,830.00000,849.19384,0.61745,0.49119,12.60896
12.70819,830.00000,849.19384,0.61744,0.49119,12.60914
12.70919,830.00000,849.19384,0.61743,0.49119,12.60932
12.71019,830.00000,848.39117,0.61742,0.49119,12.60950
12.71119,830.00000,845.19567,0.61741,0.49119,12.60969
12.71219,830.00000,848.39117,0.61740,0.49119,12.60987
12.71319,830.00000,848.39117,0.61740,0.49119,12.61006
12.71419,830.00000,848.39117,0.61739,0.49119,12.61025
12.71519,830.00000,848.39117,0.61738,0.49119,12.61045
12.71619,830.00000,848.39117,0.61737,0.49119,12.61064
12.71719,830.00000,848.39117,0.61736,0.49119,12.61084
12.71819,830.00000,848.39117,0.61735,0.49119,12.61104
12.71919,830.00000,848.39117,0.61734,0.49119,12.61124
12.72019,830.00000,848.39117,0.61733,0.49119,12.61145
12.72119,830.00000,850.80364,0.61732,0.49119,12.61165
12.72219,830.00000,851.61090,0.61731,0.49119,12.61186
12.72319,830.00000,850.80364,0.61730,0.49119,12.61207
12.72419,830.00000,847.59008,0.61729,0.49119,12.61228
12.72519,830.00000,845.19567,0.61728,0.49119,12.61249
12.72619,830.00000,846.79046,0.61727,0.49119,12.61271
12.72719,830.00000,846.79046,0.61726,0.49119,12.61293
12.72819,830.00000,846.79046,0.61724,0.49119,12.61315
12.72919,830.00000,847.59008,0.61723,0.49119,12.61337
12.73019,830.00000,847.59008,0.61722,0.49119,12.61359
12.73119,830.00000,847.59008,0.61721,0.49119,12.61382
12.73219,830.00000,846.79046,0.61720,0.49119,12.61404
12.73319,830.00000,846.79046,0.61719,0.49119,12.61427
12.73419,830.00000,846.79046,0.61718,0.49119,12.61449
12.73519,830.00000,846.79046,0.61717,0.49119,12.61472
12.73619,830.00000,846.79046,0.61716,0.49119,12.61495
12.73719,830.00000,847.59008,0.61715,0.49119,12.61518
12.73819,830.00000,847.59008,0.61713,0.49119,12.61542
12.73920,830.00000,847.59008,0.61712,0.49119,12.61566
12.74022,830.00000,842.02429,0.61711,0.49119,12.61590
12.74119,830.00000,842.02429,0.61710,0.49119,12.61615
12.74219,830.00000,842.02429,0.61709,0.49119,12.61640
12.74319,830.00000,842.02429,0.61707,0.49119,12.61665
12.74419,830.00000,848.39117,0.61706,0.49119,12.61691
12.74519,830.00000,847.59008,0.61705,0.49119,12.61717
12.74619,830.00000,847.59008,0.61703,0.49119,12.61744
12.74719,830.00000,847.59008,0.61702,0.49119,12.61770
12.74819,830.00000,842.02429,0.61701,0.49119,12.61798
12.74919,830.00000,847.59008,0.61700,0.49119,12.61825
12.75019,830.00000,847.59008,0.61698,0.49119,12.61853
12.75119,830.00000,850.80364,0.61697,0.49119,12.61881
12.75219,830.00000,850.80364,0.61695,0.49119,12.61909
12.75319,830.00000,847.59008,0.61694,0.49119,12.61937
12.75419,830.00000,847.59008,0.61693,0.49119,12.61966
12.75519,830.00000,847.59008,0.61691,0.49119,12.61995
12.75619,830.00000,847.59008,0.61690,0.49119,12.62025
12.75719,830.00000,847.59008,0.61688,0.49119,12.62054
12.75819,830.00000,847.59008,0.61687,0.49119,12.62084
12.75919,830.00000,847.59008,0.61685,0.49119,12.62115
12.76019,830.00000,847.59008,0.61684,0.49119,12.62145
12.76119,830.00000,847.59008,0.61682,0.49119,12.62176
12.76219,830.00000,847.59008,0.61681,0.49119,12.62207
12.76319,830.00000,840.44744,0.61679,0.49119,12.62239
12.76419,830.00000,849.99804,0.61678,0.49119,12.62270
12.76519,830.00000,850.80364,0.61676,0.49119,12.62302
12.76619,830.00000,849.99804,0.61675,0.49119,12.62334
12.76719,830.00000,850.80364,0.61673,0.49119,12.62366
12.76819,830.00000,849.99804,0.61671,0.49119,12.62399
12.76919,830.00000,849.99804,0.61670,0.49119,12.62432
12.77019,830.00000,849.99804,0.61668,0.49119,12.62465
12.77119,830.00000,848.39117,0.61667,0.49119,12.62498
12.77219,830.00000,848.39117,0.61665,0.49119,12.62532
12.77319,830.00000,848.39117,0.61663,0.49119,12.62565
12.77419,830.00000,848.39117,0.61662,0.49119,12.62599
12.77519,830.00000,845.99230,0.61660,0.49119,12.62633
12.77619,830.00000,845.99230,0.61658,0.49119,12.62668
12.77719,830.00000,845.99230,0.61657,0.49119,12.62703
12.77819,830.00000,845.99230,0.61655,0.49119,12.62737
12.77919,830.00000,848.39117,0.61653,0.49119,12.62773
12.78019,830.00000,848.39117,0.61651,0.49119,12.62808
12.78119,830.00000,849.99804,0.61650,0.49119,12.62843
12.78219,830.00000,849.99804,0.61648,0.49119,12.62879
12.78319,830.00000,849.99804,0.61646,0.49119,12.62915
12.78419,830.00000,849.99804,0.61644,0.49119,12.62952
12.78519,830.00000,849.99804,0.61643,0.49119,12.62988
12.78619,830.00000,849.99804,0.61641,0.49119,12.63025
12.78719,830.00000,849.99804,0.61639,0.49119,12.63062
12.78819,830.00000,851.61090,0.61637,0.49119,12.63099
12.78919,830.00000,851.61090,0.61635,0.49119,12.63136
12.79019,830.00000,851.61090,0.61634,0.49119,12.63174
12.79119,830.00000,851.61090,0.61632,0.49119,12.63212
12.79219,830.00000,848.39117,0.61630,0.49119,12.63251
12.79319,830.00000,851.61090,0.61628,0.49119,12.63290
12.79419,830.00000,850.80364,0.61626,0.49119,12.63329
12.79519,830.00000,850.80364,0.61624,0.49119,12.63368
12.79619,830.00000,850.80364,0.61622,0.49119,12.63408
12.79719,830.00000,848.39117,0.61620,0.49119,12.63449
12.79819,830.00000,844.40063,0.61618,0.49119,12.63489
12.79919,830.00000,843.60705,0.61616,0.49119,12.63530
12.80019,830.00000,844.40063,0.61614,0.49119,12.63572
12.80119,830.00000,844.40063,0.61612,0.49119,12.63613
12.80219,830.00000,848.39117,0.61610,0.49119,12.63655
12.80319,830.00000,845.19567,0.61608,0.49119,12.63697
12.80419,830.00000,845.19567,0.61606,0.49119,12.63739
12.80519,830.00000,844.40063,0.61604,0.49119,12.63782
12.80619,830.00000,845.19567,0.61602,0.49119,12.63825
12.80719,830.00000,845.19567,0.61600,0.49119,12.63868
12.80819,830.00000,845.19567,0.61598,0.49119,12.63912
12.80919,830.00000,848.39117,0.61595,0.49119,12.63956
12.81020,830.00000,848.39117,0.61593,0.49119,12.64001
12.81119,830.00000,848.39117,0.61591,0.49119,12.64045
12.81219,830.00000,848.39117,0.61589,0.49119,12.64090
12.81319,830.00000,848.39117,0.61587,0.49119,12.64134
12.81419,830.00000,848.39117,0.61585,0.49119,12.64180
12.81519,830.00000,849.19384,0.61582,0.49119,12.64225
12.81619,830.00000,849.19384,0.61580,0.49119,12.64271
12.81719,830.00000,849.19384,0.61578,0.49119,12.64317
12.81819,830.00000,849.19384,0.61576,0.49119,12.64363
12.81919,830.00000,847.59008,0.61573,0.49119,12.64409
12.82019,830.00000,847.59008,0.61571,0.49119,12.64456
12.82119,830.00000,842.02429,0.61569,0.49119,12.64503
12.82219,830.00000,846.79046,0.61567,0.49119,12.64550
12.82319,830.00000,845.99230,0.61564,0.49119,12.64597
12.82419,830.00000,845.99230,0.61562,0.49119,12.64645
12.82519,830.00000,846.79046,0.61560,0.49119,12.64693
12.82619,830.00000,845.99230,0.61557,0.49119,12.64741
12.82719,830.00000,845.99230,0.61555,0.49119,12.64789
12.82819,830.00000,845.99230,0.61553,0.49119,12.64838
12.82919,830.00000,845.99230,0.61550,0.49119,12.64887
12.83019,830.00000,845.99230,0.61548,0.49119,12.64936
12.83119,830.00000,846.79046,0.61545,0.49119,12.64985
12.83219,830.00000,845.99230,0.61543,0.49119,12.65034
12.83319,830.00000,844.40063,0.61541,0.49119,12.65084
12.83419,830.00000,843.60705,0.61538,0.49119,12.65133
12.83519,830.00000,842.81488,0.61536,0.49119,12.65183
12.83619,830.00000,843.60705,0.61533,0.49119,12.65233
12.83719,830.00000,843.60705,0.61531,0.49119,12.65284
12.83819,830.00000,842.81488,0.61528,0.49119,12.65334
12.83919,830.00000,844.40063,0.61526,0.49119,12.65385
12.84019,830.00000,844.40063,0.61523,0.49119,12.65436
12.84119,830.00000,844.40063,0.61521,0.49119,12.65487
12.84219,830.00000,842.02429,0.61518,0.49119,12.65538
12.84319,830.00000,844.40063,0.61516,0.49119,12.65589
12.84419,830.00000,848.39117,0.61514,0.49119,12.65640
12.84519,830.00000,848.39117,0.61511,0.49119,12.65692
12.84619,830.00000,848.39117,0.61508,0.49119,12.65743
12.84719,830.00000,845.99230,0.61506,0.49119,12.65795
12.84819,830.00000,848.39117,0.61503,0.49119,12.65847
12.84919,830.00000,846.79046,0.61501,0.49119,12.65899
12.85019,830.00000,846.79046,0.61498,0.49119,12.65951
12.85119,830.00000,845.99230,0.61496,0.49119,12.66004
12.85219,830.00000,845.99230,0.61493,0.49119,12.66056
12.85319,830.00000,845.99230,0.61491,0.49119,12.66108
12.85419,830.00000,845.99230,0.61488,0.49119,12.66161
12.85519,830.00000,845.99230,0.61486,0.49119,12.66213
12.85619,830.00000,845.99230,0.61483,0.49119,12.66265
12.85719,830.00000,845.99230,0.61481,0.49119,12.66317
12.85819,830.00000,846.79046,0.61478,0.49119,12.66369
12.85919,830.00000,845.99230,0.61476,0.49119,12.66421
12.86019,830.00000,845.99230,0.61473,0.49119,12.66473
12.86119,830.00000,846.79046,0.61471,0.49119,12.66525
12.86219,830.00000,846.79046,0.61468,0.49119,12.66576
12.86319,830.00000,846.79046,0.61466,0.49119,12.66628
12.86419,830.00000,846.79046,0.61463,0.49119,12.66680
12.86519,830.00000,846.79046,0.61461,0.49119,12.66731
12.86619,830.00000,844.40063,0.61458,0.49119,12.66782
12.86719,830.00000,845.99230,0.61456,0.49119,12.66834
12.86819,830.00000,844.40063,0.61453,0.49119,12.66885
12.86919,830.00000,845.99230,0.61451,0.49119,12.66936
12.87019,830.00000,845.99230,0.61448,0.49119,12.66987
12.87119,830.00000,845.99230,0.61446,0.49119,12.67038
12.87219,830.00000,844.40063,0.61443,0.49119,12.67089
12.87319,830.00000,844.40063,0.61441,0.49119,12.67140
12.87419,830.00000,845.19567,0.61438,0.49119,12.67191
12.87519,830.00000,845.99230,0.61436,0.49119,12.67241
12.87619,830.00000,845.19567,0.61433,0.49119,12.67292
12.87719,830.00000,845.19567,0.61431,0.49119,12.67342
12.87819,830.00000,845.19567,0.61428,0.49119,12.67392
12.87919,830.00000,845.19567,0.61426,0.49119,12.67443
12.88019,830.00000,844.40063,0.61424,0.49119,12.67493
12.88119,830.00000,844.40063,0.61421,0.49119,12.67543
12.88219,830.00000,844.40063,0.61419,0.49119,12.67593
12.88319,830.00000,844.40063,0.61416,0.49119,12.67642
12.88419,830.00000,844.40063,0.61414,0.49119,12.67692
12.88520,830.00000,844.40063,0.61412,0.49119,12.67742
12.88622,830.00000,844.40063,0.61409,0.49119,12.67791
12.88719,830.00000,844.40063,0.61407,0.49119,12.67841
12.88819,830.00000,844.40063,0.61404,0.49119,12.67890
12.88919,830.00000,844.40063,0.61402,0.49119,12.67939
12.89019,830.00000,844.40063,0.61400,0.49119,12.67988
12.89119,830.00000,844.40063,0.61397,0.49119,12.68037
12.89219,830.00000,843.60705,0.61395,0.49119,12.68086
12.89319,830.00000,844.40063,0.61393,0.49119,12.68135
12.89419,830.00000,843.60705,0.61390,0.49119,12.68183
12.89519,830.00000,844.40063,0.61388,0.49119,12.68232
12.89619,830.00000,843.60705,0.61385,0.49119,12.68280
12.89719,830.00000,842.81488,0.61383,0.49119,12.68328
12.89819,830.00000,842.81488,0.61381,0.49119,12.68376
12.89919,830.00000,843.60705,0.61379,0.49119,12.68424
12.90019,830.00000,845.19567,0.61376,0.49119,12.68471
12.90119,830.00000,845.19567,0.61374,0.49119,12.68518
12.90219,830.00000,845.99230,0.61372,0.49119,12.68565
12.90319,830.00000,845.19567,0.61369,0.49119,12.68611
12.90419,830.00000,845.19567,0.61367,0.49119,12.68657
12.90519,830.00000,845.19567,0.61365,0.49119,12.68703
12.90619,830.00000,847.59008,0.61363,0.49119,12.68749
12.90719,830.00000,847.59008,0.61361,0.49119,12.68794
12.90819,830.00000,847.59008,0.61358,0.49119,12.68839
12.90919,830.00000,845.19567,0.61356,0.49119,12.68883
12.91019,830.00000,845.19567,0.61354,0.49119,12.68928
12.91119,830.00000,845.19567,0.61352,0.49119,12.68972
12.91219,830.00000,847.59008,0.61350,0.49119,12.69016
12.91319,830.00000,848.39117,0.61348,0.49119,12.69059
12.91419,830.00000,848.39117,0.61346,0.49119,12.69102
12.91519,830.00000,851.61090,0.61344,0.49119,12.69144
12.91619,830.00000,851.61090,0.61342,0.49119,12.69187
12.91719,830.00000,851.61090,0.61340,0.49119,12.69228
12.91819,830.00000,851.61090,0.61338,0.49119,12.69269
12.91919,830.00000,851.61090,0.61336,0.49119,12.69310
12.92019,830.00000,851.61090,0.61334,0.49119,12.69350
12.92119,830.00000,849.19384,0.61332,0.49119,12.69390
12.92219,830.00000,841.23516,0.61330,0.49119,12.69429
12.92319,830.00000,840.44744,0.61328,0.49119,12.69468
12.92419,830.00000,840.44744,0.61326,0.49119,12.69507
12.92519,830.00000,840.44744,0.61324,0.49119,12.69544
12.92619,830.00000,838.09326,0.61323,0.49119,12.69582
12.92719,830.00000,840.44744,0.61321,0.49119,12.69619
12.92819,830.00000,841.23516,0.61319,0.49119,12.69656
12.92919,830.00000,841.23516,0.61317,0.49119,12.69692
12.93019,830.00000,840.44744,0.61315,0.49119,12.69727
12.93119,830.00000,841.23516,0.61314,0.49119,12.69763
12.93219,830.00000,845.99230,0.61312,0.49119,12.69798
12.93319,830.00000,845.99230,0.61310,0.49119,12.69832
12.93419,830.00000,845.99230,0.61309,0.49119,12.69866
12.93519,830.00000,845.99230,0.61307,0.49119,12.69900
12.93619,830.00000,845.99230,0.61306,0.49119,12.69933
12.93719,830.00000,845.99230,0.61304,0.49119,12.69965
12.93819,830.00000,845.99230,0.61302,0.49119,12.69997
12.93919,830.00000,843.60705,0.61301,0.49119,12.70029
12.94019,830.00000,843.60705,0.61299,0.49119,12.70060
12.94119,830.00000,843.60705,0.61298,0.49119,12.70090
12.94219,830.00000,842.02429,0.61297,0.49119,12.70120
12.94319,830.00000,842.02429,0.61295,0.49119,12.70149
12.94419,830.00000,840.44744,0.61294,0.49119,12.70177
12.94519,830.00000,840.44744,0.61292,0.49119,12.70205
12.94619,830.00000,842.02429,0.61291,0.49119,12.70233
12.94719,830.00000,842.02429,0.61290,0.49119,12.70260
12.94819,830.00000,842.02429,0.61289,0.49119,12.70286
12.94919,830.00000,844.40063,0.61287,0.49119,12.70312
12.95019,830.00000,844.40063,0.61286,0.49119,12.70337
12.95119,830.00000,844.40063,0.61285,0.49119,12.70361
12.95219,830.00000,844.40063,0.61284,0.49119,12.70385
12.95319,830.00000,854.04180,0.61283,0.49119,12.70408
12.95419,830.00000,844.40063,0.61282,0.49119,12.70431
12.95519,830.00000,844.40063,0.61280,0.49119,12.70454
12.95619,830.00000,842.81488,0.61279,0.49119,12.70476
12.95719,830.00000,842.81488,0.61278,0.49119,12.70497
12.95819,830.00000,842.81488,0.61277,0.49119,12.70518
12.95919,830.00000,842.81488,0.61276,0.49119,12.70539
12.96019,830.00000,842.02429,0.61275,0.49119,12.70559
12.96119,830.00000,842.81488,0.61274,0.49119,12.70578
12.96219,830.00000,842.81488,0.61274,0.49119,12.70597
12.96319,830.00000,842.81488,0.61273,0.49119,12.70616
12.96419,830.00000,842.81488,0.61272,0.49119,12.70634
12.96519,830.00000,845.19567,0.61271,0.49119,12.70651
12.96619,830.00000,845.19567,0.61270,0.49119,12.70668
12.96719,830.00000,840.44744,0.61269,0.49119,12.70685
12.96819,830.00000,840.44744,0.61269,0.49119,12.70701
12.96919,830.00000,844.40063,0.61268,0.49119,12.70716
12.97019,830.00000,840.44744,0.61267,0.49119,12.70731
12.97119,830.00000,840.44744,0.61266,0.49119,12.70745
12.97219,830.00000,839.66131,0.61266,0.49119,12.70759
12.97319,830.00000,839.66131,0.61265,0.49119,12.70773
12.97419,830.00000,837.31140,0.61264,0.49119,12.70786
12.97519,830.00000,837.31140,0.61264,0.49119,12.70799
12.97619,830.00000,837.31140,0.61263,0.49119,12.70812
12.97719,830.00000,838.09326,0.61263,0.49119,12.70824
12.97819,830.00000,839.66131,0.61262,0.49119,12.70836
12.97919,830.00000,838.09326,0.61261,0.49119,12.70848
12.98019,830.00000,838.09326,0.61261,0.49119,12.70860
12.98119,830.00000,837.31140,0.61260,0.49119,12.70871
12.98219,830.00000,838.09326,0.61260,0.49119,12.70882
12.98319,830.00000,838.09326,0.61259,0.49119,12.70893
12.98419,830.00000,838.09326,0.61259,0.49119,12.70903
12.98519,830.00000,838.09326,0.61258,0.49119,12.70913
12.98619,830.00000,838.09326,0.61258,0.49119,12.70923
12.98719,830.00000,837.31140,0.61257,0.49119,12.70933
12.98819,830.00000,837.31140,0.61257,0.49119,12.70943
12.98919,830.00000,835.75225,0.61256,0.49119,12.70952
12.99019,830.00000,837.31140,0.61256,0.49119,12.70961
12.99119,830.00000,837.31140,0.61256,0.49119,12.70969
12.99219,830.00000,842.02429,0.61255,0.49119,12.70978
12.99319,830.00000,849.19384,0.61255,0.49119,12.70986
12.99419,830.00000,849.19384,0.61254,0.49119,12.70994
12.99519,830.00000,849.19384,0.61254,0.49119,12.71002
12.99619,830.00000,849.19384,0.61254,0.49119,12.71010
12.99719,830.00000,849.19384,0.61253,0.49119,12.71017
12.99819,830.00000,845.99230,0.61253,0.49119,12.71024
12.99919,830.00000,845.99230,0.61253,0.49119,12.71031
13.00019,830.00000,845.99230,0.61252,0.49119,12.71038
13.00119,830.00000,845.99230,0.61252,0.49119,12.71044
13.00219,830.00000,845.99230,0.61252,0.49119,12.71051
13.00319,830.00000,838.87658,0.61251,0.49119,12.71058
13.00419,830.00000,836.53112,0.61251,0.49119,12.71065
13.00519,830.00000,838.87658,0.61251,0.49119,12.71071
13.00619,830.00000,836.53112,0.61250,0.49119,12.71078
13.00719,830.00000,834.19879,0.61250,0.49119,12.71085
13.00819,830.00000,834.19879,0.61250,0.49119,12.71091
13.00919,830.00000,834.19879,0.61249,0.49119,12.71098
13.01019,830.00000,838.87658,0.61249,0.49119,12.71104
13.01119,830.00000,834.19879,0.61249,0.49119,12.71111
13.01219,830.00000,838.87658,0.61248,0.49119,12.71117
13.01319,830.00000,834.19879,0.61248,0.49119,12.71123
13.01419,830.00000,834.19879,0.61248,0.49119,12.71130
13.01519,830.00000,842.02429,0.61248,0.49119,12.71136
13.01619,830.00000,842.02429,0.61247,0.49119,12.71142
13.01719,830.00000,834.19879,0.61247,0.49119,12.71148
13.01819,830.00000,842.02429,0.61247,0.49119,12.71154
13.01919,830.00000,842.02429,0.61246,0.49119,12.71160
13.02019,830.00000,842.02429,0.61246,0.49119,12.71167
13.02119,830.00000,842.02429,0.61246,0.49119,12.71173
13.02219,830.00000,834.97479,0.61245,0.49119,12.71180
13.02319,830.00000,842.02429,0.61245,0.49119,12.71186
13.02419,830.00000,834.97479,0.61245,0.49119,12.71193
13.02519,830.00000,845.99230,0.61244,0.49119,12.71200
13.02619,830.00000,844.40063,0.61244,0.49119,12.71207
13.02719,830.00000,844.40063,0.61244,0.49119,12.71215
13.02819,830.00000,840.44744,0.61243,0.49119,12.71222
13.02919,830.00000,844.40063,0.61243,0.49119,12.71230
13.03019,830.00000,844.40063,0.61243,0.49119,12.71238
13.03119,830.00000,844.40063,0.61242,0.49119,12.71246
13.03222,830.00000,844.40063,0.61242,0.49119,12.71254
13.03319,830.00000,844.40063,0.61241,0.49119,12.71262
13.03419,830.00000,844.40063,0.61241,0.49119,12.71270
13.03519,830.00000,845.99230,0.61241,0.49119,12.71279
13.03619,830.00000,844.40063,0.61240,0.49119,12.71288
13.03719,830.00000,840.44744,0.61240,0.49119,12.71297
13.03819,830.00000,845.99230,0.61239,0.49119,12.71307
13.03919,830.00000,845.99230,0.61239,0.49119,12.71317
13.04019,830.00000,845.19567,0.61238,0.49119,12.71327
13.04119,830.00000,838.87658,0.61238,0.49119,12.71337
13.04219,830.00000,838.87658,0.61237,0.49119,12.71348
13.04319,830.00000,838.09326,0.61237,0.49119,12.71359
13.04419,830.00000,835.75225,0.61236,0.49119,12.71371
13.04519,830.00000,835.75225,0.61236,0.49119,12.71383
13.04619,830.00000,835.75225,0.61235,0.49119,12.71395
13.04719,830.00000,835.75225,0.61234,0.49119,12.71407
13.04819,830.00000,835.75225,0.61234,0.49119,12.71420
13.04919,830.00000,835.75225,0.61233,0.49119,12.71432
13.05019,830.00000,837.31140,0.61233,0.49119,12.71445
13.05119,830.00000,835.75225,0.61232,0.49119,12.71459
13.05219,830.00000,837.31140,0.61231,0.49119,12.71473
13.05319,830.00000,838.09326,0.61231,0.49119,12.71487
13.05419,830.00000,838.09326,0.61230,0.49119,12.71501
13.05519,830.00000,844.40063,0.61229,0.49119,12.71515
13.05619,830.00000,844.40063,0.61229,0.49119,12.71530
13.05719,830.00000,838.09326,0.61228,0.49119,12.71545
13.05819,830.00000,844.40063,0.61227,0.49119,12.71560
13.05919,830.00000,838.09326,0.61226,0.49119,12.71576
13.06019,830.00000,844.40063,0.61226,0.49119,12.71591
13.06119,830.00000,844.40063,0.61225,0.49119,12.71607
13.06219,830.00000,844.40063,0.61224,0.49119,12.71623
13.06319,830.00000,844.40063,0.61223,0.49119,12.71639
13.06419,830.00000,838.09326,0.61223,0.49119,12.71655
13.06519,830.00000,840.44744,0.61222,0.49119,12.71671
13.06619,830.00000,840.44744,0.61221,0.49119,12.71687
13.06719,830.00000,840.44744,0.61220,0.49119,12.71703
13.06819,830.00000,845.99230,0.61219,0.49119,12.71719
13.06919,830.00000,841.23516,0.61219,0.49119,12.71735
13.07019,830.00000,841.23516,0.61218,0.49119,12.71751
13.07119,830.00000,840.44744,0.61217,0.49119,12.71767
13.07219,830.00000,841.23516,0.61216,0.49119,12.71783
13.07319,830.00000,841.23516,0.61216,0.49119,12.71800
13.07419,830.00000,845.99230,0.61215,0.49119,12.71816
13.07519,830.00000,845.99230,0.61214,0.49119,12.71832
13.07619,830.00000,841.23516,0.61213,0.49119,12.71848
13.07719,830.00000,841.23516,0.61212,0.49119,12.71865
13.07819,830.00000,841.23516,0.61212,0.49119,12.71881
13.07919,830.00000,841.23516,0.61211,0.49119,12.71897
13.08019,830.00000,846.79046,0.61210,0.49119,12.71914
13.08119,830.00000,846.79046,0.61209,0.49119,12.71930
13.08219,830.00000,846.79046,0.61209,0.49119,12.71946
13.08319,830.00000,837.31140,0.61208,0.49119,12.71962
13.08419,830.00000,835.75225,0.61207,0.49119,12.71979
13.08519,830.00000,835.75225,0.61206,0.49119,12.71995
13.08619,830.00000,835.75225,0.61205,0.49119,12.72011
13.08719,830.00000,833.42425,0.61205,0.49119,12.72027
13.08819,830.00000,833.42425,0.61204,0.49119,12.72043
13.08919,830.00000,833.42425,0.61203,0.49119,12.72059
13.09019,830.00000,833.42425,0.61202,0.49119,12.72074
13.09119,830.00000,831.10913,0.61202,0.49119,12.72090
13.09219,830.00000,833.42425,0.61201,0.49119,12.72105
13.09319,830.00000,838.87658,0.61200,0.49119,12.72120
13.09419,830.00000,838.87658,0.61199,0.49119,12.72135
13.09519,830.00000,838.87658,0.61199,0.49119,12.72149
13.09619,830.00000,838.87658,0.61198,0.49119,12.72164
13.09719,830.00000,838.87658,0.61197,0.49119,12.72178
13.09819,830.00000,838.87658,0.61197,0.49119,12.72192
13.09919,830.00000,838.87658,0.61196,0.49119,12.72205
13.10019,830.00000,844.40063,0.61195,0.49119,12.72218
13.10119,830.00000,838.87658,0.61195,0.49119,12.72231
13.10219,830.00000,844.40063,0.61194,0.49119,12.72244
13.10319,830.00000,844.40063,0.61194,0.49119,12.72256
13.10419,830.00000,840.44744,0.61193,0.49119,12.72268
13.10519,830.00000,844.40063,0.61192,0.49119,12.72279
13.10619,830.00000,840.44744,0.61192,0.49119,12.72291
13.10719,830.00000,842.81488,0.61191,0.49119,12.72302
13.10819,830.00000,842.81488,0.61191,0.49119,12.72312
13.10919,830.00000,842.81488,0.61190,0.49119,12.72322
13.11019,830.00000,842.81488,0.61190,0.49119,12.72332
13.11119,830.00000,840.44744,0.61190,0.49119,12.72342
13.11219,830.00000,840.44744,0.61189,0.49119,12.72351
13.11319,830.00000,840.44744,0.61189,0.49119,12.72360
13.11419,830.00000,838.87658,0.61188,0.49119,12.72369
13.11519,830.00000,840.44744,0.61188,0.49119,12.72377
13.11619,830.00000,840.44744,0.61187,0.49119,12.72386
13.11719,830.00000,840.44744,0.61187,0.49119,12.72395
13.11819,830.00000,840.44744,0.61187,0.49119,12.72403
13.11919,830.00000,838.09326,0.61186,0.49119,12.72411
13.12019,830.00000,838.09326,0.61186,0.49119,12.72420
13.12119,830.00000,840.44744,0.61185,0.49119,12.72428
13.12219,830.00000,846.79046,0.61185,0.49119,12.72436
13.12319,830.00000,846.79046,0.61185,0.49119,12.72444
13.12419,830.00000,846.79046,0.61184,0.49119,12.72452
13.12519,830.00000,846.79046,0.61184,0.49119,12.72460
13.12619,830.00000,842.81488,0.61183,0.49119,12.72467
13.12719,830.00000,842.81488,0.61183,0.49119,12.72475
13.12819,830.00000,842.81488,0.61183,0.49119,12.72482
13.12919,830.00000,842.81488,0.61182,0.49119,12.72490
13.13019,830.00000,842.81488,0.61182,0.49119,12.72497
13.13119,830.00000,842.81488,0.61182,0.49119,12.72504
13.13219,830.00000,838.09326,0.61181,0.49119,12.72511
13.13319,830.00000,838.09326,0.61181,0.49119,12.72518
13.13419,830.00000,837.31140,0.61181,0.49119,12.72525
13.13519,830.00000,837.31140,0.61180,0.49119,12.72532
13.13619,830.00000,837.31140,0.61180,0.49119,12.72539
13.13719,830.00000,837.31140,0.61180,0.49119,12.72545
13.13819,830.00000,838.09326,0.61179,0.49119,12.72552
13.13919,830.00000,838.09326,0.61179,0.49119,12.72558
13.14019,830.00000,838.09326,0.61179,0.49119,12.72564
13.14119,830.00000,838.09326,0.61178,0.49119,12.72571
13.14219,830.00000,841.23516,0.61178,0.49119,12.72577
13.14319,830.00000,841.23516,0.61178,0.49119,12.72583
13.14419,830.00000,845.19567,0.61178,0.49119,12.72589
13.14519,830.00000,845.19567,0.61177,0.49119,12.72595
13.14619,830.00000,853.22991,0.61177,0.49119,12.72600
13.14719,830.00000,845.19567,0.61177,0.49119,12.72606
13.14819,830.00000,843.60705,0.61177,0.49119,12.72612
13.14919,830.00000,843.60705,0.61176,0.49119,12.72617
13.15019,830.00000,840.44744,0.61176,0.49119,12.72622
13.15119,830.00000,843.60705,0.61176,0.49119,12.72628
13.15219,830.00000,840.44744,0.61176,0.49119,12.72633
13.15319,830.00000,840.44744,0.61175,0.49119,12.72638
13.15419,830.00000,840.44744,0.61175,0.49119,12.72643
13.15519,830.00000,840.44744,0.61175,0.49119,12.72648
13.15619,830.00000,840.44744,0.61175,0.49119,12.72653
13.15719,830.00000,835.75225,0.61174,0.49119,12.72657
13.15819,830.00000,835.75225,0.61174,0.49119,12.72662
13.15919,830.00000,835.75225,0.61174,0.49119,12.72666
13.16019,830.00000,835.75225,0.61174,0.49119,12.72670
13.16119,830.00000,835.75225,0.61174,0.49119,12.72675
13.16219,830.00000,835.75225,0.61173,0.49119,12.72679
13.16319,830.00000,835.75225,0.61173,0.49119,12.72683
13.16419,830.00000,845.19567,0.61173,0.49119,12.72687
13.16519,830.00000,835.75225,0.61173,0.49119,12.72691
13.16619,830.00000,835.75225,0.61173,0.49119,12.72694
13.16719,830.00000,845.19567,0.61172,0.49119,12.72698
13.16819,830.00000,845.19567,0.61172,0.49119,12.72702
13.16919,830.00000,845.99230,0.61172,0.49119,12.72705
13.17019,830.00000,845.99230,0.61172,0.49119,12.72709
13.17119,830.00000,845.99230,0.61172,0.49119,12.72712
13.17219,830.00000,845.99230,0.61172,0.49119,12.72715
13.17319,830.00000,845.99230,0.61171,0.49119,12.72719
13.17419,830.00000,845.99230,0.61171,0.49119,12.72721
13.17519,830.00000,836.53112,0.61171,0.49119,12.72724
13.17619,830.00000,836.53112,0.61171,0.49119,12.72727
13.17719,830.00000,842.02429,0.61171,0.49119,12.72730
13.17820,830.00000,839.66131,0.61171,0.49119,12.72733
13.17922,830.00000,836.53112,0.61171,0.49119,12.72735
13.18019,830.00000,834.97479,0.61170,0.49119,12.72738
13.18119,830.00000,834.97479,0.61170,0.49119,12.72740
13.18219,830.00000,834.97479,0.61170,0.49119,12.72743
13.18319,830.00000,834.19879,0.61170,0.49119,12.72745
13.18419,830.00000,834.97479,0.61170,0.49119,12.72747
13.18519,830.00000,839.66131,0.61170,0.49119,12.72749
13.18619,830.00000,839.66131,0.61170,0.49119,12.72751
13.18719,830.00000,842.02429,0.61170,0.49119,12.72754
13.18819,830.00000,842.02429,0.61170,0.49119,12.72756
13.18919,830.00000,842.02429,0.61170,0.49119,12.72758
13.19019,830.00000,842.81488,0.61169,0.49119,12.72760
13.19119,830.00000,842.81488,0.61169,0.49119,12.72762
13.19219,830.00000,842.81488,0.61169,0.49119,12.72764
13.19319,830.00000,842.81488,0.61169,0.49119,12.72767
13.19419,830.00000,842.81488,0.61169,0.49119,12.72769
13.19519,830.00000,842.81488,0.61169,0.49119,12.72772
13.19619,830.00000,842.02429,0.61169,0.49119,12.72775
13.19719,830.00000,842.81488,0.61169,0.49119,12.72778
13.19819,830.00000,841.23516,0.61168,0.49119,12.72780
13.19919,830.00000,841.23516,0.61168,0.49119,12.72783
13.20019,830.00000,841.23516,0.61168,0.49119,12.72786
13.20119,830.00000,841.23516,0.61168,0.49119,12.72790
13.20219,830.00000,833.42425,0.61168,0.49119,12.72793
13.20319,830.00000,841.23516,0.61168,0.49119,12.72796
13.20419,830.00000,842.81488,0.61167,0.49119,12.72800
13.20519,830.00000,841.23516,0.61167,0.49119,12.72804
13.20619,830.00000,842.81488,0.61167,0.49119,12.72807
13.20719,830.00000,843.60705,0.61167,0.49119,12.72811
13.20819,830.00000,842.81488,0.61167,0.49119,12.72815
13.20919,830.00000,842.81488,0.61167,0.49119,12.72819
13.21019,830.00000,842.81488,0.61166,0.49119,12.72823
13.21119,830.00000,841.23516,0.61166,0.49119,12.72828
13.21219,830.00000,842.81488,0.61166,0.49119,12.72832
13.21319,830.00000,841.23516,0.61166,0.49119,12.72837
13.21419,830.00000,841.23516,0.61165,0.49119,12.72841
13.21519,830.00000,841.23516,0.61165,0.49119,12.72846
13.21619,830.00000,841.23516,0.61165,0.49119,12.72851
13.21719,830.00000,837.31140,0.61165,0.49119,12.72855
13.21819,830.00000,835.75225,0.61165,0.49119,12.72860
13.21919,830.00000,837.31140,0.61164,0.49119,12.72865
13.22019,830.00000,837.31140,0.61164,0.49119,12.72870
13.22119,830.00000,846.79046,0.61164,0.49119,12.72875
13.22219,830.00000,850.80364,0.61164,0.49119,12.72881
13.22319,830.00000,850.80364,0.61163,0.49119,12.72886
13.22419,830.00000,850.80364,0.61163,0.49119,12.72892
13.22519,830.00000,850.80364,0.61163,0.49119,12.72897
13.22619,830.00000,850.80364,0.61163,0.49119,12.72903
13.22719,830.00000,850.80364,0.61162,0.49119,12.72909
13.22819,830.00000,851.61090,0.61162,0.49119,12.72914
13.22919,830.00000,850.80364,0.61162,0.49119,12.72920
13.23019,830.00000,852.41961,0.61161,0.49119,12.72926
13.23119,830.00000,840.44744,0.61161,0.49119,12.72933
13.23219,830.00000,840.44744,0.61161,0.49119,12.72939
13.23319,830.00000,836.53112,0.61161,0.49119,12.72945
13.23419,830.00000,836.53112,0.61160,0.49119,12.72951
13.23519,830.00000,836.53112,0.61160,0.49119,12.72958
13.23619,830.00000,840.44744,0.61160,0.49119,12.72964
13.23719,830.00000,840.44744,0.61159,0.49119,12.72971
13.23819,830.00000,842.81488,0.61159,0.49119,12.72977
13.23919,830.00000,840.44744,0.61159,0.49119,12.72984
13.24019,830.00000,842.81488,0.61158,0.49119,12.72991
13.24119,830.00000,840.44744,0.61158,0.49119,12.72998
13.24219,830.00000,842.81488,0.61158,0.49119,12.73004
13.24319,830.00000,842.81488,0.61157,0.49119,12.73011
13.24419,830.00000,842.81488,0.61157,0.49119,12.73019
13.24519,830.00000,840.44744,0.61157,0.49119,12.73026
13.24619,830.00000,840.44744,0.61156,0.49119,12.73033
13.24719,830.00000,838.87658,0.61156,0.49119,12.73040
13.24819,830.00000,840.44744,0.61156,0.49119,12.73048
13.24919,830.00000,840.44744,0.61155,0.49119,12.73055
13.25019,830.00000,845.99230,0.61155,0.49119,12.73063
13.25119,830.00000,836.53112,0.61154,0.49119,12.73070
13.25219,830.00000,836.53112,0.61154,0.49119,12.73078
13.25319,830.00000,836.53112,0.61154,0.49119,12.73086
13.25419,830.00000,837.31140,0.61153,0.49119,12.73093
13.25519,830.00000,842.02429,0.61153,0.49119,12.73100
13.25619,830.00000,842.02429,0.61153,0.49119,12.73107
13.25719,830.00000,842.02429,0.61152,0.49119,12.73114
13.25819,830.00000,840.44744,0.61152,0.49119,12.73121
13.25919,830.00000,840.44744,0.61152,0.49119,12.73127
13.26019,830.00000,838.09326,0.61151,0.49119,12.73134
13.26119,830.00000,840.44744,0.61151,0.49119,12.73140
13.26219,830.00000,840.44744,0.61151,0.49119,12.73146
13.26319,830.00000,840.44744,0.61151,0.49119,12.73153
13.26419,830.00000,838.09326,0.61150,0.49119,12.73159
13.26519,830.00000,838.09326,0.61150,0.49119,12.73164
13.26619,830.00000,838.09326,0.61150,0.49119,12.73170
13.26719,830.00000,839.66131,0.61149,0.49119,12.73176
13.26819,830.00000,838.09326,0.61149,0.49119,12.73181
13.26919,830.00000,839.66131,0.61149,0.49119,12.73186
13.27019,830.00000,837.31140,0.61149,0.49119,12.73192
13.27119,830.00000,837.31140,0.61148,0.49119,12.73197
13.27219,830.00000,837.31140,0.61148,0.49119,12.73201
13.27319,830.00000,837.31140,0.61148,0.49119,12.73206
13.27419,830.00000,837.31140,0.61148,0.49119,12.73211
13.27519,830.00000,837.31140,0.61148,0.49119,12.73215
13.27619,830.00000,837.31140,0.61147,0.49119,12.73219
13.27719,830.00000,837.31140,0.61147,0.49119,12.73224
13.27819,830.00000,835.75225,0.61147,0.49119,12.73228
13.27919,830.00000,835.75225,0.61147,0.49119,12.73232
13.28019,830.00000,833.42425,0.61147,0.49119,12.73235
13.28119,830.00000,833.42425,0.61146,0.49119,12.73239
13.28219,830.00000,835.75225,0.61146,0.49119,12.73243
13.28319,830.00000,835.75225,0.61146,0.49119,12.73246
13.28419,830.00000,833.42425,0.61146,0.49119,12.73249
13.28519,830.00000,834.97479,0.61146,0.49119,12.73253
13.28619,830.00000,843.60705,0.61146,0.49119,12.73256
13.28719,830.00000,834.97479,0.61145,0.49119,12.73259
13.28819,830.00000,834.97479,0.61145,0.49119,12.73262
13.28919,830.00000,834.97479,0.61145,0.49119,12.73264
13.29019,830.00000,837.31140,0.61145,0.49119,12.73267
13.29119,830.00000,837.31140,0.61145,0.49119,12.73270
13.29219,830.00000,837.31140,0.61145,0.49119,12.73272
13.29319,830.00000,837.31140,0.61145,0.49119,12.73275
13.29419,830.00000,837.31140,0.61145,0.49119,12.73277
13.29519,830.00000,838.87658,0.61144,0.49119,12.73279
13.29619,830.00000,838.87658,0.61144,0.49119,12.73281
13.29719,830.00000,838.87658,0.61144,0.49119,12.73283
13.29819,830.00000,840.44744,0.61144,0.49119,12.73285
13.29919,830.00000,840.44744,0.61144,0.49119,12.73287
13.30019,830.00000,838.87658,0.61144,0.49119,12.73288
13.30119,830.00000,840.44744,0.61144,0.49119,12.73289
13.30219,830.00000,843.60705,0.61144,0.49119,12.73290
13.30319,830.00000,840.44744,0.61144,0.49119,12.73290
13.30419,830.00000,838.87658,0.61144,0.49119,12.73291
13.30519,830.00000,836.53112,0.61144,0.49119,12.73291
13.30619,830.00000,836.53112,0.61144,0.49119,12.73291
13.30719,830.00000,836.53112,0.61144,0.49119,12.73291
13.30819,830.00000,836.53112,0.61144,0.49119,12.73291
13.30919,830.00000,836.53112,0.61144,0.49119,12.73290
13.31019,830.00000,834.97479,0.61144,0.49119,12.73290
13.31119,830.00000,836.53112,0.61144,0.49119,12.73289
13.31219,830.00000,836.53112,0.61144,0.49119,12.73288
13.31319,830.00000,836.53112,0.61144,0.49119,12.73287
13.31419,830.00000,836.53112,0.61144,0.49119,12.73285
13.31519,830.00000,837.31140,0.61144,0.49119,12.73283
13.31619,830.00000,837.31140,0.61144,0.49119,12.73282
13.31719,830.00000,837.31140,0.61144,0.49119,12.73280
13.31819,830.00000,836.53112,0.61145,0.49119,12.73277
13.31919,830.00000,837.31140,0.61145,0.49119,12.73274
13.32019,830.00000,837.31140,0.61145,0.49119,12.73272
13.32119,830.00000,836.53112,0.61145,0.49119,12.73268
13.32219,830.00000,836.53112,0.61145,0.49119,12.73265
13.32319,830.00000,836.53112,0.61145,0.49119,12.73261
13.32420,830.00000,834.19879,0.61145,0.49119,12.73257
13.32522,830.00000,836.53112,0.61146,0.49119,12.73253
13.32619,830.00000,834.19879,0.61146,0.49119,12.73249
13.32719,830.00000,831.87939,0.61146,0.49119,12.73244
13.32819,830.00000,831.87939,0.61146,0.49119,12.73239
13.32919,830.00000,834.19879,0.61147,0.49119,12.73234
13.33019,830.00000,832.65112,0.61147,0.49119,12.73229
13.33119,830.00000,834.19879,0.61147,0.49119,12.73223
13.33219,830.00000,836.53112,0.61147,0.49119,12.73218
13.33319,830.00000,832.65112,0.61148,0.49119,12.73212
13.33419,830.00000,836.53112,0.61148,0.49119,12.73205
13.33519,830.00000,834.19879,0.61148,0.49119,12.73199
13.33619,830.00000,834.19879,0.61149,0.49119,12.73192
13.33719,830.00000,834.19879,0.61149,0.49119,12.73186
13.33819,830.00000,834.19879,0.61149,0.49119,12.73178
13.33919,830.00000,834.19879,0.61150,0.49119,12.73171
13.34019,830.00000,834.19879,0.61150,0.49119,12.73164
13.34119,830.00000,834.19879,0.61150,0.49119,12.73156
13.34219,830.00000,834.19879,0.61151,0.49119,12.73148
13.34319,830.00000,834.19879,0.61151,0.49119,12.73140
13.34419,830.00000,834.19879,0.61152,0.49119,12.73132
13.34519,830.00000,832.65112,0.61152,0.49119,12.73123
13.34619,830.00000,832.65112,0.61152,0.49119,12.73115
13.34719,830.00000,832.65112,0.61153,0.49119,12.73106
13.34819,830.00000,834.19879,0.61153,0.49119,12.73097
13.34919,830.00000,834.19879,0.61154,0.49119,12.73087
13.35019,830.00000,834.19879,0.61154,0.49119,12.73078
13.35119,830.00000,839.66131,0.61155,0.49119,12.73067
13.35219,830.00000,839.66131,0.61155,0.49119,12.73057
13.35319,830.00000,840.44744,0.61156,0.49119,12.73045
13.35419,830.00000,840.44744,0.61156,0.49119,12.73034
13.35519,830.00000,843.60705,0.61157,0.49119,12.73022
13.35619,830.00000,843.60705,0.61157,0.49119,12.73010
13.35719,830.00000,840.44744,0.61158,0.49119,12.72997
13.35819,830.00000,843.60705,0.61159,0.49119,12.72984
13.35919,830.00000,840.44744,0.61159,0.49119,12.72971
13.36019,830.00000,840.44744,0.61160,0.49119,12.72958
13.36119,830.00000,840.44744,0.61161,0.49119,12.72944
13.36219,830.00000,840.44744,0.61161,0.49119,12.72930
13.36319,830.00000,832.65112,0.61162,0.49119,12.72915
13.36419,830.00000,832.65112,0.61163,0.49119,12.72900
13.36519,830.00000,831.87939,0.61163,0.49119,12.72885
13.36619,830.00000,831.87939,0.61164,0.49119,12.72869
13.36719,830.00000,832.65112,0.61165,0.49119,12.72854
13.36819,830.00000,832.65112,0.61166,0.49119,12.72837
13.36919,830.00000,832.65112,0.61166,0.49119,12.72821
13.37019,830.00000,832.65112,0.61167,0.49119,12.72804
13.37119,830.00000,831.87939,0.61168,0.49119,12.72787
13.37219,830.00000,831.87939,0.61169,0.49119,12.72770
13.37319,830.00000,831.87939,0.61170,0.49119,12.72752
13.37419,830.00000,835.75225,0.61171,0.49119,12.72734
13.37519,830.00000,831.87939,0.61172,0.49119,12.72716
13.37619,830.00000,835.75225,0.61172,0.49119,12.72697
13.37719,830.00000,835.75225,0.61173,0.49119,12.72679
13.37819,830.00000,832.65112,0.61174,0.49119,12.72659
13.37919,830.00000,832.65112,0.61175,0.49119,12.72640
13.38019,830.00000,832.65112,0.61176,0.49119,12.72620
13.38119,830.00000,832.65112,0.61177,0.49119,12.72600
13.38219,830.00000,832.65112,0.61178,0.49119,12.72580
13.38319,830.00000,832.65112,0.61179,0.49119,12.72560
13.38419,830.00000,835.75225,0.61180,0.49119,12.72540
13.38519,830.00000,839.66131,0.61181,0.49119,12.72519
13.38619,830.00000,839.66131,0.61182,0.49119,12.72498
13.38719,830.00000,832.65112,0.61183,0.49119,12.72477
13.38819,830.00000,832.65112,0.61184,0.49119,12.72455
13.38919,830.00000,839.66131,0.61185,0.49119,12.72434
13.39019,830.00000,834.97479,0.61186,0.49119,12.72411
13.39119,830.00000,834.97479,0.61187,0.49119,12.72389
13.39219,830.00000,839.66131,0.61188,0.49119,12.72367
13.39319,830.00000,834.97479,0.61189,0.49119,12.72344
13.39419,830.00000,834.97479,0.61190,0.49119,12.72322
13.39519,830.00000,834.19879,0.61192,0.49119,12.72299
13.39619,830.00000,834.97479,0.61193,0.49119,12.72276
13.39719,830.00000,835.75225,0.61194,0.49119,12.72252
13.39819,830.00000,835.75225,0.61195,0.49119,12.72229
13.39919,830.00000,845.99230,0.61196,0.49119,12.72205
13.40019,830.00000,835.75225,0.61197,0.49119,12.72181
13.40119,830.00000,845.99230,0.61198,0.49119,12.72157
13.40219,830.00000,845.99230,0.61200,0.49119,12.72133
13.40319,830.00000,838.09326,0.61201,0.49119,12.72108
13.40419,830.00000,842.02429,0.61202,0.49119,12.72083
13.40519,830.00000,838.09326,0.61203,0.49119,12.72058
13.40619,830.00000,842.02429,0.61204,0.49119,12.72033
13.40719,830.00000,842.02429,0.61206,0.49119,12.72008
13.40819,830.00000,842.02429,0.61207,0.49119,12.71982
13.40919,830.00000,842.02429,0.61208,0.49119,12.71957
13.41019,830.00000,842.02429,0.61209,0.49119,12.71931
13.41119,830.00000,838.87658,0.61211,0.49119,12.71905
13.41219,830.00000,838.87658,0.61212,0.49119,12.71878
13.41319,830.00000,838.87658,0.61213,0.49119,12.71852
13.41419,830.00000,842.02429,0.61214,0.49119,12.71825
13.41519,830.00000,838.87658,0.61216,0.49119,12.71799
13.41619,830.00000,840.44744,0.61217,0.49119,12.71772
13.41719,830.00000,840.44744,0.61218,0.49119,12.71745
13.41819,830.00000,838.87658,0.61220,0.49119,12.71718
13.41919,830.00000,838.87658,0.61221,0.49119,12.71691
13.42019,830.00000,838.87658,0.61222,0.49119,12.71663
13.42119,830.00000,838.87658,0.61223,0.49119,12.71636
13.42219,830.00000,838.09326,0.61225,0.49119,12.71608
13.42319,830.00000,834.19879,0.61226,0.49119,12.71580
13.42419,830.00000,834.19879,0.61227,0.49119,12.71553
13.42519,830.00000,834.19879,0.61229,0.49119,12.71525
13.42619,830.00000,834.19879,0.61230,0.49119,12.71496
13.42719,830.00000,834.19879,0.61232,0.49119,12.71468
13.42819,830.00000,834.19879,0.61233,0.49119,12.71439
13.42919,830.00000,834.19879,0.61234,0.49119,12.71410
13.43019,830.00000,833.42425,0.61236,0.49119,12.71381
13.43119,830.00000,832.65112,0.61237,0.49119,12.71351
13.43219,830.00000,833.42425,0.61239,0.49119,12.71322
13.43319,830.00000,834.19879,0.61240,0.49119,12.71291
13.43419,830.00000,834.19879,0.61242,0.49119,12.71261
13.43519,830.00000,834.19879,0.61243,0.49119,12.71230
13.43619,830.00000,834.19879,0.61245,0.49119,12.71199
13.43719,830.00000,834.19879,0.61246,0.49119,12.71168
13.43819,830.00000,834.19879,0.61248,0.49119,12.71136
13.43919,830.00000,833.42425,0.61249,0.49119,12.71104
13.44019,830.00000,833.42425,0.61251,0.49119,12.71072
13.44119,830.00000,834.19879,0.61252,0.49119,12.71039
13.44219,830.00000,834.19879,0.61254,0.49119,12.71006
13.44319,830.00000,833.42425,0.61255,0.49119,12.70973
13.44419,830.00000,833.42425,0.61257,0.49119,12.70939
13.44519,830.00000,833.42425,0.61259,0.49119,12.70906
13.44619,830.00000,833.42425,0.61260,0.49119,12.70872
13.44719,830.00000,833.42425,0.61262,0.49119,12.70837
13.44819,830.00000,833.42425,0.61264,0.49119,12.70803
13.44919,830.00000,838.87658,0.61265,0.49119,12.70769
13.45019,830.00000,849.19384,0.61267,0.49119,12.70734
13.45119,830.00000,849.19384,0.61269,0.49119,12.70700
13.45219,830.00000,838.87658,0.61270,0.49119,12.70666
13.45319,830.00000,844.40063,0.61272,0.49119,12.70631
13.45419,830.00000,844.40063,0.61274,0.49119,12.70596
13.45519,830.00000,844.40063,0.61275,0.49119,12.70562
13.45619,830.00000,844.40063,0.61277,0.49119,12.70527
13.45719,830.00000,839.66131,0.61279,0.49119,12.70492
13.45819,830.00000,839.66131,0.61280,0.49119,12.70457
13.45919,830.00000,839.66131,0.61282,0.49119,12.70423
13.46019,830.00000,837.31140,0.61284,0.49119,12.70388
13.46119,830.00000,837.31140,0.61285,0.49119,12.70353
13.46219,830.00000,839.66131,0.61287,0.49119,12.70318
13.46319,830.00000,839.66131,0.61289,0.49119,12.70283
13.46419,830.00000,837.31140,0.61290,0.49119,12.70248
13.46519,830.00000,837.31140,0.61292,0.49119,12.70213
13.46619,830.00000,837.31140,0.61294,0.49119,12.70178
13.46719,830.00000,837.31140,0.61295,0.49119,12.70143
13.46819,830.00000,837.31140,0.61297,0.49119,12.70107
13.46919,830.00000,839.66131,0.61299,0.49119,12.70072
13.47021,830.00000,842.81488,0.61301,0.49119,12.70037
13.47122,830.00000,839.66131,0.61302,0.49119,12.70001
13.47219,830.00000,834.19879,0.61304,0.49119,12.69965
13.47319,830.00000,839.66131,0.61306,0.49119,12.69929
13.47419,830.00000,839.66131,0.61308,0.49119,12.69892
13.47519,830.00000,839.66131,0.61309,0.49119,12.69856
13.47619,830.00000,839.66131,0.61311,0.49119,12.69819
13.47719,830.00000,839.66131,0.61313,0.49119,12.69782
13.47819,830.00000,839.66131,0.61315,0.49119,12.69745
13.47919,830.00000,839.66131,0.61316,0.49119,12.69707
13.48019,830.00000,834.97479,0.61318,0.49119,12.69670
13.48119,830.00000,834.97479,0.61320,0.49119,12.69632
13.48219,830.00000,834.97479,0.61322,0.49119,12.69594
13.48319,830.00000,839.66131,0.61324,0.49119,12.69556
13.48419,830.00000,839.66131,0.61326,0.49119,12.69518
13.48519,830.00000,839.66131,0.61327,0.49119,12.69479
13.48619,830.00000,839.66131,0.61329,0.49119,12.69440
13.48719,830.00000,839.66131,0.61331,0.49119,12.69400
13.48819,830.00000,839.66131,0.61333,0.49119,12.69361
13.48919,830.00000,839.66131,0.61335,0.49119,12.69321
13.49019,830.00000,839.66131,0.61337,0.49119,12.69281
13.49119,830.00000,839.66131,0.61339,0.49119,12.69240
13.49219,830.00000,839.66131,0.61341,0.49119,12.69199
13.49319,830.00000,839.66131,0.61343,0.49119,12.69157
13.49419,830.00000,838.09326,0.61345,0.49119,12.69115
13.49519,830.00000,834.97479,0.61347,0.49119,12.69073
13.49619,830.00000,834.97479,0.61349,0.49119,12.69031
13.49719,830.00000,838.09326,0.61351,0.49119,12.68988
13.49819,830.00000,838.09326,0.61353,0.49119,12.68945
13.49919,830.00000,838.09326,0.61355,0.49119,12.68902
13.50019,830.00000,839.66131,0.61357,0.49119,12.68859
13.50119,830.00000,839.66131,0.61360,0.49119,12.68815
13.50219,830.00000,837.31140,0.61362,0.49119,12.68771
13.50319,830.00000,839.66131,0.61364,0.49119,12.68727
13.50419,830.00000,839.66131,0.61366,0.49119,12.68682
13.50519,830.00000,839.66131,0.61368,0.49119,12.68638
13.50619,830.00000,841.23516,0.61370,0.49119,12.68593
13.50719,830.00000,839.66131,0.61372,0.49119,12.68548
13.50819,830.00000,839.66131,0.61375,0.49119,12.68503
13.50919,830.00000,837.31140,0.61377,0.49119,12.68458
13.51019,830.00000,839.66131,0.61379,0.49119,12.68413
13.51119,830.00000,839.66131,0.61381,0.49119,12.68368
13.51219,830.00000,839.66131,0.61383,0.49119,12.68323
13.51319,830.00000,840.44744,0.61386,0.49119,12.68278
13.51419,830.00000,840.44744,0.61388,0.49119,12.68232
13.51519,830.00000,840.44744,0.61390,0.49119,12.68186
13.51619,830.00000,840.44744,0.61392,0.49119,12.68140
13.51719,830.00000,840.44744,0.61394,0.49119,12.68094
13.51819,830.00000,840.44744,0.61397,0.49119,12.68047
13.51919,830.00000,842.81488,0.61399,0.49119,12.68000
13.52019,830.00000,842.81488,0.61401,0.49119,12.67953
13.52119,830.00000,840.44744,0.61404,0.49119,12.67906
13.52219,830.00000,840.44744,0.61406,0.49119,12.67858
13.52319,830.00000,842.81488,0.61408,0.49119,12.67811
13.52419,830.00000,843.60705,0.61411,0.49119,12.67763
13.52519,830.00000,842.81488,0.61413,0.49119,12.67715
13.52619,830.00000,842.81488,0.61415,0.49119,12.67666
13.52719,830.00000,839.66131,0.61418,0.49119,12.67618
13.52819,830.00000,842.81488,0.61420,0.49119,12.67569
13.52919,830.00000,842.81488,0.61422,0.49119,12.67520
13.53019,830.00000,843.60705,0.61425,0.49119,12.67471
13.53119,830.00000,843.60705,0.61427,0.49119,12.67422
13.53219,830.00000,841.23516,0.61429,0.49119,12.67373
13.53319,830.00000,841.23516,0.61432,0.49119,12.67323
13.53419,830.00000,841.23516,0.61434,0.49119,12.67273
13.53519,830.00000,841.23516,0.61437,0.49119,12.67224
13.53619,830.00000,841.23516,0.61439,0.49119,12.67174
13.53719,830.00000,841.23516,0.61441,0.49119,12.67124
13.53819,830.00000,841.23516,0.61444,0.49119,12.67074
13.53919,830.00000,841.23516,0.61446,0.49119,12.67023
13.54019,830.00000,841.23516,0.61449,0.49119,12.66973
13.54119,830.00000,841.23516,0.61451,0.49119,12.66922
13.54219,830.00000,841.23516,0.61454,0.49119,12.66871
13.54319,830.00000,841.23516,0.61456,0.49119,12.66821
13.54419,830.00000,841.23516,0.61459,0.49119,12.66770
13.54519,830.00000,838.09326,0.61461,0.49119,12.66719
13.54619,830.00000,838.09326,0.61464,0.49119,12.66667
13.54719,830.00000,841.23516,0.61466,0.49119,12.66616
13.54819,830.00000,841.23516,0.61469,0.49119,12.66565
13.54919,830.00000,841.23516,0.61471,0.49119,12.66513
13.55019,830.00000,841.23516,0.61474,0.49119,12.66461
13.55119,830.00000,839.66131,0.61476,0.49119,12.66410
13.55219,830.00000,839.66131,0.61479,0.49119,12.66358
13.55319,830.00000,841.23516,0.61481,0.49119,12.66306
13.55419,830.00000,842.02429,0.61484,0.49119,12.66254
13.55519,830.00000,841.23516,0.61486,0.49119,12.66202
13.55619,830.00000,841.23516,0.61489,0.49119,12.66149
13.55719,830.00000,842.02429,0.61491,0.49119,12.66097
13.55819,830.00000,841.23516,0.61494,0.49119,12.66045
13.55919,830.00000,842.02429,0.61496,0.49119,12.65993
13.56019,830.00000,841.23516,0.61499,0.49119,12.65941
13.56119,830.00000,843.60705,0.61501,0.49119,12.65889
13.56219,830.00000,841.23516,0.61504,0.49119,12.65837
13.56319,830.00000,843.60705,0.61506,0.49119,12.65785
13.56418,830.00000,838.87658,0.61509,0.49119,12.65733
13.56519,830.00000,843.60705,0.61511,0.49119,12.65682
13.56619,830.00000,843.60705,0.61514,0.49119,12.65630
13.56719,830.00000,843.60705,0.61516,0.49119,12.65579
13.56819,830.00000,843.60705,0.61519,0.49119,12.65528
13.56919,830.00000,843.60705,0.61521,0.49119,12.65477
13.57019,830.00000,838.87658,0.61524,0.49119,12.65426
13.57119,830.00000,843.60705,0.61526,0.49119,12.65375
13.57219,830.00000,838.09326,0.61529,0.49119,12.65324
13.57319,830.00000,843.60705,0.61531,0.49119,12.65274
13.57419,830.00000,834.97479,0.61534,0.49119,12.65223
13.57519,830.00000,834.97479,0.61536,0.49119,12.65173
13.57619,830.00000,834.97479,0.61539,0.49119,12.65122
13.57719,830.00000,835.75225,0.61541,0.49119,12.65072
13.57819,830.00000,835.75225,0.61544,0.49119,12.65022
13.57919,830.00000,838.09326,0.61546,0.49119,12.64972
13.58019,830.00000,838.09326,0.61548,0.49119,12.64922
13.58119,830.00000,838.09326,0.61551,0.49119,12.64872
13.58219,830.00000,838.09326,0.61553,0.49119,12.64823
13.58319,830.00000,838.09326,0.61556,0.49119,12.64773
13.58419,830.00000,838.09326,0.61558,0.49119,12.64724
13.58519,830.00000,838.09326,0.61560,0.49119,12.64674
13.58619,830.00000,840.44744,0.61563,0.49119,12.64625
13.58719,830.00000,840.44744,0.61565,0.49119,12.64576
13.58819,830.00000,842.81488,0.61568,0.49119,12.64527
13.58919,830.00000,842.02429,0.61570,0.49119,12.64477
13.59019,830.00000,842.02429,0.61572,0.49119,12.64428
13.59119,830.00000,842.81488,0.61575,0.49119,12.64378
13.59219,830.00000,842.02429,0.61577,0.49119,12.64329
13.59319,830.00000,842.81488,0.61580,0.49119,12.64279
13.59419,830.00000,842.81488,0.61582,0.49119,12.64230
13.59519,830.00000,843.60705,0.61585,0.49119,12.64180
13.59619,830.00000,843.60705,0.61587,0.49119,12.64130
13.59719,830.00000,843.60705,0.61589,0.49119,12.64080
13.59819,830.00000,843.60705,0.61592,0.49119,12.64031
13.59919,830.00000,843.60705,0.61594,0.49119,12.63981
13.60019,830.00000,844.40063,0.61597,0.49119,12.63931
13.60119,830.00000,845.19567,0.61599,0.49119,12.63881
13.60219,830.00000,844.40063,0.61602,0.49119,12.63831
13.60319,830.00000,844.40063,0.61604,0.49119,12.63781
13.60419,830.00000,843.60705,0.61606,0.49119,12.63731
13.60519,830.00000,843.60705,0.61609,0.49119,12.63681
13.60619,830.00000,843.60705,0.61611,0.49119,12.63632
13.60719,830.00000,843.60705,0.61614,0.49119,12.63582
13.60819,830.00000,842.02429,0.61616,0.49119,12.63532
13.60919,830.00000,842.02429,0.61619,0.49119,12.63482
13.61019,830.00000,842.02429,0.61621,0.49119,12.63431
13.61119,830.00000,842.02429,0.61624,0.49119,12.63381
13.61219,830.00000,842.02429,0.61626,0.49119,12.63330
13.61319,830.00000,842.02429,0.61628,0.49119,12.63280
13.61419,830.00000,842.02429,0.61631,0.49119,12.63229
13.61519,830.00000,842.02429,0.61633,0.49119,12.63177
13.61620,830.00000,844.40063,0.61636,0.49119,12.63126
13.61722,830.00000,842.02429,0.61638,0.49119,12.63075
13.61819,830.00000,842.02429,0.61641,0.49119,12.63023
13.61919,830.00000,844.40063,0.61644,0.49119,12.62971
13.62019,830.00000,844.40063,0.61646,0.49119,12.62919
13.62119,830.00000,842.02429,0.61649,0.49119,12.62866
13.62219,830.00000,844.40063,0.61651,0.49119,12.62814
13.62319,830.00000,844.40063,0.61654,0.49119,12.62761
13.62419,830.00000,844.40063,0.61656,0.49119,12.62709
13.62519,830.00000,848.39117,0.61659,0.49119,12.62656
13.62619,830.00000,848.39117,0.61661,0.49119,12.62603
13.62719,830.00000,849.99804,0.61664,0.49119,12.62550
13.62819,830.00000,849.99804,0.61667,0.49119,12.62496
13.62919,830.00000,849.99804,0.61669,0.49119,12.62443
13.63019,830.00000,849.19384,0.61672,0.49119,12.62389
13.63119,830.00000,849.19384,0.61675,0.49119,12.62335
13.63219,830.00000,849.19384,0.61677,0.49119,12.62281
13.63319,830.00000,848.39117,0.61680,0.49119,12.62227
13.63419,830.00000,848.39117,0.61682,0.49119,12.62173
13.63519,830.00000,843.60705,0.61685,0.49119,12.62119
13.63619,830.00000,843.60705,0.61688,0.49119,12.62064
13.63719,830.00000,843.60705,0.61690,0.49119,12.62010
13.63819,830.00000,843.60705,0.61693,0.49119,12.61955
13.63919,830.00000,843.60705,0.61696,0.49119,12.61901
13.64019,830.00000,843.60705,0.61698,0.49119,12.61846
13.64119,830.00000,843.60705,0.61701,0.49119,12.61792
13.64219,830.00000,843.60705,0.61704,0.49119,12.61737
13.64319,830.00000,843.60705,0.61706,0.49119,12.61682
13.64419,830.00000,847.59008,0.61709,0.49119,12.61627
13.64519,830.00000,847.59008,0.61712,0.49119,12.61571
13.64619,830.00000,847.59008,0.61715,0.49119,12.61516
13.64719,830.00000,847.59008,0.61717,0.49119,12.61461
13.64819,830.00000,847.59008,0.61720,0.49119,12.61406
13.64919,830.00000,840.44744,0.61723,0.49119,12.61350
13.65019,830.00000,847.59008,0.61725,0.49119,12.61295
13.65119,830.00000,840.44744,0.61728,0.49119,12.61239
13.65219,830.00000,847.59008,0.61731,0.49119,12.61184
13.65319,830.00000,848.39117,0.61734,0.49119,12.61128
13.65419,830.00000,848.39117,0.61736,0.49119,12.61072
13.65519,830.00000,840.44744,0.61739,0.49119,12.61016
13.65619,830.00000,846.79046,0.61742,0.49119,12.60960
13.65719,830.00000,840.44744,0.61745,0.49119,12.60904
13.65819,830.00000,834.97479,0.61747,0.49119,12.60848
13.65919,830.00000,846.79046,0.61750,0.49119,12.60792
13.66019,830.00000,834.97479,0.61753,0.49119,12.60736
13.66119,830.00000,846.79046,0.61756,0.49119,12.60680
13.66219,830.00000,838.87658,0.61758,0.49119,12.60624
13.66319,830.00000,834.97479,0.61761,0.49119,12.60568
13.66419,830.00000,834.97479,0.61764,0.49119,12.60511
13.66519,830.00000,838.87658,0.61767,0.49119,12.60455
13.66619,830.00000,846.79046,0.61769,0.49119,12.60399
13.66719,830.00000,847.59008,0.61772,0.49119,12.60343
13.66819,830.00000,847.59008,0.61775,0.49119,12.60286
13.66919,830.00000,847.59008,0.61778,0.49119,12.60230
13.67019,830.00000,847.59008,0.61780,0.49119,12.60174
13.67119,830.00000,847.59008,0.61783,0.49119,12.60118
13.67219,830.00000,847.59008,0.61786,0.49119,12.60061
13.67319,830.00000,851.61090,0.61789,0.49119,12.60005
13.67419,830.00000,851.61090,0.61791,0.49119,12.59949
13.67519,830.00000,847.59008,0.61794,0.49119,12.59892
13.67619,830.00000,843.60705,0.61797,0.49119,12.59836
13.67719,830.00000,842.81488,0.61800,0.49119,12.59780
13.67819,830.00000,842.81488,0.61802,0.49119,12.59723
13.67919,830.00000,842.81488,0.61805,0.49119,12.59667
13.68019,830.00000,842.81488,0.61808,0.49119,12.59611
13.68119,830.00000,843.60705,0.61811,0.49119,12.59554
13.68219,830.00000,843.60705,0.61813,0.49119,12.59498
13.68319,830.00000,843.60705,0.61816,0.49119,12.59442
13.68419,830.00000,843.60705,0.61819,0.49119,12.59385
13.68519,830.00000,843.60705,0.61822,0.49119,12.59328
13.68619,830.00000,848.39117,0.61825,0.49119,12.59271
13.68719,830.00000,848.39117,0.61827,0.49119,12.59214
13.68819,830.00000,849.19384,0.61830,0.49119,12.59156
13.68919,830.00000,849.19384,0.61833,0.49119,12.59099
13.69019,830.00000,849.19384,0.61836,0.49119,12.59042
13.69119,830.00000,848.39117,0.61839,0.49119,12.58985
13.69219,830.00000,846.79046,0.61841,0.49119,12.58928
13.69319,830.00000,846.79046,0.61844,0.49119,12.58871
13.69419,830.00000,846.79046,0.61847,0.49119,12.58814
13.69519,830.00000,849.19384,0.61850,0.49119,12.58757
13.69619,830.00000,846.79046,0.61853,0.49119,12.58700
13.69719,830.00000,849.19384,0.61855,0.49119,12.58643
13.69819,830.00000,849.19384,0.61858,0.49119,12.58586
13.69919,830.00000,848.39117,0.61861,0.49119,12.58529
13.70019,830.00000,847.59008,0.61864,0.49119,12.58473
13.70119,830.00000,848.39117,0.61867,0.49119,12.58416
13.70219,830.00000,848.39117,0.61869,0.49119,12.58359
13.70319,830.00000,848.39117,0.61872,0.49119,12.58303
13.70419,830.00000,848.39117,0.61875,0.49119,12.58247
13.70519,830.00000,847.59008,0.61878,0.49119,12.58190
13.70619,830.00000,847.59008,0.61881,0.49119,12.58134
13.70719,830.00000,847.59008,0.61883,0.49119,12.58078
13.70819,830.00000,847.59008,0.61886,0.49119,12.58022
13.70919,830.00000,843.60705,0.61889,0.49119,12.57966
13.71019,830.00000,843.60705,0.61892,0.49119,12.57910
13.71119,830.00000,843.60705,0.61894,0.49119,12.57854
13.71219,830.00000,843.60705,0.61897,0.49119,12.57798
13.71319,830.00000,847.59008,0.61900,0.49119,12.57743
13.71419,830.00000,847.59008,0.61902,0.49119,12.57687
13.71519,830.00000,847.59008,0.61905,0.49119,12.57632
13.71619,830.00000,847.59008,0.61908,0.49119,12.57578
13.71719,830.00000,846.79046,0.61911,0.49119,12.57523
13.71819,830.00000,846.79046,0.61913,0.49119,12.57469
13.71919,830.00000,847.59008,0.61916,0.49119,12.57415
13.72019,830.00000,847.59008,0.61919,0.49119,12.57362
13.72119,830.00000,847.59008,0.61921,0.49119,12.57309
13.72219,830.00000,846.79046,0.61924,0.49119,12.57256
13.72319,830.00000,846.79046,0.61926,0.49119,12.57203
13.72419,830.00000,845.99230,0.61929,0.49119,12.57151
13.72519,830.00000,846.79046,0.61931,0.49119,12.57098
13.72619,830.00000,845.99230,0.61934,0.49119,12.57046
13.72719,830.00000,845.99230,0.61937,0.49119,12.56995
13.72819,830.00000,845.99230,0.61939,0.49119,12.56943
13.72919,830.00000,845.99230,0.61942,0.49119,12.56892
13.73019,830.00000,845.99230,0.61944,0.49119,12.56841
13.73119,830.00000,845.99230,0.61947,0.49119,12.56791
13.73219,830.00000,845.99230,0.61949,0.49119,12.56740
13.73319,830.00000,849.19384,0.61952,0.49119,12.56690
13.73419,830.00000,845.99230,0.61954,0.49119,12.56641
13.73519,830.00000,849.19384,0.61956,0.49119,12.56591
13.73619,830.00000,845.99230,0.61959,0.49119,12.56542
13.73719,830.00000,844.40063,0.61961,0.49119,12.56493
13.73819,830.00000,844.40063,0.61964,0.49119,12.56445
13.73919,830.00000,844.40063,0.61966,0.49119,12.56396
13.74019,830.00000,848.39117,0.61968,0.49119,12.56348
13.74119,830.00000,845.99230,0.61971,0.49119,12.56300
13.74219,830.00000,848.39117,0.61973,0.49119,12.56253
13.74319,830.00000,845.99230,0.61976,0.49119,12.56205
13.74419,830.00000,847.59008,0.61978,0.49119,12.56158
13.74519,830.00000,847.59008,0.61980,0.49119,12.56111
13.74619,830.00000,847.59008,0.61982,0.49119,12.56065
13.74719,830.00000,847.59008,0.61985,0.49119,12.56018
13.74819,830.00000,848.39117,0.61987,0.49119,12.55972
13.74919,830.00000,847.59008,0.61989,0.49119,12.55926
13.75019,830.00000,847.59008,0.61992,0.49119,12.55881
13.75119,830.00000,845.99230,0.61994,0.49119,12.55835
13.75219,830.00000,847.59008,0.61996,0.49119,12.55790
13.75319,830.00000,845.99230,0.61998,0.49119,12.55745
13.75419,830.00000,845.99230,0.62000,0.49119,12.55701
13.75519,830.00000,845.19567,0.62003,0.49119,12.55657
13.75619,830.00000,845.19567,0.62005,0.49119,12.55613
13.75719,830.00000,845.19567,0.62007,0.49119,12.55569
13.75819,830.00000,845.99230,0.62009,0.49119,12.55526
13.75919,830.00000,845.99230,0.62011,0.49119,12.55482
13.76019,830.00000,847.59008,0.62013,0.49119,12.55439
13.76119,830.00000,847.59008,0.62015,0.49119,12.55396
13.76219,830.00000,847.59008,0.62018,0.49119,12.55353
13.76321,830.00000,847.59008,0.62020,0.49119,12.55311
13.76422,830.00000,849.99804,0.62022,0.49119,12.55268
13.76519,830.00000,851.61090,0.62024,0.49119,12.55226
13.76619,830.00000,851.61090,0.62026,0.49119,12.55184
13.76719,830.00000,851.61090,0.62028,0.49119,12.55142
13.76819,830.00000,851.61090,0.62030,0.49119,12.55100
13.76919,830.00000,849.99804,0.62032,0.49119,12.55059
13.77019,830.00000,849.19384,0.62034,0.49119,12.55018
13.77119,830.00000,849.19384,0.62036,0.49119,12.54977
13.77219,830.00000,849.19384,0.62038,0.49119,12.54936
13.77319,830.00000,846.79046,0.62040,0.49119,12.54896
13.77419,830.00000,845.19567,0.62042,0.49119,12.54856
13.77519,830.00000,845.19567,0.62044,0.49119,12.54817
13.77619,830.00000,845.19567,0.62046,0.49119,12.54777
13.77719,830.00000,845.19567,0.62048,0.49119,12.54738
13.77819,830.00000,845.19567,0.62050,0.49119,12.54699
13.77919,830.00000,848.39117,0.62052,0.49119,12.54660
13.78019,830.00000,848.39117,0.62054,0.49119,12.54621
13.78119,830.00000,848.39117,0.62056,0.49119,12.54583
13.78219,830.00000,848.39117,0.62058,0.49119,12.54545
13.78319,830.00000,848.39117,0.62059,0.49119,12.54507
13.78419,830.00000,848.39117,0.62061,0.49119,12.54469
13.78519,830.00000,848.39117,0.62063,0.49119,12.54432
13.78619,830.00000,848.39117,0.62065,0.49119,12.54394
13.78719,830.00000,848.39117,0.62067,0.49119,12.54357
13.78819,830.00000,849.19384,0.62069,0.49119,12.54321
13.78919,830.00000,848.39117,0.62070,0.49119,12.54284
13.79019,830.00000,848.39117,0.62072,0.49119,12.54248
13.79119,830.00000,848.39117,0.62074,0.49119,12.54212
13.79219,830.00000,848.39117,0.62076,0.49119,12.54176
13.79319,830.00000,848.39117,0.62078,0.49119,12.54140
13.79419,830.00000,848.39117,0.62079,0.49119,12.54105
13.79519,830.00000,849.19384,0.62081,0.49119,12.54070
13.79619,830.00000,849.19384,0.62083,0.49119,12.54035
13.79719,830.00000,849.19384,0.62085,0.49119,12.54000
13.79819,830.00000,847.59008,0.62086,0.49119,12.53965
13.79919,830.00000,849.99804,0.62088,0.49119,12.53931
13.80019,830.00000,849.99804,0.62090,0.49119,12.53897
13.80119,830.00000,851.61090,0.62091,0.49119,12.53863
13.80219,830.00000,851.61090,0.62093,0.49119,12.53829
13.80319,830.00000,851.61090,0.62095,0.49119,12.53795
13.80419,830.00000,851.61090,0.62096,0.49119,12.53762
13.80520,830.00000,852.41961,0.62098,0.49119,12.53728
13.80619,830.00000,851.61090,0.62100,0.49119,12.53694
13.80719,830.00000,851.61090,0.62101,0.49119,12.53660
13.80819,830.00000,849.99804,0.62103,0.49119,12.53627
13.80919,830.00000,852.41961,0.62105,0.49119,12.53593
13.81019,830.00000,852.41961,0.62106,0.49119,12.53559
13.81119,830.00000,852.41961,0.62108,0.49119,12.53526
13.81219,830.00000,852.41961,0.62110,0.49119,12.53492
13.81319,830.00000,852.41961,0.62111,0.49119,12.53459
13.81419,830.00000,851.61090,0.62113,0.49119,12.53425
13.81519,830.00000,847.59008,0.62115,0.49119,12.53392
13.81619,830.00000,851.61090,0.62116,0.49119,12.53358
13.81719,830.00000,851.61090,0.62118,0.49119,12.53325
13.81819,830.00000,851.61090,0.62120,0.49119,12.53292
13.81919,830.00000,848.39117,0.62121,0.49119,12.53258
13.82019,830.00000,848.39117,0.62123,0.49119,12.53225
13.82119,830.00000,846.79046,0.62125,0.49119,12.53192
13.82219,830.00000,848.39117,0.62126,0.49119,12.53159
13.82319,830.00000,848.39117,0.62128,0.49119,12.53126
13.82419,830.00000,848.39117,0.62129,0.49119,12.53092
13.82519,830.00000,846.79046,0.62131,0.49119,12.53059
13.82619,830.00000,848.39117,0.62133,0.49119,12.53025
13.82719,830.00000,846.79046,0.62134,0.49119,12.52992
13.82819,830.00000,848.39117,0.62136,0.49119,12.52958
13.82919,830.00000,846.79046,0.62138,0.49119,12.52924
13.83019,830.00000,849.19384,0.62140,0.49119,12.52890
13.83119,830.00000,851.61090,0.62141,0.49119,12.52856
13.83219,830.00000,851.61090,0.62143,0.49119,12.52821
13.83319,830.00000,849.19384,0.62145,0.49119,12.52787
13.83419,830.00000,851.61090,0.62146,0.49119,12.52752
13.83519,830.00000,851.61090,0.62148,0.49119,12.52718
13.83619,830.00000,851.61090,0.62150,0.49119,12.52683
13.83719,830.00000,851.61090,0.62152,0.49119,12.52648
13.83819,830.00000,851.61090,0.62153,0.49119,12.52613
13.83919,830.00000,848.39117,0.62155,0.49119,12.52578
13.84019,830.00000,851.61090,0.62157,0.49119,12.52543
13.84119,830.00000,848.39117,0.62158,0.49119,12.52508
13.84219,830.00000,847.59008,0.62160,0.49119,12.52472
13.84319,830.00000,847.59008,0.62162,0.49119,12.52437
13.84419,830.00000,848.39117,0.62164,0.49119,12.52401
13.84519,830.00000,847.59008,0.62166,0.49119,12.52366
13.84619,830.00000,848.39117,0.62167,0.49119,12.52330
13.84719,830.00000,849.99804,0.62169,0.49119,12.52294
13.84819,830.00000,849.99804,0.62171,0.49119,12.52258
13.84919,830.00000,849.99804,0.62173,0.49119,12.52222
13.85019,830.00000,848.39117,0.62174,0.49119,12.52186
13.85119,830.00000,849.99804,0.62176,0.49119,12.52150
13.85219,830.00000,849.99804,0.62178,0.49119,12.52114
13.85319,830.00000,849.99804,0.62180,0.49119,12.52077
13.85419,830.00000,849.99804,0.62182,0.49119,12.52041
13.85519,830.00000,850.80364,0.62183,0.49119,12.52004
13.85619,830.00000,850.80364,0.62185,0.49119,12.51968
13.85719,830.00000,855.67004,0.62187,0.49119,12.51931
13.85819,830.00000,855.67004,0.62189,0.49119,12.51895
13.85919,830.00000,855.67004,0.62191,0.49119,12.51859
13.86019,830.00000,855.67004,0.62192,0.49119,12.51823
13.86119,830.00000,857.30456,0.62194,0.49119,12.51788
13.86219,830.00000,855.67004,0.62196,0.49119,12.51752
13.86319,830.00000,855.67004,0.62198,0.49119,12.51716
13.86419,830.00000,854.04180,0.62200,0.49119,12.51681
13.86519,830.00000,854.04180,0.62201,0.49119,12.51646
13.86619,830.00000,849.99804,0.62203,0.49119,12.51611
13.86719,830.00000,847.59008,0.62205,0.49119,12.51576
13.86819,830.00000,847.59008,0.62206,0.49119,12.51541
13.86919,830.00000,847.59008,0.62208,0.49119,12.51506
13.87019,830.00000,844.40063,0.62210,0.49119,12.51472
13.87119,830.00000,844.40063,0.62212,0.49119,12.51437
13.87219,830.00000,844.40063,0.62213,0.49119,12.51403
13.87319,830.00000,847.59008,0.62215,0.49119,12.51369
13.87419,830.00000,847.59008,0.62217,0.49119,12.51336
13.87519,830.00000,847.59008,0.62218,0.49119,12.51303
13.87619,830.00000,847.59008,0.62220,0.49119,12.51270
13.87719,830.00000,847.59008,0.62222,0.49119,12.51238
13.87819,830.00000,849.19384,0.62223,0.49119,12.51206
13.87919,830.00000,852.41961,0.62225,0.49119,12.51173
13.88019,830.00000,852.41961,0.62226,0.49119,12.51142
13.88119,830.00000,852.41961,0.62228,0.49119,12.51110
13.88219,830.00000,853.22991,0.62229,0.49119,12.51079
13.88319,830.00000,853.22991,0.62231,0.49119,12.51048
13.88419,830.00000,852.41961,0.62233,0.49119,12.51018
13.88519,830.00000,852.41961,0.62234,0.49119,12.50987
13.88619,830.00000,852.41961,0.62236,0.49119,12.50957
13.88719,830.00000,852.41961,0.62237,0.49119,12.50928
13.88819,830.00000,849.99804,0.62238,0.49119,12.50899
13.88919,830.00000,849.19384,0.62240,0.49119,12.50870
13.89019,830.00000,849.99804,0.62241,0.49119,12.50841
13.89119,830.00000,849.99804,0.62243,0.49119,12.50812
13.89219,830.00000,849.99804,0.62244,0.49119,12.50784
13.89319,830.00000,849.99804,0.62246,0.49119,12.50756
13.89419,830.00000,849.99804,0.62247,0.49119,12.50729
13.89519,830.00000,849.19384,0.62248,0.49119,12.50701
13.89619,830.00000,849.19384,0.62250,0.49119,12.50674
13.89719,830.00000,849.99804,0.62251,0.49119,12.50648
13.89819,830.00000,849.99804,0.62252,0.49119,12.50621
13.89919,830.00000,852.41961,0.62254,0.49119,12.50595
13.90019,830.00000,852.41961,0.62255,0.49119,12.50569
13.90119,830.00000,854.85510,0.62256,0.49119,12.50544
13.90219,830.00000,854.85510,0.62257,0.49119,12.50518
13.90319,830.00000,852.41961,0.62259,0.49119,12.50493
13.90419,830.00000,846.79046,0.62260,0.49119,12.50468
13.90519,830.00000,852.41961,0.62261,0.49119,12.50444
13.90619,830.00000,846.79046,0.62262,0.49119,12.50420
13.90719,830.00000,846.79046,0.62263,0.49119,12.50396
13.90819,830.00000,855.67004,0.62265,0.49119,12.50372
13.90920,830.00000,855.67004,0.62266,0.49119,12.50349
13.91022,830.00000,855.67004,0.62267,0.49119,12.50325
13.91119,830.00000,855.67004,0.62268,0.49119,12.50302
13.91219,830.00000,855.67004,0.62269,0.49119,12.50279
13.91319,830.00000,855.67004,0.62270,0.49119,12.50257
13.91419,830.00000,855.67004,0.62271,0.49119,12.50235
13.91519,830.00000,855.67004,0.62273,0.49119,12.50214
13.91619,830.00000,855.67004,0.62274,0.49119,12.50192
13.91719,830.00000,855.67004,0.62275,0.49119,12.50171
13.91819,830.00000,855.67004,0.62276,0.49119,12.50150
13.91919,830.00000,854.04180,0.62277,0.49119,12.50129
13.92019,830.00000,845.99230,0.62278,0.49119,12.50109
13.92119,830.00000,845.99230,0.62279,0.49119,12.50088
13.92219,830.00000,845.19567,0.62280,0.49119,12.50068
13.92319,830.00000,845.19567,0.62281,0.49119,12.50047
13.92419,830.00000,845.19567,0.62282,0.49119,12.50027
13.92519,830.00000,845.99230,0.62283,0.49119,12.50006
13.92619,830.00000,845.99230,0.62284,0.49119,12.49986
13.92719,830.00000,845.99230,0.62285,0.49119,12.49965
13.92819,830.00000,845.99230,0.62286,0.49119,12.49945
13.92919,830.00000,850.80364,0.62287,0.49119,12.49924
13.93019,830.00000,850.80364,0.62288,0.49119,12.49903
13.93119,830.00000,850.80364,0.62289,0.49119,12.49882
13.93219,830.00000,851.61090,0.62290,0.49119,12.49861
13.93319,830.00000,854.85510,0.62291,0.49119,12.49840
13.93419,830.00000,851.61090,0.62292,0.49119,12.49818
13.93519,830.00000,851.61090,0.62293,0.49119,12.49797
13.93619,830.00000,851.61090,0.62294,0.49119,12.49776
13.93719,830.00000,851.61090,0.62295,0.49119,12.49754
13.93819,830.00000,851.61090,0.62297,0.49119,12.49732
13.93919,830.00000,851.61090,0.62298,0.49119,12.49711
13.94019,830.00000,851.61090,0.62299,0.49119,12.49689
13.94119,830.00000,851.61090,0.62300,0.49119,12.49667
13.94219,830.00000,850.80364,0.62301,0.49119,12.49645
13.94319,830.00000,850.80364,0.62302,0.49119,12.49623
13.94419,830.00000,845.99230,0.62303,0.49119,12.49601
13.94519,830.00000,845.99230,0.62304,0.49119,12.49578
13.94619,830.00000,845.99230,0.62305,0.49119,12.49556
13.94719,830.00000,845.99230,0.62306,0.49119,12.49533
13.94819,830.00000,845.99230,0.62308,0.49119,12.49510
13.94919,830.00000,845.99230,0.62309,0.49119,12.49487
13.95019,830.00000,845.99230,0.62310,0.49119,12.49464
13.95119,830.00000,845.99230,0.62311,0.49119,12.49441
13.95219,830.00000,853.22991,0.62312,0.49119,12.49418
13.95319,830.00000,853.22991,0.62313,0.49119,12.49395
13.95419,830.00000,853.22991,0.62314,0.49119,12.49372
13.95519,830.00000,853.22991,0.62316,0.49119,12.49349
13.95619,830.00000,854.04180,0.62317,0.49119,12.49327
13.95719,830.00000,853.22991,0.62318,0.49119,12.49304
13.95819,830.00000,854.04180,0.62319,0.49119,12.49282
13.95919,830.00000,854.04180,0.62320,0.49119,12.49260
13.96019,830.00000,853.22991,0.62321,0.49119,12.49237
13.96119,830.00000,853.22991,0.62322,0.49119,12.49215
13.96219,830.00000,849.99804,0.62323,0.49119,12.49193
13.96319,830.00000,849.99804,0.62324,0.49119,12.49171
13.96419,830.00000,849.99804,0.62326,0.49119,12.49149
13.96519,830.00000,850.80364,0.62327,0.49119,12.49128
13.96619,830.00000,850.80364,0.62328,0.49119,12.49106
13.96719,830.00000,850.80364,0.62329,0.49119,12.49085
13.96819,830.00000,850.80364,0.62330,0.49119,12.49063
13.96919,830.00000,849.19384,0.62331,0.49119,12.49042
13.97019,830.00000,850.80364,0.62332,0.49119,12.49020
13.97119,830.00000,850.80364,0.62333,0.49119,12.48999
13.97219,830.00000,850.80364,0.62334,0.49119,12.48978
13.97319,830.00000,850.80364,0.62335,0.49119,12.48957
13.97419,830.00000,849.99804,0.62336,0.49119,12.48936
13.97519,830.00000,847.59008,0.62337,0.49119,12.48916
13.97619,830.00000,847.59008,0.62338,0.49119,12.48895
13.97719,830.00000,847.59008,0.62339,0.49119,12.48874
13.97819,830.00000,847.59008,0.62340,0.49119,12.48854
13.97919,830.00000,849.99804,0.62341,0.49119,12.48833
13.98019,830.00000,847.59008,0.62342,0.49119,12.48813
13.98119,830.00000,849.99804,0.62343,0.49119,12.48793
13.98219,830.00000,849.99804,0.62344,0.49119,12.48773
13.98319,830.00000,849.99804,0.62345,0.49119,12.48754
13.98418,830.00000,849.99804,0.62346,0.49119,12.48734
13.98519,830.00000,849.99804,0.62347,0.49119,12.48716
13.98619,830.00000,849.99804,0.62348,0.49119,12.48697
13.98719,830.00000,849.99804,0.62349,0.49119,12.48679
13.98819,830.00000,853.22991,0.62350,0.49119,12.48661
13.98919,830.00000,849.99804,0.62351,0.49119,12.48643
13.99019,830.00000,849.99804,0.62352,0.49119,12.48626
13.99119,830.00000,853.22991,0.62353,0.49119,12.48609
13.99219,830.00000,853.22991,0.62353,0.49119,12.48592
13.99319,830.00000,853.22991,0.62354,0.49119,12.48575
13.99419,830.00000,857.30456,0.62355,0.49119,12.48559
13.99519,830.00000,857.30456,0.62356,0.49119,12.48543
13.99619,830.00000,857.30456,0.62357,0.49119,12.48527
13.99719,830.00000,857.30456,0.62357,0.49119,12.48511
13.99819,830.00000,857.30456,0.62358,0.49119,12.48496
13.99919,830.00000,857.30456,0.62359,0.49119,12.48482
14.00019,830.00000,852.41961,0.62360,0.49119,12.48467
14.00119,830.00000,852.41961,0.62360,0.49119,12.48454
14.00219,830.00000,852.41961,0.62361,0.49119,12.48440
14.00319,830.00000,850.80364,0.62362,0.49119,12.48428
14.00419,830.00000,850.80364,0.62362,0.49119,12.48415
14.00519,830.00000,850.80364,0.62363,0.49119,12.48403
14.00619,830.00000,849.99804,0.62363,0.49119,12.48392
14.00719,830.00000,849.99804,0.62364,0.49119,12.48381
14.00819,830.00000,849.99804,0.62365,0.49119,12.48370
14.00919,830.00000,849.99804,0.62365,0.49119,12.48359
14.01019,830.00000,849.99804,0.62366,0.49119,12.48349
14.01119,830.00000,851.61090,0.62366,0.49119,12.48339
14.01219,830.00000,849.99804,0.62367,0.49119,12.48329
14.01319,830.00000,851.61090,0.62367,0.49119,12.48319
14.01419,830.00000,851.61090,0.62368,0.49119,12.48309
14.01519,830.00000,851.61090,0.62368,0.49119,12.48300
14.01619,830.00000,851.61090,0.62368,0.49119,12.48291
14.01719,830.00000,853.22991,0.62369,0.49119,12.48282
14.01819,830.00000,851.61090,0.62369,0.49119,12.48273
14.01919,830.00000,851.61090,0.62370,0.49119,12.48265
14.02019,830.00000,851.61090,0.62370,0.49119,12.48257
14.02119,830.00000,851.61090,0.62371,0.49119,12.48249
14.02219,830.00000,853.22991,0.62371,0.49119,12.48241
14.02319,830.00000,853.22991,0.62371,0.49119,12.48233
14.02419,830.00000,849.99804,0.62372,0.49119,12.48226
14.02519,830.00000,848.39117,0.62372,0.49119,12.48219
14.02619,830.00000,848.39117,0.62372,0.49119,12.48212
14.02719,830.00000,853.22991,0.62373,0.49119,12.48205
14.02819,830.00000,848.39117,0.62373,0.49119,12.48199
14.02919,830.00000,853.22991,0.62373,0.49119,12.48193
14.03019,830.00000,848.39117,0.62374,0.49119,12.48187
14.03119,830.00000,852.41961,0.62374,0.49119,12.48182
14.03219,830.00000,852.41961,0.62374,0.49119,12.48177
14.03319,830.00000,852.41961,0.62374,0.49119,12.48173
14.03419,830.00000,853.22991,0.62375,0.49119,12.48169
14.03519,830.00000,854.85510,0.62375,0.49119,12.48165
14.03619,830.00000,855.67004,0.62375,0.49119,12.48162
14.03719,830.00000,855.67004,0.62375,0.49119,12.48159
14.03819,830.00000,855.67004,0.62375,0.49119,12.48157
14.03919,830.00000,858.12420,0.62375,0.49119,12.48155
14.04019,830.00000,858.12420,0.62375,0.49119,12.48153
14.04119,830.00000,858.12420,0.62375,0.49119,12.48151
14.04219,830.00000,858.12420,0.62375,0.49119,12.48150
14.04319,830.00000,855.67004,0.62376,0.49119,12.48150
14.04419,830.00000,855.67004,0.62376,0.49119,12.48149
14.04519,830.00000,853.22991,0.62376,0.49119,12.48149
14.04619,830.00000,852.41961,0.62375,0.49119,12.48150
14.04719,830.00000,852.41961,0.62375,0.49119,12.48151
14.04819,830.00000,853.22991,0.62375,0.49119,12.48152
14.04919,830.00000,853.22991,0.62375,0.49119,12.48154
14.05019,830.00000,852.41961,0.62375,0.49119,12.48156
14.05119,830.00000,853.22991,0.62375,0.49119,12.48158
14.05219,830.00000,854.04180,0.62375,0.49119,12.48161
14.05319,830.00000,854.04180,0.62375,0.49119,12.48164
14.05419,830.00000,854.04180,0.62375,0.49119,12.48167
14.05520,830.00000,854.04180,0.62374,0.49119,12.48170
14.05622,830.00000,854.85510,0.62374,0.49119,12.48174
14.05719,830.00000,854.04180,0.62374,0.49119,12.48179
14.05819,830.00000,854.04180,0.62374,0.49119,12.48183
14.05919,830.00000,854.04180,0.62374,0.49119,12.48188
14.06019,830.00000,854.04180,0.62373,0.49119,12.48193
14.06119,830.00000,854.04180,0.62373,0.49119,12.48198
14.06219,830.00000,852.41961,0.62373,0.49119,12.48204
14.06319,830.00000,852.41961,0.62372,0.49119,12.48210
14.06419,830.00000,854.04180,0.62372,0.49119,12.48217
14.06519,830.00000,852.41961,0.62372,0.49119,12.48223
14.06619,830.00000,852.41961,0.62371,0.49119,12.48230
14.06719,830.00000,852.41961,0.62371,0.49119,12.48237
14.06819,830.00000,852.41961,0.62371,0.49119,12.48245
14.06919,830.00000,854.04180,0.62370,0.49119,12.48252
14.07019,830.00000,852.41961,0.62370,0.49119,12.48260
14.07119,830.00000,854.04180,0.62370,0.49119,12.48268
14.07219,830.00000,854.04180,0.62369,0.49119,12.48277
14.07319,830.00000,851.61090,0.62369,0.49119,12.48285
14.07419,830.00000,851.61090,0.62368,0.49119,12.48294
14.07519,830.00000,851.61090,0.62368,0.49119,12.48303
14.07618,830.00000,851.61090,0.62367,0.49119,12.48313
14.07719,830.00000,851.61090,0.62367,0.49119,12.48323
14.07819,830.00000,851.61090,0.62366,0.49119,12.48332
14.07919,830.00000,851.61090,0.62366,0.49119,12.48343
14.08019,830.00000,851.61090,0.62365,0.49119,12.48353
14.08119,830.00000,850.80364,0.62365,0.49119,12.48364
14.08219,830.00000,850.80364,0.62364,0.49119,12.48374
14.08319,830.00000,850.80364,0.62364,0.49119,12.48386
14.08419,830.00000,851.61090,0.62363,0.49119,12.48397
14.08519,830.00000,851.61090,0.62363,0.49119,12.48408
14.08619,830.00000,851.61090,0.62362,0.49119,12.48420
14.08719,830.00000,852.41961,0.62361,0.49119,12.48432
14.08819,830.00000,852.41961,0.62361,0.49119,12.48445
14.08919,830.00000,851.61090,0.62360,0.49119,12.48457
14.09019,830.00000,851.61090,0.62360,0.49119,12.48470
14.09119,830.00000,852.41961,0.62359,0.49119,12.48482
14.09219,830.00000,851.61090,0.62358,0.49119,12.48495
14.09319,830.00000,852.41961,0.62358,0.49119,12.48509
14.09419,830.00000,852.41961,0.62357,0.49119,12.48522
14.09519,830.00000,851.61090,0.62356,0.49119,12.48536
14.09619,830.00000,853.22991,0.62356,0.49119,12.48549
14.09719,830.00000,851.61090,0.62355,0.49119,12.48563
14.09819,830.00000,851.61090,0.62354,0.49119,12.48578
14.09919,830.00000,852.41961,0.62353,0.49119,12.48592
14.10019,830.00000,852.41961,0.62353,0.49119,12.48607
14.10119,830.00000,852.41961,0.62352,0.49119,12.48622
14.10219,830.00000,851.61090,0.62351,0.49119,12.48637
14.10319,830.00000,852.41961,0.62350,0.49119,12.48652
14.10419,830.00000,852.41961,0.62350,0.49119,12.48668
14.10519,830.00000,853.22991,0.62349,0.49119,12.48684
14.10619,830.00000,853.22991,0.62348,0.49119,12.48700
14.10719,830.00000,853.22991,0.62347,0.49119,12.48716
14.10819,830.00000,854.04180,0.62346,0.49119,12.48732
14.10919,830.00000,854.04180,0.62346,0.49119,12.48748
14.11019,830.00000,854.04180,0.62345,0.49119,12.48764
14.11119,830.00000,854.04180,0.62344,0.49119,12.48781
14.11219,830.00000,854.04180,0.62343,0.49119,12.48798
14.11319,830.00000,854.04180,0.62342,0.49119,12.48815
14.11419,830.00000,854.04180,0.62341,0.49119,12.48832
14.11519,830.00000,852.41961,0.62341,0.49119,12.48850
14.11619,830.00000,852.41961,0.62340,0.49119,12.48869
14.11719,830.00000,849.99804,0.62339,0.49119,12.48887
14.11819,830.00000,849.99804,0.62338,0.49119,12.48906
14.11919,830.00000,849.99804,0.62337,0.49119,12.48925
14.12019,830.00000,843.60705,0.62336,0.49119,12.48945
14.12119,830.00000,849.99804,0.62335,0.49119,12.48965
14.12219,830.00000,849.99804,0.62334,0.49119,12.48985
14.12319,830.00000,850.80364,0.62333,0.49119,12.49006
14.12419,830.00000,843.60705,0.62332,0.49119,12.49027
14.12519,830.00000,843.60705,0.62331,0.49119,12.49048
14.12619,830.00000,850.80364,0.62330,0.49119,12.49069
14.12719,830.00000,852.41961,0.62328,0.49119,12.49091
14.12819,830.00000,852.41961,0.62327,0.49119,12.49113
14.12919,830.00000,850.80364,0.62326,0.49119,12.49136
14.13019,830.00000,852.41961,0.62325,0.49119,12.49158
14.13119,830.00000,852.41961,0.62324,0.49119,12.49181
14.13219,830.00000,852.41961,0.62323,0.49119,12.49205
14.13319,830.00000,852.41961,0.62322,0.49119,12.49229
14.13419,830.00000,852.41961,0.62320,0.49119,12.49253
14.13519,830.00000,853.22991,0.62319,0.49119,12.49277
14.13619,830.00000,854.04180,0.62318,0.49119,12.49302
14.13719,830.00000,854.04180,0.62317,0.49119,12.49326
14.13819,830.00000,854.04180,0.62316,0.49119,12.49352
14.13919,830.00000,854.04180,0.62314,0.49119,12.49377
14.14019,830.00000,854.04180,0.62313,0.49119,12.49404
14.14119,830.00000,853.22991,0.62312,0.49119,12.49430
14.14219,830.00000,850.80364,0.62310,0.49119,12.49457
14.14319,830.00000,850.80364,0.62309,0.49119,12.49485
14.14419,830.00000,850.80364,0.62307,0.49119,12.49513
14.14519,830.00000,850.80364,0.62306,0.49119,12.49541
14.14619,830.00000,850.80364,0.62305,0.49119,12.49570
14.14719,830.00000,850.80364,0.62303,0.49119,12.49599
14.14819,830.00000,850.80364,0.62302,0.49119,12.49628
14.14919,830.00000,850.80364,0.62300,0.49119,12.49658
14.15019,830.00000,850.80364,0.62299,0.49119,12.49689
14.15119,830.00000,850.80364,0.62297,0.49119,12.49720
14.15219,830.00000,850.80364,0.62296,0.49119,12.49751
14.15319,830.00000,853.22991,0.62294,0.49119,12.49782
14.15419,830.00000,853.22991,0.62292,0.49119,12.49815
14.15519,830.00000,850.80364,0.62291,0.49119,12.49847
14.15619,830.00000,853.22991,0.62289,0.49119,12.49881
14.15719,830.00000,853.22991,0.62287,0.49119,12.49914
14.15819,830.00000,853.22991,0.62286,0.49119,12.49949
14.15919,830.00000,850.80364,0.62284,0.49119,12.49984
14.16019,830.00000,850.80364,0.62282,0.49119,12.50019
14.16119,830.00000,850.80364,0.62280,0.49119,12.50055
14.16219,830.00000,850.80364,0.62279,0.49119,12.50092
14.16319,830.00000,850.80364,0.62277,0.49119,12.50129
14.16419,830.00000,853.22991,0.62275,0.49119,12.50166
14.16519,830.00000,853.22991,0.62273,0.49119,12.50205
14.16619,830.00000,849.19384,0.62271,0.49119,12.50243
14.16719,830.00000,854.04180,0.62269,0.49119,12.50282
14.16819,830.00000,849.19384,0.62267,0.49119,12.50322
14.16919,830.00000,854.04180,0.62265,0.49119,12.50362
14.17019,830.00000,854.04180,0.62263,0.49119,12.50402
14.17119,830.00000,854.04180,0.62261,0.49119,12.50443
14.17219,830.00000,854.04180,0.62259,0.49119,12.50485
14.17319,830.00000,854.04180,0.62257,0.49119,12.50527
14.17419,830.00000,853.22991,0.62255,0.49119,12.50569
14.17519,830.00000,849.99804,0.62253,0.49119,12.50611
14.17619,830.00000,849.99804,0.62251,0.49119,12.50653
14.17719,830.00000,849.99804,0.62249,0.49119,12.50696
14.17819,830.00000,846.79046,0.62246,0.49119,12.50739
14.17919,830.00000,849.99804,0.62244,0.49119,12.50782
14.18019,830.00000,846.79046,0.62242,0.49119,12.50825
14.18119,830.00000,846.79046,0.62240,0.49119,12.50868
14.18219,830.00000,846.79046,0.62238,0.49119,12.50912
14.18319,830.00000,846.79046,0.62236,0.49119,12.50956
14.18419,830.00000,846.79046,0.62233,0.49119,12.51000
14.18519,830.00000,846.79046,0.62231,0.49119,12.51044
14.18619,830.00000,846.79046,0.62229,0.49119,12.51088
14.18719,830.00000,845.99230,0.62227,0.49119,12.51133
14.18819,830.00000,845.99230,0.62225,0.49119,12.51178
14.18919,830.00000,845.99230,0.62222,0.49119,12.51223
14.19019,830.00000,845.19567,0.62220,0.49119,12.51268
14.19119,830.00000,845.99230,0.62218,0.49119,12.51314
14.19219,830.00000,845.19567,0.62216,0.49119,12.51360
14.19319,830.00000,845.19567,0.62213,0.49119,12.51406
14.19419,830.00000,844.40063,0.62211,0.49119,12.51452
14.19519,830.00000,844.40063,0.62209,0.49119,12.51498
14.19619,830.00000,845.19567,0.62206,0.49119,12.51544
14.19719,830.00000,849.99804,0.62204,0.49119,12.51591
14.19819,830.00000,849.99804,0.62202,0.49119,12.51638
14.19919,830.00000,849.99804,0.62199,0.49119,12.51685
14.20019,830.00000,851.61090,0.62197,0.49119,12.51732
14.20119,830.00000,851.61090,0.62195,0.49119,12.51779
14.20220,830.00000,851.61090,0.62192,0.49119,12.51827
14.20322,830.00000,851.61090,0.62190,0.49119,12.51874
14.20419,830.00000,852.41961,0.62188,0.49119,12.51922
14.20519,830.00000,851.61090,0.62185,0.49119,12.51970
14.20619,830.00000,851.61090,0.62183,0.49119,12.52018
14.20719,830.00000,849.99804,0.62180,0.49119,12.52067
14.20819,830.00000,846.79046,0.62178,0.49119,12.52115
14.20919,830.00000,846.79046,0.62176,0.49119,12.52164
14.21019,830.00000,846.79046,0.62173,0.49119,12.52213
14.21119,830.00000,846.79046,0.62171,0.49119,12.52261
14.21219,830.00000,846.79046,0.62168,0.49119,12.52310
14.21319,830.00000,846.79046,0.62166,0.49119,12.52360
14.21419,830.00000,846.79046,0.62163,0.49119,12.52409
14.21519,830.00000,846.79046,0.62161,0.49119,12.52458
14.21619,830.00000,846.79046,0.62158,0.49119,12.52508
14.21719,830.00000,846.79046,0.62156,0.49119,12.52557
14.21819,830.00000,847.59008,0.62154,0.49119,12.52607
14.21919,830.00000,847.59008,0.62151,0.49119,12.52656
14.22019,830.00000,848.39117,0.62149,0.49119,12.52706
14.22119,830.00000,848.39117,0.62146,0.49119,12.52756
14.22219,830.00000,847.59008,0.62144,0.49119,12.52806
14.22319,830.00000,849.99804,0.62141,0.49119,12.52856
14.22419,830.00000,849.99804,0.62139,0.49119,12.52906
14.22519,830.00000,847.59008,0.62136,0.49119,12.52955
14.22619,830.00000,846.79046,0.62134,0.49119,12.53005
14.22719,830.00000,847.59008,0.62131,0.49119,12.53055
14.22819,830.00000,849.99804,0.62129,0.49119,12.53104
14.22919,830.00000,850.80364,0.62126,0.49119,12.53153
14.23019,830.00000,850.80364,0.62124,0.49119,12.53203
14.23119,830.00000,849.99804,0.62122,0.49119,12.53252
14.23219,830.00000,850.80364,0.62119,0.49119,12.53301
14.23319,830.00000,850.80364,0.62117,0.49119,12.53350
14.23419,830.00000,850.80364,0.62114,0.49119,12.53399
14.23519,830.00000,850.80364,0.62112,0.49119,12.53448
14.23619,830.00000,850.80364,0.62109,0.49119,12.53498
14.23719,830.00000,850.80364,0.62107,0.49119,12.53547
14.23819,830.00000,850.80364,0.62104,0.49119,12.53597
14.23919,830.00000,854.04180,0.62102,0.49119,12.53646
14.24019,830.00000,854.04180,0.62100,0.49119,12.53696
14.24119,830.00000,854.85510,0.62097,0.49119,12.53746
14.24219,830.00000,854.85510,0.62095,0.49119,12.53795
14.24319,830.00000,854.85510,0.62092,0.49119,12.53845
14.24419,830.00000,854.85510,0.62090,0.49119,12.53895
14.24519,830.00000,854.85510,0.62087,0.49119,12.53945
14.24619,830.00000,854.85510,0.62085,0.49119,12.53995
14.24719,830.00000,854.85510,0.62082,0.49119,12.54045
14.24819,830.00000,854.85510,0.62080,0.49119,12.54095
14.24919,830.00000,845.19567,0.62077,0.49119,12.54145
14.25019,830.00000,845.19567,0.62075,0.49119,12.54195
14.25119,830.00000,845.99230,0.62072,0.49119,12.54245
14.25219,830.00000,845.19567,0.62070,0.49119,12.54295
14.25319,830.00000,845.19567,0.62067,0.49119,12.54345
14.25419,830.00000,844.40063,0.62065,0.49119,12.54395
14.25519,830.00000,844.40063,0.62062,0.49119,12.54446
14.25619,830.00000,844.40063,0.62060,0.49119,12.54496
14.25719,830.00000,845.99230,0.62058,0.49119,12.54546
14.25819,830.00000,845.99230,0.62055,0.49119,12.54596
14.25919,830.00000,844.40063,0.62053,0.49119,12.54646
14.26019,830.00000,845.99230,0.62050,0.49119,12.54696
14.26119,830.00000,845.99230,0.62048,0.49119,12.54746
14.26219,830.00000,843.60705,0.62045,0.49119,12.54796
14.26319,830.00000,846.79046,0.62043,0.49119,12.54846
14.26419,830.00000,851.61090,0.62040,0.49119,12.54896
14.26519,830.00000,851.61090,0.62038,0.49119,12.54946
14.26619,830.00000,851.61090,0.62035,0.49119,12.54997
14.26719,830.00000,852.41961,0.62033,0.49119,12.55047
14.26819,830.00000,854.04180,0.62030,0.49119,12.55097
14.26919,830.00000,854.04180,0.62028,0.49119,12.55147
14.27019,830.00000,854.04180,0.62025,0.49119,12.55197
14.27119,830.00000,854.04180,0.62023,0.49119,12.55247
14.27219,830.00000,854.04180,0.62020,0.49119,12.55297
14.27319,830.00000,854.04180,0.62018,0.49119,12.55347
14.27419,830.00000,853.22991,0.62015,0.49119,12.55397
14.27519,830.00000,853.22991,0.62013,0.49119,12.55447
14.27619,830.00000,853.22991,0.62010,0.49119,12.55497
14.27719,830.00000,852.41961,0.62008,0.49119,12.55547
14.27819,830.00000,852.41961,0.62006,0.49119,12.55597
14.27919,830.00000,850.80364,0.62003,0.49119,12.55647
14.28019,830.00000,850.80364,0.62001,0.49119,12.55698
14.28119,830.00000,850.80364,0.61998,0.49119,12.55748
14.28219,830.00000,850.80364,0.61996,0.49119,12.55798
14.28319,830.00000,850.80364,0.61993,0.49119,12.55848
14.28419,830.00000,850.80364,0.61991,0.49119,12.55898
14.28519,830.00000,850.80364,0.61988,0.49119,12.55947
14.28619,830.00000,851.61090,0.61986,0.49119,12.55997
14.28719,830.00000,851.61090,0.61983,0.49119,12.56047
14.28819,830.00000,851.61090,0.61981,0.49119,12.56097
14.28919,830.00000,851.61090,0.61978,0.49119,12.56147
14.29019,830.00000,851.61090,0.61976,0.49119,12.56197
14.29119,830.00000,851.61090,0.61973,0.49119,12.56247
14.29219,830.00000,851.61090,0.61971,0.49119,12.56297
14.29319,830.00000,851.61090,0.61969,0.49119,12.56347
14.29419,830.00000,851.61090,0.61966,0.49119,12.56396
14.29519,830.00000,851.61090,0.61964,0.49119,12.56446
14.29619,830.00000,849.99804,0.61961,0.49119,12.56496
14.29719,830.00000,844.40063,0.61959,0.49119,12.56546
14.29819,830.00000,848.39117,0.61956,0.49119,12.56595
14.29919,830.00000,848.39117,0.61954,0.49119,12.56645
14.30019,830.00000,849.19384,0.61951,0.49119,12.56694
14.30119,830.00000,848.39117,0.61949,0.49119,12.56744
14.30219,830.00000,848.39117,0.61947,0.49119,12.56793
14.30319,830.00000,849.19384,0.61944,0.49119,12.56842
14.30419,830.00000,848.39117,0.61942,0.49119,12.56892
14.30519,830.00000,848.39117,0.61939,0.49119,12.56941
14.30619,830.00000,848.39117,0.61937,0.49119,12.56990
14.30719,830.00000,848.39117,0.61934,0.49119,12.57039
14.30819,830.00000,849.19384,0.61932,0.49119,12.57089
14.30919,830.00000,849.99804,0.61930,0.49119,12.57138
14.31019,830.00000,849.99804,0.61927,0.49119,12.57186
14.31119,830.00000,852.41961,0.61925,0.49119,12.57235
14.31219,830.00000,852.41961,0.61922,0.49119,12.57284
14.31319,830.00000,849.99804,0.61920,0.49119,12.57333
14.31419,830.00000,842.81488,0.61918,0.49119,12.57382
14.31519,830.00000,849.99804,0.61915,0.49119,12.57431
14.31619,830.00000,849.99804,0.61913,0.49119,12.57479
14.31719,830.00000,848.39117,0.61910,0.49119,12.57528
14.31819,830.00000,848.39117,0.61908,0.49119,12.57576
14.31919,830.00000,846.79046,0.61906,0.49119,12.57624
14.32019,830.00000,846.79046,0.61903,0.49119,12.57672
14.32119,830.00000,848.39117,0.61901,0.49119,12.57719
14.32219,830.00000,846.79046,0.61899,0.49119,12.57767
14.32319,830.00000,846.79046,0.61896,0.49119,12.57814
14.32419,830.00000,846.79046,0.61894,0.49119,12.57860
14.32519,830.00000,846.79046,0.61892,0.49119,12.57907
14.32619,830.00000,846.79046,0.61889,0.49119,12.57953
14.32719,830.00000,846.79046,0.61887,0.49119,12.57999
14.32819,830.00000,854.04180,0.61885,0.49119,12.58045
14.32919,830.00000,854.04180,0.61883,0.49119,12.58090
14.33019,830.00000,854.04180,0.61880,0.49119,12.58135
14.33119,830.00000,854.04180,0.61878,0.49119,12.58180
14.33219,830.00000,850.80364,0.61876,0.49119,12.58225
14.33319,830.00000,850.80364,0.61874,0.49119,12.58269
14.33419,830.00000,850.80364,0.61872,0.49119,12.58313
14.33519,830.00000,854.04180,0.61870,0.49119,12.58357
14.33619,830.00000,850.80364,0.61867,0.49119,12.58400
14.33719,830.00000,849.99804,0.61865,0.49119,12.58442
14.33819,830.00000,849.99804,0.61863,0.49119,12.58484
14.33919,830.00000,849.99804,0.61861,0.49119,12.58526
14.34019,830.00000,848.39117,0.61859,0.49119,12.58567
14.34119,830.00000,848.39117,0.61857,0.49119,12.58608
14.34219,830.00000,845.99230,0.61855,0.49119,12.58648
14.34319,830.00000,848.39117,0.61853,0.49119,12.58688
14.34419,830.00000,848.39117,0.61851,0.49119,12.58727
14.34519,830.00000,848.39117,0.61849,0.49119,12.58766
14.34619,830.00000,845.99230,0.61848,0.49119,12.58804
14.34719,830.00000,845.99230,0.61846,0.49119,12.58842
14.34820,830.00000,845.19567,0.61844,0.49119,12.58880
14.34926,830.00000,848.39117,0.61842,0.49119,12.58917
14.35021,830.00000,849.99804,0.61840,0.49119,12.58954
14.35123,830.00000,849.99804,0.61838,0.49119,12.58990
14.35223,830.00000,845.19567,0.61837,0.49119,12.59026
14.35320,830.00000,844.40063,0.61835,0.49119,12.59061
14.35427,830.00000,844.40063,0.61833,0.49119,12.59096
14.35521,830.00000,844.40063,0.61832,0.49119,12.59131
14.35622,830.00000,844.40063,0.61830,0.49119,12.59165
14.35719,830.00000,844.40063,0.61828,0.49119,12.59199
14.35819,830.00000,844.40063,0.61827,0.49119,12.59232
14.35919,830.00000,842.02429,0.61825,0.49119,12.59265
14.36019,830.00000,842.02429,0.61823,0.49119,12.59298
14.36119,830.00000,844.40063,0.61822,0.49119,12.59330
14.36219,830.00000,847.59008,0.61820,0.49119,12.59362
14.36319,830.00000,847.59008,0.61819,0.49119,12.59393
14.36419,830.00000,847.59008,0.61817,0.49119,12.59424
14.36519,830.00000,847.59008,0.61816,0.49119,12.59455
14.36619,830.00000,852.41961,0.61814,0.49119,12.59485
14.36719,830.00000,847.59008,0.61813,0.49119,12.59515
14.36819,830.00000,849.19384,0.61811,0.49119,12.59544
14.36919,830.00000,849.19384,0.61810,0.49119,12.59573
14.37019,830.00000,849.99804,0.61808,0.49119,12.59601
14.37119,830.00000,849.19384,0.61807,0.49119,12.59629
14.37219,830.00000,849.19384,0.61806,0.49119,12.59656
14.37319,830.00000,848.39117,0.61804,0.49119,12.59682
14.37419,830.00000,848.39117,0.61803,0.49119,12.59709
14.37519,830.00000,848.39117,0.61802,0.49119,12.59734
14.37619,830.00000,847.59008,0.61801,0.49119,12.59759
14.37719,830.00000,848.39117,0.61799,0.49119,12.59784
14.37819,830.00000,847.59008,0.61798,0.49119,12.59808
14.37919,830.00000,848.39117,0.61797,0.49119,12.59831
14.38019,830.00000,847.59008,0.61796,0.49119,12.59854
14.38119,830.00000,848.39117,0.61795,0.49119,12.59877
14.38219,830.00000,848.39117,0.61794,0.49119,12.59899
14.38319,830.00000,847.59008,0.61793,0.49119,12.59921
14.38419,830.00000,847.59008,0.61792,0.49119,12.59942
14.38519,830.00000,848.39117,0.61791,0.49119,12.59962
14.38619,830.00000,848.39117,0.61790,0.49119,12.59982
14.38719,830.00000,848.39117,0.61789,0.49119,12.60001
14.38819,830.00000,847.59008,0.61788,0.49119,12.60020
14.38919,830.00000,847.59008,0.61787,0.49119,12.60039
14.39019,830.00000,847.59008,0.61786,0.49119,12.60057
14.39119,830.00000,847.59008,0.61785,0.49119,12.60075
14.39219,830.00000,845.19567,0.61784,0.49119,12.60092
14.39319,830.00000,845.19567,0.61784,0.49119,12.60108
14.39419,830.00000,847.59008,0.61783,0.49119,12.60124
14.39519,830.00000,847.59008,0.61782,0.49119,12.60139
14.39619,830.00000,845.19567,0.61781,0.49119,12.60153
14.39719,830.00000,847.59008,0.61781,0.49119,12.60167
14.39819,830.00000,847.59008,0.61780,0.49119,12.60180
14.39919,830.00000,847.59008,0.61779,0.49119,12.60192
14.40019,830.00000,847.59008,0.61779,0.49119,12.60204
14.40119,830.00000,847.59008,0.61778,0.49119,12.60215
14.40219,830.00000,847.59008,0.61778,0.49119,12.60226
14.40319,830.00000,847.59008,0.61777,0.49119,12.60236
14.40419,830.00000,844.40063,0.61777,0.49119,12.60245
14.40519,830.00000,844.40063,0.61776,0.49119,12.60254
14.40619,830.00000,844.40063,0.61776,0.49119,12.60262
14.40719,830.00000,844.40063,0.61776,0.49119,12.60269
14.40819,830.00000,844.40063,0.61775,0.49119,12.60276
14.40919,830.00000,844.40063,0.61775,0.49119,12.60283
14.41019,830.00000,844.40063,0.61775,0.49119,12.60289
14.41119,830.00000,845.99230,0.61774,0.49119,12.60294
14.41219,830.00000,845.99230,0.61774,0.49119,12.60299
14.41319,830.00000,846.79046,0.61774,0.49119,12.60303
14.41419,830.00000,847.59008,0.61774,0.49119,12.60306
14.41519,830.00000,847.59008,0.61774,0.49119,12.60309
14.41619,830.00000,847.59008,0.61774,0.49119,12.60312
14.41719,830.00000,847.59008,0.61773,0.49119,12.60313
14.41819,830.00000,847.59008,0.61773,0.49119,12.60315
14.41919,830.00000,845.99230,0.61773,0.49119,12.60315
14.42019,830.00000,845.99230,0.61773,0.49119,12.60315
14.42119,830.00000,843.60705,0.61773,0.49119,12.60315
14.42219,830.00000,843.60705,0.61773,0.49119,12.60314
14.42319,830.00000,843.60705,0.61774,0.49119,12.60312
14.42419,830.00000,843.60705,0.61774,0.49119,12.60310
14.42519,830.00000,841.23516,0.61774,0.49119,12.60307
14.42619,830.00000,841.23516,0.61774,0.49119,12.60304
14.42719,830.00000,843.60705,0.61774,0.49119,12.60300
14.42819,830.00000,842.02429,0.61774,0.49119,12.60296
14.42919,830.00000,842.02429,0.61775,0.49119,12.60291
14.43019,830.00000,841.23516,0.61775,0.49119,12.60286
14.43119,830.00000,842.02429,0.61775,0.49119,12.60280
14.43219,830.00000,842.02429,0.61775,0.49119,12.60274
14.43319,830.00000,842.02429,0.61776,0.49119,12.60268
14.43419,830.00000,842.02429,0.61776,0.49119,12.60261
14.43519,830.00000,842.02429,0.61776,0.49119,12.60253
14.43619,830.00000,842.02429,0.61777,0.49119,12.60245
14.43719,830.00000,842.02429,0.61777,0.49119,12.60237
14.43819,830.00000,842.02429,0.61778,0.49119,12.60228
14.43919,830.00000,842.02429,0.61778,0.49119,12.60219
14.44019,830.00000,850.80364,0.61779,0.49119,12.60209
14.44119,830.00000,850.80364,0.61779,0.49119,12.60199
14.44219,830.00000,846.79046,0.61780,0.49119,12.60189
14.44319,830.00000,846.79046,0.61780,0.49119,12.60178
14.44419,830.00000,846.79046,0.61781,0.49119,12.60167
14.44519,830.00000,846.79046,0.61781,0.49119,12.60155
14.44619,830.00000,846.79046,0.61782,0.49119,12.60143
14.44719,830.00000,846.79046,0.61782,0.49119,12.60130
14.44819,830.00000,846.79046,0.61783,0.49119,12.60118
14.44919,830.00000,846.79046,0.61784,0.49119,12.60104
14.45019,830.00000,846.79046,0.61784,0.49119,12.60091
14.45119,830.00000,846.79046,0.61785,0.49119,12.60077
14.45219,830.00000,846.79046,0.61786,0.49119,12.60062
14.45319,830.00000,848.39117,0.61787,0.49119,12.60047
14.45419,830.00000,848.39117,0.61787,0.49119,12.60032
14.45519,830.00000,848.39117,0.61788,0.49119,12.60017
14.45619,830.00000,850.80364,0.61789,0.49119,12.60001
14.45719,830.00000,850.80364,0.61790,0.49119,12.59984
14.45819,830.00000,850.80364,0.61790,0.49119,12.59968
14.45919,830.00000,850.80364,0.61791,0.49119,12.59951
14.46019,830.00000,850.80364,0.61792,0.49119,12.59934
14.46119,830.00000,845.99230,0.61793,0.49119,12.59917
14.46219,830.00000,845.99230,0.61794,0.49119,12.59900
14.46319,830.00000,845.99230,0.61795,0.49119,12.59883
14.46419,830.00000,845.99230,0.61795,0.49119,12.59866
14.46519,830.00000,850.80364,0.61796,0.49119,12.59848
14.46619,830.00000,850.80364,0.61797,0.49119,12.59830
14.46719,830.00000,845.99230,0.61798,0.49119,12.59812
14.46819,830.00000,850.80364,0.61799,0.49119,12.59794
14.46919,830.00000,850.80364,0.61800,0.49119,12.59776
14.47019,830.00000,848.39117,0.61801,0.49119,12.59757
14.47119,830.00000,848.39117,0.61802,0.49119,12.59739
14.47219,830.00000,848.39117,0.61803,0.49119,12.59720
14.47319,830.00000,848.39117,0.61804,0.49119,12.59701
14.47419,830.00000,847.59008,0.61804,0.49119,12.59682
14.47519,830.00000,847.59008,0.61805,0.49119,12.59663
14.47619,830.00000,845.99230,0.61806,0.49119,12.59644
14.47719,830.00000,845.99230,0.61807,0.49119,12.59624
14.47819,830.00000,844.40063,0.61808,0.49119,12.59605
14.47919,830.00000,845.19567,0.61809,0.49119,12.59585
14.48019,830.00000,844.40063,0.61810,0.49119,12.59565
14.48119,830.00000,845.19567,0.61811,0.49119,12.59545
14.48219,830.00000,845.19567,0.61812,0.49119,12.59525
14.48319,830.00000,844.40063,0.61813,0.49119,12.59505
14.48419,830.00000,844.40063,0.61814,0.49119,12.59484
14.48520,830.00000,844.40063,0.61815,0.49119,12.59464
14.48619,830.00000,844.40063,0.61816,0.49119,12.59443
14.48719,830.00000,845.19567,0.61817,0.49119,12.59423
14.48819,830.00000,845.19567,0.61818,0.49119,12.59402
14.48919,830.00000,845.19567,0.61819,0.49119,12.59382
14.49019,830.00000,845.19567,0.61820,0.49119,12.59361
14.49119,830.00000,850.80364,0.61821,0.49119,12.59340
14.49219,830.00000,850.80364,0.61822,0.49119,12.59319
14.49319,830.00000,850.80364,0.61823,0.49119,12.59298
14.49420,830.00000,850.80364,0.61824,0.49119,12.59277
14.49522,830.00000,850.80364,0.61825,0.49119,12.59255
14.49619,830.00000,850.80364,0.61826,0.49119,12.59233
14.49719,830.00000,849.19384,0.61828,0.49119,12.59211
14.49819,830.00000,849.19384,0.61829,0.49119,12.59189
14.49919,830.00000,846.79046,0.61830,0.49119,12.59167
14.50019,830.00000,846.79046,0.61831,0.49119,12.59145
14.50119,830.00000,846.79046,0.61832,0.49119,12.59122
14.50219,830.00000,846.79046,0.61833,0.49119,12.59100
14.50319,830.00000,846.79046,0.61834,0.49119,12.59078
14.50419,830.00000,846.79046,0.61835,0.49119,12.59055
14.50519,830.00000,835.75225,0.61836,0.49119,12.59033
14.50619,830.00000,835.75225,0.61837,0.49119,12.59011
14.50719,830.00000,846.79046,0.61839,0.49119,12.58988
14.50819,830.00000,842.02429,0.61840,0.49119,12.58966
14.50919,830.00000,844.40063,0.61841,0.49119,12.58944
14.51019,830.00000,844.40063,0.61842,0.49119,12.58921
14.51119,830.00000,844.40063,0.61843,0.49119,12.58898
14.51219,830.00000,844.40063,0.61844,0.49119,12.58875
14.51319,830.00000,846.79046,0.61845,0.49119,12.58853
14.51419,830.00000,845.99230,0.61846,0.49119,12.58830
14.51519,830.00000,846.79046,0.61847,0.49119,12.58806
14.51619,830.00000,846.79046,0.61849,0.49119,12.58783
14.51719,830.00000,847.59008,0.61850,0.49119,12.58760
14.51819,830.00000,846.79046,0.61851,0.49119,12.58737
14.51919,830.00000,847.59008,0.61852,0.49119,12.58713
14.52019,830.00000,847.59008,0.61853,0.49119,12.58690
14.52119,830.00000,848.39117,0.61854,0.49119,12.58666
14.52219,830.00000,849.99804,0.61855,0.49119,12.58643
14.52319,830.00000,848.39117,0.61857,0.49119,12.58619
14.52419,830.00000,849.99804,0.61858,0.49119,12.58596
14.52519,830.00000,849.99804,0.61859,0.49119,12.58572
14.52619,830.00000,849.99804,0.61860,0.49119,12.58548
14.52719,830.00000,849.99804,0.61861,0.49119,12.58524
14.52819,830.00000,849.99804,0.61863,0.49119,12.58500
14.52919,830.00000,849.99804,0.61864,0.49119,12.58476
14.53019,830.00000,849.99804,0.61865,0.49119,12.58452
14.53119,830.00000,849.99804,0.61866,0.49119,12.58428
14.53219,830.00000,849.99804,0.61867,0.49119,12.58404
14.53319,830.00000,849.99804,0.61868,0.49119,12.58380
14.53419,830.00000,850.80364,0.61870,0.49119,12.58355
14.53519,830.00000,850.80364,0.61871,0.49119,12.58331
14.53619,830.00000,850.80364,0.61872,0.49119,12.58307
14.53719,830.00000,853.22991,0.61873,0.49119,12.58282
14.53819,830.00000,853.22991,0.61874,0.49119,12.58258
14.53919,830.00000,850.80364,0.61876,0.49119,12.58234
14.54019,830.00000,850.80364,0.61877,0.49119,12.58209
14.54119,830.00000,850.80364,0.61878,0.49119,12.58185
14.54219,830.00000,848.39117,0.61879,0.49119,12.58160
14.54319,830.00000,848.39117,0.61880,0.49119,12.58135
14.54419,830.00000,847.59008,0.61882,0.49119,12.58111
14.54519,830.00000,847.59008,0.61883,0.49119,12.58086
14.54619,830.00000,847.59008,0.61884,0.49119,12.58061
14.54719,830.00000,845.19567,0.61885,0.49119,12.58037
14.54819,830.00000,845.19567,0.61886,0.49119,12.58012
14.54919,830.00000,845.19567,0.61888,0.49119,12.57987
14.55019,830.00000,845.19567,0.61889,0.49119,12.57962
14.55119,830.00000,845.19567,0.61890,0.49119,12.57938
14.55219,830.00000,846.79046,0.61891,0.49119,12.57913
14.55319,830.00000,845.19567,0.61893,0.49119,12.57888
14.55419,830.00000,846.79046,0.61894,0.49119,12.57864
14.55519,830.00000,852.41961,0.61895,0.49119,12.57840
14.55619,830.00000,852.41961,0.61896,0.49119,12.57815
14.55719,830.00000,854.04180,0.61897,0.49119,12.57791
14.55819,830.00000,854.04180,0.61899,0.49119,12.57768
14.55919,830.00000,854.04180,0.61900,0.49119,12.57744
14.56019,830.00000,854.04180,0.61901,0.49119,12.57721
14.56119,830.00000,854.04180,0.61902,0.49119,12.57698
14.56219,830.00000,852.41961,0.61903,0.49119,12.57675
14.56319,830.00000,852.41961,0.61904,0.49119,12.57652
14.56419,830.00000,852.41961,0.61905,0.49119,12.57630
14.56519,830.00000,849.19384,0.61906,0.49119,12.57607
14.56619,830.00000,846.79046,0.61908,0.49119,12.57585
14.56719,830.00000,846.79046,0.61909,0.49119,12.57563
14.56819,830.00000,846.79046,0.61910,0.49119,12.57541
14.56919,830.00000,846.79046,0.61911,0.49119,12.57519
14.57019,830.00000,848.39117,0.61912,0.49119,12.57497
14.57119,830.00000,846.79046,0.61913,0.49119,12.57475
14.57219,830.00000,848.39117,0.61914,0.49119,12.57453
14.57319,830.00000,848.39117,0.61915,0.49119,12.57432
14.57419,830.00000,848.39117,0.61916,0.49119,12.57411
14.57519,830.00000,848.39117,0.61917,0.49119,12.57390
14.57619,830.00000,848.39117,0.61918,0.49119,12.57369
14.57719,830.00000,848.39117,0.61919,0.49119,12.57349
14.57819,830.00000,847.59008,0.61920,0.49119,12.57329
14.57919,830.00000,848.39117,0.61921,0.49119,12.57309
14.58019,830.00000,848.39117,0.61922,0.49119,12.57290
14.58119,830.00000,850.80364,0.61923,0.49119,12.57271
14.58219,830.00000,848.39117,0.61924,0.49119,12.57252
14.58319,830.00000,850.80364,0.61925,0.49119,12.57234
14.58419,830.00000,850.80364,0.61926,0.49119,12.57216
14.58519,830.00000,850.80364,0.61927,0.49119,12.57199
14.58619,830.00000,850.80364,0.61927,0.49119,12.57182
14.58719,830.00000,838.09326,0.61928,0.49119,12.57166
14.58819,830.00000,850.80364,0.61929,0.49119,12.57151
14.58919,830.00000,853.22991,0.61930,0.49119,12.57136
14.59019,830.00000,850.80364,0.61930,0.49119,12.57121
14.59119,830.00000,840.44744,0.61931,0.49119,12.57107
14.59219,830.00000,840.44744,0.61932,0.49119,12.57093
14.59319,830.00000,840.44744,0.61932,0.49119,12.57080
14.59419,830.00000,840.44744,0.61933,0.49119,12.57068
14.59519,830.00000,840.44744,0.61934,0.49119,12.57056
14.59619,830.00000,852.41961,0.61934,0.49119,12.57044
14.59719,830.00000,852.41961,0.61935,0.49119,12.57033
14.59819,830.00000,852.41961,0.61935,0.49119,12.57022
14.59919,830.00000,840.44744,0.61936,0.49119,12.57012
14.60019,830.00000,852.41961,0.61936,0.49119,12.57002
14.60119,830.00000,852.41961,0.61937,0.49119,12.56992
14.60219,830.00000,852.41961,0.61937,0.49119,12.56983
14.60319,830.00000,852.41961,0.61938,0.49119,12.56974
14.60419,830.00000,853.22991,0.61938,0.49119,12.56966
14.60519,830.00000,854.85510,0.61938,0.49119,12.56958
14.60619,830.00000,854.85510,0.61939,0.49119,12.56951
14.60719,830.00000,853.22991,0.61939,0.49119,12.56944
14.60819,830.00000,853.22991,0.61939,0.49119,12.56938
14.60919,830.00000,850.80364,0.61940,0.49119,12.56932
14.61019,830.00000,850.80364,0.61940,0.49119,12.56926
14.61119,830.00000,846.79046,0.61940,0.49119,12.56921
14.61219,830.00000,846.79046,0.61940,0.49119,12.56916
14.61319,830.00000,846.79046,0.61941,0.49119,12.56912
14.61419,830.00000,846.79046,0.61941,0.49119,12.56908
14.61519,830.00000,846.79046,0.61941,0.49119,12.56904
14.61619,830.00000,842.02429,0.61941,0.49119,12.56901
14.61719,830.00000,834.19879,0.61941,0.49119,12.56899
14.61819,830.00000,834.19879,0.61941,0.49119,12.56896
14.61919,830.00000,834.19879,0.61942,0.49119,12.56894
14.62019,830.00000,834.19879,0.61942,0.49119,12.56893
14.62119,830.00000,846.79046,0.61942,0.49119,12.56892
14.62219,830.00000,849.99804,0.61942,0.49119,12.56891
14.62319,830.00000,849.99804,0.61942,0.49119,12.56890
14.62419,830.00000,852.41961,0.61942,0.49119,12.56890
14.62520,830.00000,852.41961,0.61942,0.49119,12.56891
14.62619,830.00000,852.41961,0.61942,0.49119,12.56892
14.62719,830.00000,852.41961,0.61942,0.49119,12.56894
14.62819,830.00000,853.22991,0.61941,0.49119,12.56895
14.62919,830.00000,852.41961,0.61941,0.49119,12.56897
14.63019,830.00000,853.22991,0.61941,0.49119,12.56900
14.63119,830.00000,852.41961,0.61941,0.49119,12.56902
14.63219,830.00000,851.61090,0.61941,0.49119,12.56906
14.63319,830.00000,851.61090,0.61941,0.49119,12.56909
14.63419,830.00000,849.19384,0.61941,0.49119,12.56912
14.63519,830.00000,849.19384,0.61940,0.49119,12.56916
14.63619,830.00000,849.19384,0.61940,0.49119,12.56920
14.63719,830.00000,848.39117,0.61940,0.49119,12.56923
14.63819,830.00000,849.19384,0.61940,0.49119,12.56927
14.63919,830.00000,849.19384,0.61940,0.49119,12.56931
14.64020,830.00000,849.19384,0.61940,0.49119,12.56936
14.64122,830.00000,849.19384,0.61939,0.49119,12.56940
14.64219,830.00000,849.19384,0.61939,0.49119,12.56945
14.64319,830.00000,849.19384,0.61939,0.49119,12.56949
14.64419,830.00000,849.19384,0.61939,0.49119,12.56954
14.64519,830.00000,849.19384,0.61938,0.49119,12.56959
14.64619,830.00000,849.19384,0.61938,0.49119,12.56964
14.64719,830.00000,849.19384,0.61938,0.49119,12.56969
14.64819,830.00000,849.19384,0.61938,0.49119,12.56974
14.64919,830.00000,848.39117,0.61937,0.49119,12.56980
14.65019,830.00000,848.39117,0.61937,0.49119,12.56986
14.65119,830.00000,845.99230,0.61937,0.49119,12.56991
14.65219,830.00000,848.39117,0.61936,0.49119,12.56997
14.65319,830.00000,848.39117,0.61936,0.49119,12.57003
14.65419,830.00000,848.39117,0.61936,0.49119,12.57009
14.65519,830.00000,845.99230,0.61936,0.49119,12.57016
14.65619,830.00000,846.79046,0.61935,0.49119,12.57022
14.65719,830.00000,845.99230,0.61935,0.49119,12.57029
14.65819,830.00000,845.99230,0.61935,0.49119,12.57035
14.65919,830.00000,845.99230,0.61934,0.49119,12.57042
14.66019,830.00000,846.79046,0.61934,0.49119,12.57049
14.66119,830.00000,846.79046,0.61934,0.49119,12.57056
14.66219,830.00000,846.79046,0.61933,0.49119,12.57063
14.66319,830.00000,846.79046,0.61933,0.49119,12.57070
14.66419,830.00000,846.79046,0.61933,0.49119,12.57077
14.66519,830.00000,846.79046,0.61932,0.49119,12.57084
14.66619,830.00000,845.99230,0.61932,0.49119,12.57091
14.66719,830.00000,846.79046,0.61931,0.49119,12.57098
14.66819,830.00000,847.59008,0.61931,0.49119,12.57105
14.66919,830.00000,846.79046,0.61931,0.49119,12.57112
14.67019,830.00000,846.79046,0.61930,0.49119,12.57118
14.67119,830.00000,846.79046,0.61930,0.49119,12.57125
14.67219,830.00000,846.79046,0.61930,0.49119,12.57132
14.67319,830.00000,847.59008,0.61930,0.49119,12.57138
14.67419,830.00000,848.39117,0.61929,0.49119,12.57145
14.67519,830.00000,847.59008,0.61929,0.49119,12.57151
14.67619,830.00000,847.59008,0.61929,0.49119,12.57157
14.67719,830.00000,848.39117,0.61928,0.49119,12.57163
14.67819,830.00000,848.39117,0.61928,0.49119,12.57169
14.67919,830.00000,847.59008,0.61928,0.49119,12.57175
14.68019,830.00000,847.59008,0.61927,0.49119,12.57181
14.68119,830.00000,847.59008,0.61927,0.49119,12.57187
14.68219,830.00000,848.39117,0.61927,0.49119,12.57193
14.68319,830.00000,847.59008,0.61927,0.49119,12.57199
14.68419,830.00000,847.59008,0.61926,0.49119,12.57205
14.68519,830.00000,847.59008,0.61926,0.49119,12.57210
14.68619,830.00000,846.79046,0.61926,0.49119,12.57216
14.68719,830.00000,846.79046,0.61925,0.49119,12.57221
14.68819,830.00000,846.79046,0.61925,0.49119,12.57226
14.68919,830.00000,846.79046,0.61925,0.49119,12.57231
14.69019,830.00000,847.59008,0.61925,0.49119,12.57237
14.69119,830.00000,851.61090,0.61924,0.49119,12.57242
14.69219,830.00000,847.59008,0.61924,0.49119,12.57246
14.69319,830.00000,846.79046,0.61924,0.49119,12.57251
14.69419,830.00000,847.59008,0.61924,0.49119,12.57256
14.69519,830.00000,846.79046,0.61923,0.49119,12.57261
14.69619,830.00000,849.19384,0.61923,0.49119,12.57265
14.69719,830.00000,849.19384,0.61923,0.49119,12.57270
14.69819,830.00000,847.59008,0.61923,0.49119,12.57275
14.69919,830.00000,849.19384,0.61923,0.49119,12.57279
14.70019,830.00000,847.59008,0.61922,0.49119,12.57283
14.70119,830.00000,847.59008,0.61922,0.49119,12.57288
14.70219,830.00000,847.59008,0.61922,0.49119,12.57292
14.70319,830.00000,848.39117,0.61922,0.49119,12.57296
14.70419,830.00000,847.59008,0.61922,0.49119,12.57300
14.70519,830.00000,848.39117,0.61921,0.49119,12.57304
14.70619,830.00000,848.39117,0.61921,0.49119,12.57308
14.70719,830.00000,847.59008,0.61921,0.49119,12.57312
14.70819,830.00000,847.59008,0.61921,0.49119,12.57316
14.70919,830.00000,848.39117,0.61921,0.49119,12.57320
14.71019,830.00000,848.39117,0.61920,0.49119,12.57324
14.71119,830.00000,848.39117,0.61920,0.49119,12.57327
14.71219,830.00000,849.19384,0.61920,0.49119,12.57331
14.71319,830.00000,849.19384,0.61920,0.49119,12.57334
14.71419,830.00000,849.19384,0.61920,0.49119,12.57338
14.71519,830.00000,849.19384,0.61920,0.49119,12.57341
14.71619,830.00000,849.19384,0.61919,0.49119,12.57345
14.71719,830.00000,852.41961,0.61919,0.49119,12.57348
14.71819,830.00000,852.41961,0.61919,0.49119,12.57352
14.71919,830.00000,852.41961,0.61919,0.49119,12.57355
14.72019,830.00000,849.19384,0.61919,0.49119,12.57358
14.72119,830.00000,851.61090,0.61919,0.49119,12.57361
14.72219,830.00000,851.61090,0.61918,0.49119,12.57365
14.72319,830.00000,851.61090,0.61918,0.49119,12.57368
14.72419,830.00000,851.61090,0.61918,0.49119,12.57371
14.72519,830.00000,851.61090,0.61918,0.49119,12.57374
14.72619,830.00000,849.99804,0.61918,0.49119,12.57376
14.72719,830.00000,849.99804,0.61918,0.49119,12.57379
14.72819,830.00000,848.39117,0.61918,0.49119,12.57382
14.72919,830.00000,849.99804,0.61917,0.49119,12.57385
14.73019,830.00000,848.39117,0.61917,0.49119,12.57387
14.73119,830.00000,849.99804,0.61917,0.49119,12.57390
14.73219,830.00000,849.99804,0.61917,0.49119,12.57393
14.73319,830.00000,849.99804,0.61917,0.49119,12.57395
14.73419,830.00000,854.04180,0.61917,0.49119,12.57398
14.73519,830.00000,849.99804,0.61917,0.49119,12.57400
14.73619,830.00000,849.99804,0.61917,0.49119,12.57402
14.73719,830.00000,854.04180,0.61916,0.49119,12.57405
14.73819,830.00000,854.04180,0.61916,0.49119,12.57407
14.73919,830.00000,849.99804,0.61916,0.49119,12.57409
14.74019,830.00000,849.99804,0.61916,0.49119,12.57412
14.74119,830.00000,849.99804,0.61916,0.49119,12.57414
14.74219,830.00000,849.99804,0.61916,0.49119,12.57416
14.74319,830.00000,849.99804,0.61916,0.49119,12.57418
14.74419,830.00000,849.99804,0.61916,0.49119,12.57420
14.74519,830.00000,848.39117,0.61916,0.49119,12.57422
14.74619,830.00000,846.79046,0.61915,0.49119,12.57424
14.74719,830.00000,848.39117,0.61915,0.49119,12.57426
14.74819,830.00000,846.79046,0.61915,0.49119,12.57428
14.74919,830.00000,846.79046,0.61915,0.49119,12.57430
14.75019,830.00000,845.19567,0.61915,0.49119,12.57432
14.75119,830.00000,843.60705,0.61915,0.49119,12.57434
14.75219,830.00000,843.60705,0.61915,0.49119,12.57435
14.75319,830.00000,845.19567,0.61915,0.49119,12.57437
14.75419,830.00000,845.19567,0.61915,0.49119,12.57439
14.75519,830.00000,843.60705,0.61915,0.49119,12.57440
14.75619,830.00000,843.60705,0.61915,0.49119,12.57441
14.75719,830.00000,845.19567,0.61915,0.49119,12.57443
14.75819,830.00000,845.19567,0.61914,0.49119,12.57444
14.75919,830.00000,851.61090,0.61914,0.49119,12.57446
14.76019,830.00000,851.61090,0.61914,0.49119,12.57447
14.76119,830.00000,851.61090,0.61914,0.49119,12.57449
14.76219,830.00000,851.61090,0.61914,0.49119,12.57450
14.76319,830.00000,851.61090,0.61914,0.49119,12.57452
14.76419,830.00000,847.59008,0.61914,0.49119,12.57453
14.76519,830.00000,847.59008,0.61914,0.49119,12.57454
14.76619,830.00000,849.19384,0.61914,0.49119,12.57456
14.76719,830.00000,847.59008,0.61914,0.49119,12.57457
14.76819,830.00000,845.99230,0.61914,0.49119,12.57458
14.76919,830.00000,845.99230,0.61914,0.49119,12.57459
14.77019,830.00000,847.59008,0.61914,0.49119,12.57460
14.77119,830.00000,847.59008,0.61914,0.49119,12.57460
14.77219,830.00000,847.59008,0.61914,0.49119,12.57461
14.77319,830.00000,847.59008,0.61914,0.49119,12.57462
14.77419,830.00000,847.59008,0.61914,0.49119,12.57463
14.77519,830.00000,849.19384,0.61914,0.49119,12.57463
14.77619,830.00000,849.19384,0.61913,0.49119,12.57464
14.77719,830.00000,841.23516,0.61913,0.49119,12.57465
14.77819,830.00000,851.61090,0.61913,0.49119,12.57466
14.77919,830.00000,852.41961,0.61913,0.49119,12.57466
14.78019,830.00000,851.61090,0.61913,0.49119,12.57467
14.78119,830.00000,841.23516,0.61913,0.49119,12.57468
14.78219,830.00000,851.61090,0.61913,0.49119,12.57469
14.78319,830.00000,845.99230,0.61913,0.49119,12.57470
14.78419,830.00000,845.99230,0.61913,0.49119,12.57470
14.78519,830.00000,845.99230,0.61913,0.49119,12.57471
14.78619,830.00000,851.61090,0.61913,0.49119,12.57472
14.78719,830.00000,852.41961,0.61913,0.49119,12.57473
14.78823,830.00000,852.41961,0.61913,0.49119,12.57474
14.78919,830.00000,850.80364,0.61913,0.49119,12.57475
14.79019,830.00000,852.41961,0.61913,0.49119,12.57476
14.79119,830.00000,852.41961,0.61913,0.49119,12.57478
14.79219,830.00000,852.41961,0.61913,0.49119,12.57479
14.79319,830.00000,850.80364,0.61913,0.49119,12.57481
14.79419,830.00000,850.80364,0.61913,0.49119,12.57482
14.79519,830.00000,851.61090,0.61912,0.49119,12.57484
14.79619,830.00000,850.80364,0.61912,0.49119,12.57486
14.79719,830.00000,849.99804,0.61912,0.49119,12.57488
14.79819,830.00000,849.19384,0.61912,0.49119,12.57491
14.79919,830.00000,849.19384,0.61912,0.49119,12.57493
14.80019,830.00000,849.19384,0.61912,0.49119,12.57496
14.80119,830.00000,848.39117,0.61912,0.49119,12.57499
14.80219,830.00000,848.39117,0.61912,0.49119,12.57502
14.80319,830.00000,848.39117,0.61911,0.49119,12.57505
14.80419,830.00000,848.39117,0.61911,0.49119,12.57509
14.80519,830.00000,844.40063,0.61911,0.49119,12.57513
14.80619,830.00000,846.79046,0.61911,0.49119,12.57518
14.80719,830.00000,844.40063,0.61911,0.49119,12.57523
14.80819,830.00000,846.79046,0.61910,0.49119,12.57528
14.80919,830.00000,846.79046,0.61910,0.49119,12.57533
14.81019,830.00000,846.79046,0.61910,0.49119,12.57539
14.81119,830.00000,845.19567,0.61909,0.49119,12.57545
14.81219,830.00000,845.19567,0.61909,0.49119,12.57552
14.81319,830.00000,845.19567,0.61909,0.49119,12.57558
14.81419,830.00000,844.40063,0.61909,0.49119,12.57565
14.81519,830.00000,844.40063,0.61908,0.49119,12.57572
14.81619,830.00000,845.19567,0.61908,0.49119,12.57580
14.81719,830.00000,845.19567,0.61907,0.49119,12.57587
14.81819,830.00000,845.19567,0.61907,0.49119,12.57595
14.81919,830.00000,845.19567,0.61907,0.49119,12.57603
14.82019,830.00000,846.79046,0.61906,0.49119,12.57612
14.82119,830.00000,846.79046,0.61906,0.49119,12.57621
14.82219,830.00000,844.40063,0.61905,0.49119,12.57630
14.82319,830.00000,845.99230,0.61905,0.49119,12.57639
14.82419,830.00000,845.99230,0.61904,0.49119,12.57648
14.82519,830.00000,846.79046,0.61904,0.49119,12.57658
14.82619,830.00000,846.79046,0.61903,0.49119,12.57668
14.82719,830.00000,846.79046,0.61903,0.49119,12.57678
14.82819,830.00000,849.99804,0.61902,0.49119,12.57689
14.82919,830.00000,851.61090,0.61902,0.49119,12.57699
14.83019,830.00000,849.99804,0.61901,0.49119,12.57710
14.83119,830.00000,851.61090,0.61901,0.49119,12.57722
14.83219,830.00000,851.61090,0.61900,0.49119,12.57733
14.83319,830.00000,851.61090,0.61900,0.49119,12.57745
14.83419,830.00000,853.22991,0.61899,0.49119,12.57757
14.83519,830.00000,854.04180,0.61898,0.49119,12.57770
14.83619,830.00000,853.22991,0.61898,0.49119,12.57783
14.83719,830.00000,851.61090,0.61897,0.49119,12.57797
14.83819,830.00000,852.41961,0.61896,0.49119,12.57810
14.83919,830.00000,852.41961,0.61896,0.49119,12.57825
14.84019,830.00000,852.41961,0.61895,0.49119,12.57840
14.84119,830.00000,850.80364,0.61894,0.49119,12.57855
14.84219,830.00000,850.80364,0.61893,0.49119,12.57870
14.84319,830.00000,850.80364,0.61893,0.49119,12.57886
14.84419,830.00000,850.80364,0.61892,0.49119,12.57903
14.84519,830.00000,850.80364,0.61891,0.49119,12.57919
14.84619,830.00000,850.80364,0.61890,0.49119,12.57936
14.84719,830.00000,850.80364,0.61889,0.49119,12.57954
14.84819,830.00000,850.80364,0.61888,0.49119,12.57971
14.84919,830.00000,845.19567,0.61888,0.49119,12.57990
14.85019,830.00000,843.60705,0.61887,0.49119,12.58008
14.85119,830.00000,842.02429,0.61886,0.49119,12.58027
14.85219,830.00000,842.02429,0.61885,0.49119,12.58046
14.85319,830.00000,842.02429,0.61884,0.49119,12.58066
14.85419,830.00000,842.02429,0.61883,0.49119,12.58086
14.85519,830.00000,845.19567,0.61882,0.49119,12.58106
14.85619,830.00000,845.19567,0.61881,0.49119,12.58127
14.85719,830.00000,847.59008,0.61880,0.49119,12.58148
14.85819,830.00000,847.59008,0.61879,0.49119,12.58169
14.85919,830.00000,847.59008,0.61878,0.49119,12.58191
14.86019,830.00000,847.59008,0.61877,0.49119,12.58212
14.86119,830.00000,848.39117,0.61876,0.49119,12.58234
14.86219,830.00000,848.39117,0.61875,0.49119,12.58255
14.86319,830.00000,848.39117,0.61873,0.49119,12.58277
14.86419,830.00000,847.59008,0.61872,0.49119,12.58299
14.86519,830.00000,848.39117,0.61871,0.49119,12.58321
14.86619,830.00000,848.39117,0.61870,0.49119,12.58343
14.86719,830.00000,847.59008,0.61869,0.49119,12.58365
14.86819,830.00000,845.99230,0.61868,0.49119,12.58387
14.86919,830.00000,848.39117,0.61867,0.49119,12.58410
14.87019,830.00000,848.39117,0.61866,0.49119,12.58433
14.87119,830.00000,848.39117,0.61865,0.49119,12.58456
14.87219,830.00000,848.39117,0.61864,0.49119,12.58478
14.87319,830.00000,848.39117,0.61862,0.49119,12.58501
14.87419,830.00000,848.39117,0.61861,0.49119,12.58524
14.87519,830.00000,848.39117,0.61860,0.49119,12.58547
14.87619,830.00000,848.39117,0.61859,0.49119,12.58569
14.87719,830.00000,848.39117,0.61858,0.49119,12.58592
14.87819,830.00000,850.80364,0.61857,0.49119,12.58614
14.87919,830.00000,850.80364,0.61856,0.49119,12.58636
14.88019,830.00000,848.39117,0.61855,0.49119,12.58658
14.88119,830.00000,848.39117,0.61854,0.49119,12.58680
14.88219,830.00000,848.39117,0.61853,0.49119,12.58702
14.88319,830.00000,849.19384,0.61852,0.49119,12.58724
14.88419,830.00000,848.39117,0.61850,0.49119,12.58745
14.88519,830.00000,848.39117,0.61849,0.49119,12.58767
14.88619,830.00000,846.79046,0.61848,0.49119,12.58788
14.88719,830.00000,846.79046,0.61847,0.49119,12.58810
14.88819,830.00000,846.79046,0.61846,0.49119,12.58831
14.88919,830.00000,845.99230,0.61845,0.49119,12.58852
14.89019,830.00000,845.99230,0.61844,0.49119,12.58872
14.89119,830.00000,845.99230,0.61843,0.49119,12.58892
14.89219,830.00000,845.99230,0.61842,0.49119,12.58912
14.89319,830.00000,845.99230,0.61841,0.49119,12.58932
14.89419,830.00000,845.99230,0.61840,0.49119,12.58951
14.89519,830.00000,845.99230,0.61839,0.49119,12.58970
14.89619,830.00000,845.99230,0.61838,0.49119,12.58989
14.89719,830.00000,845.99230,0.61838,0.49119,12.59007
14.89819,830.00000,845.99230,0.61837,0.49119,12.59026
14.89919,830.00000,845.99230,0.61836,0.49119,12.59044
14.90019,830.00000,848.39117,0.61835,0.49119,12.59061
14.90119,830.00000,848.39117,0.61834,0.49119,12.59079
14.90219,830.00000,849.19384,0.61833,0.49119,12.59096
14.90319,830.00000,849.19384,0.61832,0.49119,12.59113
14.90419,830.00000,846.79046,0.61832,0.49119,12.59130
14.90519,830.00000,847.59008,0.61831,0.49119,12.59146
14.90619,830.00000,847.59008,0.61830,0.49119,12.59163
14.90719,830.00000,847.59008,0.61829,0.49119,12.59179
14.90819,830.00000,846.79046,0.61828,0.49119,12.59194
14.90919,830.00000,847.59008,0.61828,0.49119,12.59210
14.91019,830.00000,847.59008,0.61827,0.49119,12.59225
14.91119,830.00000,849.99804,0.61826,0.49119,12.59241
14.91219,830.00000,847.59008,0.61825,0.49119,12.59255
14.91319,830.00000,849.99804,0.61825,0.49119,12.59270
14.91419,830.00000,849.99804,0.61824,0.49119,12.59284
14.91519,830.00000,849.99804,0.61823,0.49119,12.59299
14.91619,830.00000,849.99804,0.61823,0.49119,12.59313
14.91719,830.00000,849.99804,0.61822,0.49119,12.59326
14.91819,830.00000,849.99804,0.61821,0.49119,12.59340
14.91919,830.00000,849.99804,0.61821,0.49119,12.59353
14.92019,830.00000,849.19384,0.61820,0.49119,12.59366
14.92119,830.00000,844.40063,0.61819,0.49119,12.59379
14.92219,830.00000,844.40063,0.61819,0.49119,12.59391
14.92319,830.00000,845.19567,0.61818,0.49119,12.59403
14.92419,830.00000,844.40063,0.61818,0.49119,12.59415
14.92519,830.00000,845.19567,0.61817,0.49119,12.59426
14.92619,830.00000,844.40063,0.61816,0.49119,12.59437
14.92719,830.00000,845.19567,0.61816,0.49119,12.59448
14.92819,830.00000,844.40063,0.61815,0.49119,12.59458
14.92919,830.00000,845.19567,0.61815,0.49119,12.59468
14.93019,830.00000,845.19567,0.61814,0.49119,12.59478
14.93119,830.00000,845.59387,0.61814,0.49119,12.59488
14.93219,830.00000,845.59387,0.61814,0.49119,12.59497
14.93320,830.00000,845.59387,0.61813,0.49119,12.59507
14.93422,830.00000,845.59387,0.61813,0.49119,12.59516
14.93519,830.00000,845.59387,0.61812,0.49119,12.59525
14.93619,830.00000,845.59387,0.61812,0.49119,12.59534
14.93719,830.00000,845.59387,0.61811,0.49119,12.59542
14.93819,830.00000,846.79046,0.61811,0.49119,12.59550
14.93919,830.00000,845.59387,0.61811,0.49119,12.59558
14.94019,830.00000,846.79046,0.61810,0.49119,12.59566
14.94119,830.00000,846.79046,0.61810,0.49119,12.59573
14.94219,830.00000,853.22991,0.61809,0.49119,12.59580
14.94319,830.00000,853.22991,0.61809,0.49119,12.59587
14.94419,830.00000,846.79046,0.61809,0.49119,12.59593
14.94519,830.00000,846.79046,0.61809,0.49119,12.59599
14.94619,830.00000,853.22991,0.61808,0.49119,12.59604
14.94719,830.00000,848.39117,0.61808,0.49119,12.59609
14.94819,830.00000,848.39117,0.61808,0.49119,12.59614
14.94919,830.00000,848.39117,0.61808,0.49119,12.59619
14.95019,830.00000,848.39117,0.61807,0.49119,12.59623
14.95119,830.00000,848.39117,0.61807,0.49119,12.59626
14.95219,830.00000,845.99230,0.61807,0.49119,12.59630
14.95319,830.00000,845.99230,0.61807,0.49119,12.59633
14.95419,830.00000,845.99230,0.61807,0.49119,12.59635
14.95519,830.00000,848.39117,0.61807,0.49119,12.59638
14.95619,830.00000,848.39117,0.61807,0.49119,12.59640
14.95719,830.00000,845.99230,0.61806,0.49119,12.59642
14.95819,830.00000,843.60705,0.61806,0.49119,12.59643
14.95919,830.00000,845.99230,0.61806,0.49119,12.59644
14.96019,830.00000,848.39117,0.61806,0.49119,12.59645
14.96119,830.00000,842.81488,0.61806,0.49119,12.59645
14.96219,830.00000,848.39117,0.61806,0.49119,12.59645
14.96319,830.00000,848.39117,0.61806,0.49119,12.59645
14.96419,830.00000,848.39117,0.61806,0.49119,12.59644
14.96519,830.00000,845.99230,0.61806,0.49119,12.59642
14.96619,830.00000,845.99230,0.61807,0.49119,12.59640
14.96719,830.00000,848.39117,0.61807,0.49119,12.59637
14.96819,830.00000,848.39117,0.61807,0.49119,12.59634
14.96919,830.00000,848.39117,0.61807,0.49119,12.59631
14.97019,830.00000,848.39117,0.61807,0.49119,12.59627
14.97119,830.00000,848.39117,0.61807,0.49119,12.59622
14.97219,830.00000,848.39117,0.61808,0.49119,12.59617
14.97319,830.00000,845.99230,0.61808,0.49119,12.59612
14.97419,830.00000,845.19567,0.61808,0.49119,12.59607
14.97519,830.00000,845.99230,0.61808,0.49119,12.59600
14.97619,830.00000,845.19567,0.61809,0.49119,12.59594
14.97719,830.00000,845.19567,0.61809,0.49119,12.59587
14.97819,830.00000,851.61090,0.61809,0.49119,12.59580
14.97919,830.00000,851.61090,0.61810,0.49119,12.59572
14.98019,830.00000,851.61090,0.61810,0.49119,12.59564
14.98119,830.00000,851.61090,0.61811,0.49119,12.59555
14.98219,830.00000,851.61090,0.61811,0.49119,12.59546
14.98319,830.00000,851.61090,0.61812,0.49119,12.59536
14.98419,830.00000,851.61090,0.61812,0.49119,12.59526
14.98519,830.00000,854.04180,0.61813,0.49119,12.59516
14.98619,830.00000,854.04180,0.61813,0.49119,12.59505
14.98719,830.00000,854.04180,0.61814,0.49119,12.59494
14.98819,830.00000,854.04180,0.61814,0.49119,12.59482
14.98919,830.00000,851.61090,0.61815,0.49119,12.59470
14.99019,830.00000,848.39117,0.61815,0.49119,12.59457
14.99119,830.00000,848.39117,0.61816,0.49119,12.59444
14.99219,830.00000,854.04180,0.61817,0.49119,12.59431
14.99319,830.00000,848.39117,0.61817,0.49119,12.59417
14.99419,830.00000,846.79046,0.61818,0.49119,12.59403
14.99519,830.00000,846.79046,0.61819,0.49119,12.59389
14.99619,830.00000,846.79046,0.61820,0.49119,12.59374
14.99719,830.00000,846.79046,0.61820,0.49119,12.59359
14.99819,830.00000,846.79046,0.61821,0.49119,12.59344
14.99919,830.00000,854.04180,0.61822,0.49119,12.59328
15.00019,830.00000,854.04180,0.61823,0.49119,12.59312
15.00120,840.00000,854.04180,0.62770,0.49872,12.59296
15.00220,840.00000,846.79046,0.62771,0.49872,12.59280
15.00320,840.00000,843.60705,0.62772,0.49872,12.59263
15.00423,840.00000,846.79046,0.62773,0.49872,12.59245
15.00521,840.00000,854.85510,0.62774,0.49872,12.59228
15.00623,840.00000,843.60705,0.62775,0.49872,12.59210
15.00721,840.00000,854.85510,0.62776,0.49872,12.59191
15.00823,840.00000,843.60705,0.62777,0.49872,12.59173
15.00920,840.00000,854.85510,0.62778,0.49872,12.59154
15.01027,840.00000,854.85510,0.62778,0.49872,12.59135
15.01120,840.00000,854.85510,0.62779,0.49872,12.59115
15.01222,840.00000,854.85510,0.62780,0.49872,12.59096
15.01319,840.00000,854.85510,0.62781,0.49872,12.59076
15.01419,840.00000,854.85510,0.62782,0.49872,12.59055
15.01519,840.00000,852.41961,0.62783,0.49872,12.59035
15.01619,840.00000,852.41961,0.62785,0.49872,12.59014
15.01719,840.00000,852.41961,0.62786,0.49872,12.58993
15.01819,840.00000,852.41961,0.62787,0.49872,12.58972
15.01919,840.00000,852.41961,0.62788,0.49872,12.58950
15.02019,840.00000,849.99804,0.62789,0.49872,12.58928
15.02119,840.00000,849.99804,0.62790,0.49872,12.58905
15.02219,840.00000,852.41961,0.62791,0.49872,12.58882
15.02319,840.00000,849.99804,0.62792,0.49872,12.58859
15.02419,840.00000,849.99804,0.62793,0.49872,12.58835
15.02519,840.00000,849.99804,0.62795,0.49872,12.58811
15.02619,840.00000,849.99804,0.62796,0.49872,12.58787
15.02719,840.00000,854.04180,0.62797,0.49872,12.58762
15.02819,840.00000,849.99804,0.62798,0.49872,12.58736
15.02919,840.00000,847.59008,0.62800,0.49872,12.58710
15.03019,840.00000,847.59008,0.62801,0.49872,12.58684
15.03119,840.00000,846.79046,0.62802,0.49872,12.58657
15.03219,840.00000,845.99230,0.62804,0.49872,12.58630
15.03319,840.00000,846.79046,0.62805,0.49872,12.58603
15.03419,840.00000,845.99230,0.62806,0.49872,12.58575
15.03519,840.00000,845.99230,0.62808,0.49872,12.58546
15.03619,840.00000,845.99230,0.62809,0.49872,12.58518
15.03719,840.00000,846.79046,0.62811,0.49872,12.58489
15.03819,840.00000,845.99230,0.62812,0.49872,12.58459
15.03919,840.00000,843.60705,0.62814,0.49872,12.58429
15.04019,840.00000,843.60705,0.62815,0.49872,12.58399
15.04119,840.00000,843.60705,0.62817,0.49872,12.58369
15.04219,840.00000,851.61090,0.62818,0.49872,12.58338
15.04319,840.00000,855.67004,0.62820,0.49872,12.58307
15.04419,840.00000,857.30456,0.62821,0.49872,12.58275
15.04519,840.00000,857.30456,0.62823,0.49872,12.58243
15.04619,840.00000,858.12420,0.62825,0.49872,12.58211
15.04719,840.00000,857.30456,0.62826,0.49872,12.58179
15.04819,840.00000,857.30456,0.62828,0.49872,12.58146
15.04919,840.00000,857.30456,0.62829,0.49872,12.58113
15.05019,840.00000,857.30456,0.62831,0.49872,12.58079
15.05119,840.00000,858.12420,0.62833,0.49872,12.58045
15.05219,840.00000,856.48657,0.62835,0.49872,12.58011
15.05319,840.00000,854.85510,0.62836,0.49872,12.57977
15.05419,840.00000,854.85510,0.62838,0.49872,12.57942
15.05519,840.00000,852.41961,0.62840,0.49872,12.57907
15.05619,840.00000,849.99804,0.62842,0.49872,12.57872
15.05719,840.00000,849.99804,0.62843,0.49872,12.57836
15.05819,840.00000,852.41961,0.62845,0.49872,12.57800
15.05919,840.00000,853.22991,0.62847,0.49872,12.57763
15.06019,840.00000,853.22991,0.62849,0.49872,12.57726
15.06119,840.00000,852.41961,0.62851,0.49872,12.57689
15.06219,840.00000,852.41961,0.62853,0.49872,12.57651
15.06319,840.00000,852.41961,0.62855,0.49872,12.57612
15.06419,840.00000,851.61090,0.62856,0.49872,12.57573
15.06519,840.00000,852.41961,0.62858,0.49872,12.57534
15.06619,840.00000,852.41961,0.62860,0.49872,12.57494
15.06719,840.00000,851.61090,0.62862,0.49872,12.57454
15.06819,840.00000,851.61090,0.62864,0.49872,12.57413
15.06919,840.00000,851.61090,0.62867,0.49872,12.57371
15.07019,840.00000,851.61090,0.62869,0.49872,12.57330
15.07119,840.00000,851.61090,0.62871,0.49872,12.57287
15.07219,840.00000,851.61090,0.62873,0.49872,12.57245
15.07319,840.00000,851.61090,0.62875,0.49872,12.57202
15.07419,840.00000,851.61090,0.62877,0.49872,12.57158
15.07519,840.00000,851.61090,0.62879,0.49872,12.57115
15.07619,840.00000,852.41961,0.62882,0.49872,12.57071
15.07719,840.00000,854.85510,0.62884,0.49872,12.57026
15.07819,840.00000,854.85510,0.62886,0.49872,12.56981
15.07920,840.00000,855.67004,0.62888,0.49872,12.56935
15.08022,840.00000,855.67004,0.62891,0.49872,12.56890
15.08119,840.00000,859.76806,0.62893,0.49872,12.56843
15.08219,840.00000,859.76806,0.62895,0.49872,12.56797
15.08319,840.00000,856.48657,0.62898,0.49872,12.56750
15.08419,840.00000,858.94537,0.62900,0.49872,12.56702
15.08519,840.00000,856.48657,0.62902,0.49872,12.56655
15.08619,840.00000,858.94537,0.62905,0.49872,12.56607
15.08719,840.00000,856.48657,0.62907,0.49872,12.56559
15.08819,840.00000,856.48657,0.62910,0.49872,12.56510
15.08919,840.00000,855.67004,0.62912,0.49872,12.56461
15.09019,840.00000,855.67004,0.62915,0.49872,12.56412
15.09119,840.00000,855.67004,0.62917,0.49872,12.56362
15.09218,840.00000,855.67004,0.62920,0.49872,12.56312
15.09319,840.00000,854.04180,0.62922,0.49872,12.56262
15.09419,840.00000,854.04180,0.62925,0.49872,12.56211
15.09519,840.00000,851.61090,0.62927,0.49872,12.56161
15.09619,840.00000,850.80364,0.62930,0.49872,12.56110
15.09719,840.00000,850.80364,0.62932,0.49872,12.56058
15.09819,840.00000,850.80364,0.62935,0.49872,12.56007
15.09919,840.00000,854.04180,0.62937,0.49872,12.55955
15.10019,840.00000,854.04180,0.62940,0.49872,12.55903
15.10119,840.00000,850.80364,0.62943,0.49872,12.55850
15.10219,840.00000,850.80364,0.62945,0.49872,12.55798
15.10319,840.00000,855.67004,0.62948,0.49872,12.55745
15.10419,840.00000,855.67004,0.62951,0.49872,12.55692
15.10519,840.00000,855.67004,0.62953,0.49872,12.55638
15.10619,840.00000,855.67004,0.62956,0.49872,12.55584
15.10719,840.00000,855.67004,0.62959,0.49872,12.55530
15.10819,840.00000,855.67004,0.62961,0.49872,12.55476
15.10919,840.00000,854.85510,0.62964,0.49872,12.55422
15.11019,840.00000,862.24578,0.62967,0.49872,12.55367
15.11119,840.00000,862.24578,0.62970,0.49872,12.55312
15.11219,840.00000,862.24578,0.62972,0.49872,12.55257
15.11319,840.00000,861.41833,0.62975,0.49872,12.55202
15.11419,840.00000,861.41833,0.62978,0.49872,12.55147
15.11519,840.00000,861.41833,0.62981,0.49872,12.55091
15.11619,840.00000,861.41833,0.62984,0.49872,12.55035
15.11719,840.00000,861.41833,0.62986,0.49872,12.54979
15.11819,840.00000,859.76806,0.62989,0.49872,12.54923
15.11919,840.00000,858.94537,0.62992,0.49872,12.54867
15.12019,840.00000,858.94537,0.62995,0.49872,12.54810
15.12119,840.00000,858.94537,0.62998,0.49872,12.54754
15.12219,840.00000,858.94537,0.63001,0.49872,12.54698
15.12319,840.00000,857.30456,0.63003,0.49872,12.54642
15.12419,840.00000,857.30456,0.63006,0.49872,12.54585
15.12519,840.00000,857.30456,0.63009,0.49872,12.54529
15.12619,840.00000,854.04180,0.63012,0.49872,12.54473
15.12719,840.00000,857.30456,0.63015,0.49872,12.54417
15.12819,840.00000,857.30456,0.63017,0.49872,12.54361
15.12919,840.00000,857.30456,0.63020,0.49872,12.54305
15.13019,840.00000,857.30456,0.63023,0.49872,12.54248
15.13119,840.00000,857.30456,0.63026,0.49872,12.54192
15.13219,840.00000,854.04180,0.63029,0.49872,12.54136
15.13319,840.00000,854.04180,0.63032,0.49872,12.54080
15.13419,840.00000,854.04180,0.63034,0.49872,12.54024
15.13519,840.00000,854.04180,0.63037,0.49872,12.53968
15.13619,840.00000,854.04180,0.63040,0.49872,12.53912
15.13719,840.00000,857.30456,0.63043,0.49872,12.53856
15.13819,840.00000,858.12420,0.63046,0.49872,12.53801
15.13919,840.00000,858.12420,0.63048,0.49872,12.53745
15.14019,840.00000,858.12420,0.63051,0.49872,12.53689
15.14119,840.00000,852.41961,0.63054,0.49872,12.53634
15.14219,840.00000,852.41961,0.63057,0.49872,12.53578
15.14319,840.00000,858.12420,0.63060,0.49872,12.53522
15.14419,840.00000,858.12420,0.63062,0.49872,12.53466
15.14519,840.00000,861.00518,0.63065,0.49872,12.53410
15.14619,840.00000,858.12420,0.63068,0.49872,12.53354
15.14719,840.00000,853.22991,0.63071,0.49872,12.53297
15.14819,840.00000,853.22991,0.63074,0.49872,12.53241
15.14919,840.00000,857.30456,0.63077,0.49872,12.53184
15.15019,840.00000,853.22991,0.63079,0.49872,12.53127
15.15119,840.00000,857.30456,0.63082,0.49872,12.53070
15.15219,840.00000,858.94537,0.63085,0.49872,12.53013
15.15319,840.00000,858.94537,0.63088,0.49872,12.52956
15.15419,840.00000,858.94537,0.63091,0.49872,12.52899
15.15519,840.00000,857.30456,0.63094,0.49872,12.52842
15.15619,840.00000,857.30456,0.63097,0.49872,12.52785
15.15719,840.00000,857.30456,0.63100,0.49872,12.52729
15.15819,840.00000,858.94537,0.63102,0.49872,12.52672
15.15919,840.00000,858.94537,0.63105,0.49872,12.52616
15.16019,840.00000,857.30456,0.63108,0.49872,12.52559
15.16119,840.00000,859.76806,0.63111,0.49872,12.52503
15.16219,840.00000,859.76806,0.63114,0.49872,12.52446
15.16319,840.00000,857.30456,0.63117,0.49872,12.52390
15.16419,840.00000,853.22991,0.63119,0.49872,12.52334
15.16519,840.00000,857.30456,0.63122,0.49872,12.52278
15.16619,840.00000,857.30456,0.63125,0.49872,12.52222
15.16719,840.00000,859.76806,0.63128,0.49872,12.52166
15.16819,840.00000,859.76806,0.63131,0.49872,12.52111
15.16919,840.00000,859.76806,0.63133,0.49872,12.52055
15.17019,840.00000,859.76806,0.63136,0.49872,12.51999
15.17119,840.00000,859.76806,0.63139,0.49872,12.51944
15.17219,840.00000,856.48657,0.63142,0.49872,12.51889
15.17319,840.00000,858.12420,0.63145,0.49872,12.51833
15.17419,840.00000,858.12420,0.63147,0.49872,12.51778
15.17519,840.00000,858.12420,0.63150,0.49872,12.51723
15.17619,840.00000,858.12420,0.63153,0.49872,12.51668
15.17719,840.00000,857.30456,0.63156,0.49872,12.51614
15.17819,840.00000,857.30456,0.63159,0.49872,12.51559
15.17919,840.00000,857.30456,0.63161,0.49872,12.51504
15.18019,840.00000,857.30456,0.63164,0.49872,12.51450
15.18119,840.00000,857.30456,0.63167,0.49872,12.51395
15.18219,840.00000,857.30456,0.63169,0.49872,12.51341
15.18319,840.00000,857.30456,0.63172,0.49872,12.51287
15.18418,840.00000,857.30456,0.63175,0.49872,12.51234
15.18519,840.00000,857.30456,0.63178,0.49872,12.51181
15.18619,840.00000,857.30456,0.63180,0.49872,12.51128
15.18719,840.00000,857.30456,0.63183,0.49872,12.51075
15.18819,840.00000,858.94537,0.63186,0.49872,12.51023
15.18919,840.00000,858.94537,0.63188,0.49872,12.50971
15.19019,840.00000,856.48657,0.63191,0.49872,12.50920
15.19119,840.00000,858.94537,0.63193,0.49872,12.50868
15.19219,840.00000,860.59234,0.63196,0.49872,12.50818
15.19319,840.00000,860.59234,0.63198,0.49872,12.50767
15.19419,840.00000,860.59234,0.63201,0.49872,12.50717
15.19519,840.00000,860.59234,0.63204,0.49872,12.50667
15.19619,840.00000,860.59234,0.63206,0.49872,12.50617
15.19719,840.00000,860.59234,0.63209,0.49872,12.50568
15.19819,840.00000,858.94537,0.63211,0.49872,12.50519
15.19919,840.00000,858.94537,0.63213,0.49872,12.50471
15.20019,840.00000,858.94537,0.63216,0.49872,12.50423
15.20119,840.00000,858.94537,0.63218,0.49872,12.50375
15.20219,840.00000,855.67004,0.63221,0.49872,12.50328
15.20319,840.00000,855.67004,0.63223,0.49872,12.50282
15.20419,840.00000,855.67004,0.63225,0.49872,12.50236
15.20519,840.00000,858.94537,0.63228,0.49872,12.50190
15.20619,840.00000,859.76806,0.63230,0.49872,12.50145
15.20719,840.00000,859.76806,0.63232,0.49872,12.50100
15.20819,840.00000,859.76806,0.63234,0.49872,12.50056
15.20919,840.00000,859.76806,0.63237,0.49872,12.50013
15.21019,840.00000,859.76806,0.63239,0.49872,12.49969
15.21119,840.00000,859.76806,0.63241,0.49872,12.49927
15.21219,840.00000,860.59234,0.63243,0.49872,12.49884
15.21319,840.00000,859.76806,0.63245,0.49872,12.49843
15.21419,840.00000,859.76806,0.63247,0.49872,12.49801
15.21519,840.00000,858.12420,0.63249,0.49872,12.49761
15.21619,840.00000,858.12420,0.63251,0.49872,12.49720
15.21719,840.00000,858.12420,0.63253,0.49872,12.49680
15.21819,840.00000,858.12420,0.63255,0.49872,12.49641
15.21919,840.00000,860.59234,0.63257,0.49872,12.49602
15.22019,840.00000,860.59234,0.63259,0.49872,12.49563
15.22119,840.00000,858.12420,0.63261,0.49872,12.49525
15.22219,840.00000,858.12420,0.63263,0.49872,12.49487
15.22319,840.00000,858.12420,0.63265,0.49872,12.49450
15.22419,840.00000,857.30456,0.63267,0.49872,12.49413
15.22519,840.00000,858.12420,0.63269,0.49872,12.49377
15.22620,840.00000,860.59234,0.63271,0.49872,12.49341
15.22722,840.00000,862.24578,0.63272,0.49872,12.49305
15.22819,840.00000,861.41833,0.63274,0.49872,12.49270
15.22919,840.00000,860.59234,0.63276,0.49872,12.49236
15.23019,840.00000,857.30456,0.63278,0.49872,12.49201
15.23119,840.00000,861.41833,0.63279,0.49872,12.49168
15.23219,840.00000,861.41833,0.63281,0.49872,12.49134
15.23319,840.00000,861.41833,0.63283,0.49872,12.49101
15.23419,840.00000,861.41833,0.63284,0.49872,12.49069
15.23519,840.00000,860.59234,0.63286,0.49872,12.49036
15.23619,840.00000,858.12420,0.63288,0.49872,12.49004
15.23719,840.00000,857.30456,0.63289,0.49872,12.48973
15.23819,840.00000,856.48657,0.63291,0.49872,12.48942
15.23919,840.00000,857.30456,0.63292,0.49872,12.48911
15.24019,840.00000,856.48657,0.63294,0.49872,12.48880
15.24119,840.00000,855.67004,0.63295,0.49872,12.48850
15.24219,840.00000,855.67004,0.63297,0.49872,12.48821
15.24319,840.00000,855.67004,0.63298,0.49872,12.48791
15.24419,840.00000,855.67004,0.63300,0.49872,12.48763
15.24519,840.00000,856.48657,0.63301,0.49872,12.48734
15.24619,840.00000,858.12420,0.63303,0.49872,12.48706
15.24719,840.00000,859.76806,0.63304,0.49872,12.48679
15.24819,840.00000,859.76806,0.63306,0.49872,12.48652
15.24919,840.00000,860.59234,0.63307,0.49872,12.48625
15.25019,840.00000,859.76806,0.63308,0.49872,12.48598
15.25119,840.00000,860.59234,0.63310,0.49872,12.48572
15.25219,840.00000,860.59234,0.63311,0.49872,12.48547
15.25319,840.00000,860.59234,0.63312,0.49872,12.48521
15.25419,840.00000,860.59234,0.63313,0.49872,12.48496
15.25519,840.00000,858.12420,0.63315,0.49872,12.48471
15.25619,840.00000,858.12420,0.63316,0.49872,12.48447
15.25719,840.00000,858.12420,0.63317,0.49872,12.48423
15.25819,840.00000,858.12420,0.63318,0.49872,12.48400
15.25919,840.00000,858.12420,0.63320,0.49872,12.48376
15.26019,840.00000,859.76806,0.63321,0.49872,12.48353
15.26119,840.00000,859.76806,0.63322,0.49872,12.48331
15.26219,840.00000,863.07495,0.63323,0.49872,12.48308
15.26319,840.00000,863.07495,0.63324,0.49872,12.48286
15.26419,840.00000,863.90557,0.63325,0.49872,12.48264
15.26519,840.00000,863.90557,0.63326,0.49872,12.48242
15.26619,840.00000,863.07495,0.63327,0.49872,12.48220
15.26719,840.00000,865.57177,0.63329,0.49872,12.48198
15.26819,840.00000,865.57177,0.63330,0.49872,12.48177
15.26919,840.00000,863.07495,0.63331,0.49872,12.48155
15.27019,840.00000,865.57177,0.63332,0.49872,12.48134
15.27119,840.00000,865.57177,0.63333,0.49872,12.48113
15.27219,840.00000,866.40722,0.63334,0.49872,12.48093
15.27319,840.00000,866.40722,0.63335,0.49872,12.48072
15.27419,840.00000,866.40722,0.63336,0.49872,12.48051
15.27519,840.00000,863.90557,0.63337,0.49872,12.48031
15.27619,840.00000,863.90557,0.63338,0.49872,12.48010
15.27719,840.00000,863.90557,0.63339,0.49872,12.47990
15.27819,840.00000,858.94537,0.63340,0.49872,12.47970
15.27919,840.00000,859.76806,0.63341,0.49872,12.47950
15.28019,840.00000,858.94537,0.63342,0.49872,12.47930
15.28119,840.00000,854.04180,0.63343,0.49872,12.47910
15.28219,840.00000,854.04180,0.63344,0.49872,12.47890
15.28319,840.00000,854.04180,0.63345,0.49872,12.47871
15.28419,840.00000,854.04180,0.63346,0.49872,12.47851
15.28519,840.00000,854.04180,0.63347,0.49872,12.47832
15.28619,840.00000,854.04180,0.63348,0.49872,12.47813
15.28719,840.00000,855.67004,0.63349,0.49872,12.47794
15.28819,840.00000,858.94537,0.63350,0.49872,12.47775
15.28919,840.00000,858.94537,0.63351,0.49872,12.47757
15.29019,840.00000,858.94537,0.63352,0.49872,12.47738
15.29119,840.00000,858.94537,0.63353,0.49872,12.47720
15.29219,840.00000,858.94537,0.63354,0.49872,12.47701
15.29319,840.00000,858.94537,0.63355,0.49872,12.47683
15.29419,840.00000,858.94537,0.63356,0.49872,12.47666
15.29519,840.00000,861.41833,0.63356,0.49872,12.47648
15.29619,840.00000,858.94537,0.63357,0.49872,12.47630
15.29719,840.00000,858.94537,0.63358,0.49872,12.47613
15.29819,840.00000,858.94537,0.63359,0.49872,12.47595
15.29919,840.00000,858.94537,0.63360,0.49872,12.47578
15.30019,840.00000,858.94537,0.63361,0.49872,12.47561
15.30119,840.00000,858.94537,0.63362,0.49872,12.47544
15.30219,840.00000,859.76806,0.63363,0.49872,12.47527
15.30319,840.00000,859.76806,0.63363,0.49872,12.47511
15.30419,840.00000,859.76806,0.63364,0.49872,12.47494
15.30519,840.00000,859.76806,0.63365,0.49872,12.47478
15.30619,840.00000,859.76806,0.63366,0.49872,12.47461
15.30719,840.00000,859.76806,0.63367,0.49872,12.47445
15.30819,840.00000,860.59234,0.63368,0.49872,12.47429
15.30919,840.00000,862.24578,0.63368,0.49872,12.47413
15.31019,840.00000,862.24578,0.63369,0.49872,12.47398
15.31119,840.00000,862.24578,0.63370,0.49872,12.47382
15.31219,840.00000,860.59234,0.63371,0.49872,12.47367
15.31319,840.00000,862.24578,0.63372,0.49872,12.47352
15.31419,840.00000,862.24578,0.63372,0.49872,12.47336
15.31519,840.00000,862.24578,0.63373,0.49872,12.47321
15.31619,840.00000,862.24578,0.63374,0.49872,12.47307
15.31719,840.00000,860.59234,0.63375,0.49872,12.47292
15.31819,840.00000,858.12420,0.63375,0.49872,12.47277
15.31919,840.00000,857.30456,0.63376,0.49872,12.47262
15.32019,840.00000,857.30456,0.63377,0.49872,12.47247
15.32119,840.00000,856.48657,0.63378,0.49872,12.47232
15.32219,840.00000,856.48657,0.63378,0.49872,12.47217
15.32319,840.00000,857.30456,0.63379,0.49872,12.47202
15.32419,840.00000,854.85510,0.63380,0.49872,12.47186
15.32519,840.00000,854.85510,0.63381,0.49872,12.47171
15.32619,840.00000,854.85510,0.63381,0.49872,12.47156
15.32719,840.00000,853.22991,0.63382,0.49872,12.47140
15.32819,840.00000,854.85510,0.63383,0.49872,12.47125
15.32919,840.00000,854.85510,0.63384,0.49872,12.47109
15.33019,840.00000,854.85510,0.63385,0.49872,12.47094
15.33119,840.00000,853.22991,0.63385,0.49872,12.47078
15.33219,840.00000,854.85510,0.63386,0.49872,12.47063
15.33319,840.00000,854.85510,0.63387,0.49872,12.47047
15.33419,840.00000,854.85510,0.63388,0.49872,12.47032
15.33519,840.00000,859.76806,0.63389,0.49872,12.47016
15.33619,840.00000,859.76806,0.63389,0.49872,12.47001
15.33719,840.00000,859.76806,0.63390,0.49872,12.46986
15.33819,840.00000,859.76806,0.63391,0.49872,12.46971
15.33919,840.00000,859.76806,0.63392,0.49872,12.46957
15.34019,840.00000,859.76806,0.63392,0.49872,12.46942
15.34119,840.00000,860.59234,0.63393,0.49872,12.46928
15.34219,840.00000,862.24578,0.63394,0.49872,12.46913
15.34319,840.00000,863.90557,0.63395,0.49872,12.46899
15.34419,840.00000,864.73785,0.63395,0.49872,12.46885
15.34519,840.00000,864.73785,0.63396,0.49872,12.46871
15.34619,840.00000,864.73785,0.63397,0.49872,12.46857
15.34719,840.00000,863.90557,0.63397,0.49872,12.46844
15.34819,840.00000,863.90557,0.63398,0.49872,12.46830
15.34919,840.00000,863.90557,0.63399,0.49872,12.46817
15.35019,840.00000,863.90557,0.63399,0.49872,12.46803
15.35119,840.00000,863.90557,0.63400,0.49872,12.46790
15.35219,840.00000,863.07495,0.63401,0.49872,12.46777
15.35319,840.00000,863.07495,0.63401,0.49872,12.46764
15.35419,840.00000,861.41833,0.63402,0.49872,12.46752
15.35519,840.00000,860.59234,0.63403,0.49872,12.46739
15.35619,840.00000,859.76806,0.63403,0.49872,12.46727
15.35719,840.00000,859.76806,0.63404,0.49872,12.46714
15.35819,840.00000,859.76806,0.63405,0.49872,12.46702
15.35919,840.00000,859.76806,0.63405,0.49872,12.46690
15.36019,840.00000,859.76806,0.63406,0.49872,12.46679
15.36119,840.00000,859.76806,0.63406,0.49872,12.46667
15.36219,840.00000,859.76806,0.63407,0.49872,12.46655
15.36319,840.00000,859.76806,0.63408,0.49872,12.46644
15.36419,840.00000,859.76806,0.63408,0.49872,12.46632
15.36519,840.00000,859.76806,0.63409,0.49872,12.46620
15.36619,840.00000,862.24578,0.63409,0.49872,12.46608
15.36719,840.00000,862.24578,0.63410,0.49872,12.46596
15.36819,840.00000,861.41833,0.63411,0.49872,12.46584
15.36919,840.00000,861.41833,0.63411,0.49872,12.46572
15.37019,840.00000,861.41833,0.63412,0.49872,12.46560
15.37119,840.00000,859.76806,0.63412,0.49872,12.46548
15.37219,840.00000,861.41833,0.63413,0.49872,12.46535
15.37322,840.00000,861.41833,0.63414,0.49872,12.46523
15.37419,840.00000,862.24578,0.63414,0.49872,12.46511
15.37519,840.00000,861.41833,0.63415,0.49872,12.46498
15.37619,840.00000,859.76806,0.63416,0.49872,12.46486
15.37719,840.00000,859.76806,0.63416,0.49872,12.46473
15.37819,840.00000,859.76806,0.63417,0.49872,12.46461
15.37919,840.00000,859.76806,0.63417,0.49872,12.46448
15.38019,840.00000,859.76806,0.63418,0.49872,12.46435
15.38119,840.00000,860.59234,0.63419,0.49872,12.46422
15.38219,840.00000,860.59234,0.63419,0.49872,12.46409
15.38319,840.00000,860.59234,0.63420,0.49872,12.46397
15.38418,840.00000,859.76806,0.63421,0.49872,12.46384
15.38519,840.00000,860.59234,0.63421,0.49872,12.46372
15.38619,840.00000,860.59234,0.63422,0.49872,12.46360
15.38719,840.00000,860.59234,0.63423,0.49872,12.46347
15.38819,840.00000,860.59234,0.63423,0.49872,12.46335
15.38919,840.00000,860.59234,0.63424,0.49872,12.46324
15.39019,840.00000,860.59234,0.63424,0.49872,12.46312
15.39119,840.00000,860.59234,0.63425,0.49872,12.46300
15.39219,840.00000,858.94537,0.63426,0.49872,12.46289
15.39319,840.00000,858.12420,0.63426,0.49872,12.46278
15.39419,840.00000,858.12420,0.63427,0.49872,12.46267
15.39519,840.00000,858.12420,0.63427,0.49872,12.46255
15.39619,840.00000,858.12420,0.63428,0.49872,12.46245
15.39719,840.00000,858.94537,0.63428,0.49872,12.46234
15.39819,840.00000,858.12420,0.63429,0.49872,12.46223
15.39919,840.00000,858.12420,0.63429,0.49872,12.46213
15.40019,840.00000,858.12420,0.63430,0.49872,12.46202
15.40119,840.00000,858.94537,0.63431,0.49872,12.46192
15.40219,840.00000,858.12420,0.63431,0.49872,12.46182
15.40319,840.00000,858.94537,0.63432,0.49872,12.46172
15.40419,840.00000,858.94537,0.63432,0.49872,12.46162
15.40519,840.00000,858.12420,0.63433,0.49872,12.46152
15.40619,840.00000,858.12420,0.63433,0.49872,12.46142
15.40719,840.00000,853.22991,0.63434,0.49872,12.46132
15.40819,840.00000,853.22991,0.63434,0.49872,12.46123
15.40919,840.00000,853.22991,0.63435,0.49872,12.46113
15.41019,840.00000,854.04180,0.63435,0.49872,12.46104
15.41119,840.00000,869.76538,0.63435,0.49872,12.46095
15.41219,840.00000,854.04180,0.63436,0.49872,12.46086
15.41319,840.00000,868.08306,0.63436,0.49872,12.46077
15.41419,840.00000,854.04180,0.63437,0.49872,12.46068
15.41519,840.00000,868.08306,0.63437,0.49872,12.46060
15.41619,840.00000,868.08306,0.63438,0.49872,12.46051
15.41719,840.00000,854.04180,0.63438,0.49872,12.46043
15.41819,840.00000,863.07495,0.63439,0.49872,12.46035
15.41919,840.00000,854.04180,0.63439,0.49872,12.46026
15.42019,840.00000,860.59234,0.63439,0.49872,12.46019
15.42119,840.00000,860.59234,0.63440,0.49872,12.46011
15.42219,840.00000,862.24578,0.63440,0.49872,12.46003
15.42319,840.00000,860.59234,0.63441,0.49872,12.45995
15.42419,840.00000,862.24578,0.63441,0.49872,12.45987
15.42519,840.00000,860.59234,0.63441,0.49872,12.45979
15.42619,840.00000,862.24578,0.63442,0.49872,12.45971
15.42719,840.00000,863.07495,0.63442,0.49872,12.45963
15.42820,840.00000,864.73785,0.63443,0.49872,12.45955
15.42919,840.00000,864.73785,0.63443,0.49872,12.45947
15.43019,840.00000,864.73785,0.63443,0.49872,12.45938
15.43119,840.00000,863.90557,0.63444,0.49872,12.45930
15.43218,840.00000,863.90557,0.63444,0.49872,12.45922
15.43319,840.00000,863.90557,0.63445,0.49872,12.45913
15.43419,840.00000,863.90557,0.63445,0.49872,12.45905
15.43519,840.00000,863.90557,0.63446,0.49872,12.45896
15.43619,840.00000,863.90557,0.63446,0.49872,12.45887
15.43719,840.00000,863.90557,0.63446,0.49872,12.45878
15.43819,840.00000,863.90557,0.63447,0.49872,12.45870
15.43919,840.00000,863.90557,0.63447,0.49872,12.45861
15.44019,840.00000,863.90557,0.63448,0.49872,12.45852
15.44119,840.00000,863.90557,0.63448,0.49872,12.45843
15.44219,840.00000,863.90557,0.63449,0.49872,12.45833
15.44319,840.00000,863.90557,0.63449,0.49872,12.45824
15.44419,840.00000,863.90557,0.63450,0.49872,12.45815
15.44519,840.00000,863.90557,0.63450,0.49872,12.45806
15.44619,840.00000,862.24578,0.63451,0.49872,12.45796
15.44719,840.00000,861.41833,0.63451,0.49872,12.45787
15.44819,840.00000,862.24578,0.63452,0.49872,12.45778
15.44919,840.00000,861.41833,0.63452,0.49872,12.45768
15.45019,840.00000,858.12420,0.63453,0.49872,12.45759
15.45119,840.00000,858.12420,0.63453,0.49872,12.45749
15.45219,840.00000,858.12420,0.63454,0.49872,12.45739
15.45319,840.00000,858.12420,0.63454,0.49872,12.45730
15.45419,840.00000,858.12420,0.63455,0.49872,12.45720
15.45519,840.00000,858.12420,0.63455,0.49872,12.45710
15.45619,840.00000,858.12420,0.63456,0.49872,12.45700
15.45719,840.00000,858.12420,0.63456,0.49872,12.45690
15.45819,840.00000,858.12420,0.63457,0.49872,12.45680
15.45919,840.00000,858.12420,0.63457,0.49872,12.45670
15.46019,840.00000,858.12420,0.63458,0.49872,12.45660
15.46119,840.00000,863.07495,0.63458,0.49872,12.45650
15.46219,840.00000,863.07495,0.63459,0.49872,12.45640
15.46319,840.00000,863.07495,0.63459,0.49872,12.45629
15.46419,840.00000,863.07495,0.63460,0.49872,12.45619
15.46519,840.00000,863.90557,0.63460,0.49872,12.45609
15.46619,840.00000,863.90557,0.63461,0.49872,12.45598
15.46719,840.00000,864.73785,0.63461,0.49872,12.45588
15.46819,840.00000,864.73785,0.63462,0.49872,12.45578
15.46919,840.00000,864.73785,0.63462,0.49872,12.45567
15.47019,840.00000,863.90557,0.63463,0.49872,12.45557
15.47119,840.00000,863.90557,0.63463,0.49872,12.45546
15.47219,840.00000,863.90557,0.63464,0.49872,12.45535
15.47319,840.00000,863.90557,0.63464,0.49872,12.45525
15.47419,840.00000,862.24578,0.63465,0.49872,12.45514
15.47519,840.00000,862.24578,0.63466,0.49872,12.45503
15.47619,840.00000,861.41833,0.63466,0.49872,12.45492
15.47719,840.00000,859.76806,0.63467,0.49872,12.45481
15.47819,840.00000,859.76806,0.63467,0.49872,12.45471
15.47919,840.00000,859.76806,0.63468,0.49872,12.45460
15.48019,840.00000,859.76806,0.63468,0.49872,12.45450
15.48119,840.00000,860.59234,0.63469,0.49872,12.45440
15.48219,840.00000,860.59234,0.63469,0.49872,12.45430
15.48319,840.00000,859.76806,0.63470,0.49872,12.45421
15.48419,840.00000,859.76806,0.63470,0.49872,12.45411
15.48519,840.00000,859.76806,0.63471,0.49872,12.45402
15.48619,840.00000,859.76806,0.63471,0.49872,12.45392
15.48719,840.00000,860.59234,0.63472,0.49872,12.45383
15.48819,840.00000,863.90557,0.63472,0.49872,12.45374
15.48919,840.00000,863.90557,0.63473,0.49872,12.45365
15.49019,840.00000,862.24578,0.63473,0.49872,12.45357
15.49119,840.00000,862.24578,0.63473,0.49872,12.45348
15.49219,840.00000,862.24578,0.63474,0.49872,12.45340
15.49319,840.00000,862.24578,0.63474,0.49872,12.45332
15.49419,840.00000,862.24578,0.63475,0.49872,12.45324
15.49519,840.00000,862.24578,0.63475,0.49872,12.45316
15.49619,840.00000,859.76806,0.63476,0.49872,12.45308
15.49719,840.00000,856.48657,0.63476,0.49872,12.45301
15.49819,840.00000,856.48657,0.63476,0.49872,12.45293
15.49919,840.00000,855.67004,0.63477,0.49872,12.45286
15.50019,840.00000,856.48657,0.63477,0.49872,12.45279
15.50119,840.00000,856.48657,0.63477,0.49872,12.45272
15.50219,840.00000,856.48657,0.63478,0.49872,12.45265
15.50319,840.00000,858.12420,0.63478,0.49872,12.45258
15.50419,840.00000,858.94537,0.63478,0.49872,12.45252
15.50519,840.00000,858.94537,0.63479,0.49872,12.45245
15.50619,840.00000,858.94537,0.63479,0.49872,12.45239
15.50719,840.00000,858.94537,0.63479,0.49872,12.45233
15.50819,840.00000,861.41833,0.63480,0.49872,12.45227
15.50919,840.00000,862.24578,0.63480,0.49872,12.45221
15.51019,840.00000,862.24578,0.63480,0.49872,12.45215
15.51119,840.00000,862.24578,0.63481,0.49872,12.45209
15.51219,840.00000,861.41833,0.63481,0.49872,12.45204
15.51319,840.00000,864.73785,0.63481,0.49872,12.45199
15.51419,840.00000,867.24438,0.63481,0.49872,12.45194
15.51519,840.00000,867.24438,0.63482,0.49872,12.45189
15.51619,840.00000,867.24438,0.63482,0.49872,12.45185
15.51719,840.00000,864.73785,0.63482,0.49872,12.45182
15.51820,840.00000,861.41833,0.63482,0.49872,12.45178
15.51922,840.00000,860.59234,0.63482,0.49872,12.45175
15.52019,840.00000,860.59234,0.63482,0.49872,12.45172
15.52119,840.00000,859.76806,0.63483,0.49872,12.45170
15.52219,840.00000,860.59234,0.63483,0.49872,12.45167
15.52319,840.00000,859.76806,0.63483,0.49872,12.45166
15.52419,840.00000,859.76806,0.63483,0.49872,12.45164
15.52519,840.00000,859.76806,0.63483,0.49872,12.45163
15.52619,840.00000,859.76806,0.63483,0.49872,12.45162
15.52719,840.00000,859.76806,0.63483,0.49872,12.45161
15.52819,840.00000,859.76806,0.63483,0.49872,12.45161
15.52919,840.00000,859.76806,0.63483,0.49872,12.45161
15.53019,840.00000,859.76806,0.63483,0.49872,12.45161
15.53119,840.00000,858.12420,0.63483,0.49872,12.45161
15.53219,840.00000,857.30456,0.63483,0.49872,12.45162
15.53319,840.00000,857.30456,0.63483,0.49872,12.45163
15.53419,840.00000,855.67004,0.63483,0.49872,12.45164
15.53519,840.00000,855.67004,0.63483,0.49872,12.45166
15.53619,840.00000,855.67004,0.63483,0.49872,12.45168
15.53719,840.00000,855.67004,0.63483,0.49872,12.45170
15.53819,840.00000,860.59234,0.63482,0.49872,12.45173
15.53919,840.00000,861.41833,0.63482,0.49872,12.45175
15.54019,840.00000,861.41833,0.63482,0.49872,12.45178
15.54119,840.00000,861.41833,0.63482,0.49872,12.45181
15.54219,840.00000,862.24578,0.63482,0.49872,12.45184
15.54319,840.00000,862.24578,0.63482,0.49872,12.45188
15.54419,840.00000,862.24578,0.63481,0.49872,12.45192
15.54519,840.00000,862.24578,0.63481,0.49872,12.45195
15.54619,840.00000,862.24578,0.63481,0.49872,12.45199
15.54719,840.00000,862.24578,0.63481,0.49872,12.45203
15.54819,840.00000,865.57177,0.63481,0.49872,12.45207
15.54919,840.00000,865.57177,0.63481,0.49872,12.45210
15.55019,840.00000,865.57177,0.63480,0.49872,12.45214
15.55119,840.00000,863.07495,0.63480,0.49872,12.45218
15.55219,840.00000,863.07495,0.63480,0.49872,12.45222
15.55319,840.00000,863.07495,0.63480,0.49872,12.45226
15.55419,840.00000,863.07495,0.63480,0.49872,12.45230
15.55519,840.00000,863.07495,0.63479,0.49872,12.45234
15.55618,840.00000,863.07495,0.63479,0.49872,12.45239
15.55719,840.00000,863.07495,0.63479,0.49872,12.45243
15.55819,840.00000,862.24578,0.63479,0.49872,12.45247
15.55919,840.00000,861.41833,0.63478,0.49872,12.45251
15.56019,840.00000,861.41833,0.63478,0.49872,12.45255
15.56119,840.00000,860.59234,0.63478,0.49872,12.45260
15.56219,840.00000,860.59234,0.63478,0.49872,12.45264
15.56319,840.00000,860.59234,0.63478,0.49872,12.45268
15.56419,840.00000,861.41833,0.63477,0.49872,12.45273
15.56519,840.00000,860.59234,0.63477,0.49872,12.45277
15.56619,840.00000,859.76806,0.63477,0.49872,12.45282
15.56719,840.00000,856.48657,0.63477,0.49872,12.45286
15.56819,840.00000,855.67004,0.63476,0.49872,12.45291
15.56919,840.00000,855.67004,0.63476,0.49872,12.45295
15.57019,840.00000,855.67004,0.63476,0.49872,12.45300
15.57119,840.00000,856.48657,0.63476,0.49872,12.45305
15.57219,840.00000,856.48657,0.63475,0.49872,12.45311
15.57319,840.00000,856.48657,0.63475,0.49872,12.45316
15.57419,840.00000,856.48657,0.63475,0.49872,12.45322
15.57519,840.00000,861.41833,0.63474,0.49872,12.45329
15.57618,840.00000,864.73785,0.63474,0.49872,12.45335
15.57719,840.00000,864.73785,0.63474,0.49872,12.45342
15.57819,840.00000,865.57177,0.63473,0.49872,12.45348
15.57919,840.00000,865.57177,0.63473,0.49872,12.45355
15.58019,840.00000,865.57177,0.63473,0.49872,12.45363
15.58119,840.00000,865.57177,0.63472,0.49872,12.45370
15.58219,840.00000,864.73785,0.63472,0.49872,12.45378
15.58319,840.00000,864.73785,0.63472,0.49872,12.45385
15.58419,840.00000,864.73785,0.63471,0.49872,12.45393
15.58519,840.00000,863.90557,0.63471,0.49872,12.45401
15.58619,840.00000,863.07495,0.63470,0.49872,12.45410
15.58719,840.00000,863.07495,0.63470,0.49872,12.45418
15.58819,840.00000,862.24578,0.63469,0.49872,12.45427
15.58919,840.00000,861.41833,0.63469,0.49872,12.45436
15.59019,840.00000,861.41833,0.63469,0.49872,12.45445
15.59119,840.00000,860.59234,0.63468,0.49872,12.45454
15.59219,840.00000,860.59234,0.63468,0.49872,12.45464
15.59319,840.00000,860.59234,0.63467,0.49872,12.45473
15.59419,840.00000,860.59234,0.63467,0.49872,12.45483
15.59519,840.00000,860.59234,0.63466,0.49872,12.45493
15.59619,840.00000,859.76806,0.63466,0.49872,12.45503
15.59719,840.00000,859.76806,0.63465,0.49872,12.45513
15.59819,840.00000,860.59234,0.63465,0.49872,12.45524
15.59919,840.00000,863.07495,0.63464,0.49872,12.45534
15.60019,840.00000,863.07495,0.63463,0.49872,12.45546
15.60119,840.00000,863.07495,0.63463,0.49872,12.45557
15.60219,840.00000,862.24578,0.63462,0.49872,12.45569
15.60319,840.00000,862.24578,0.63462,0.49872,12.45581
15.60419,840.00000,862.24578,0.63461,0.49872,12.45594
15.60519,840.00000,862.24578,0.63460,0.49872,12.45607
15.60619,840.00000,862.24578,0.63460,0.49872,12.45620
15.60719,840.00000,862.24578,0.63459,0.49872,12.45633
15.60819,840.00000,862.24578,0.63458,0.49872,12.45647
15.60919,840.00000,861.41833,0.63458,0.49872,12.45661
15.61019,840.00000,860.59234,0.63457,0.49872,12.45676
15.61119,840.00000,860.59234,0.63456,0.49872,12.45691
15.61219,840.00000,860.59234,0.63455,0.49872,12.45706
15.61319,840.00000,860.59234,0.63454,0.49872,12.45721
15.61419,840.00000,860.59234,0.63454,0.49872,12.45737
15.61519,840.00000,860.59234,0.63453,0.49872,12.45753
15.61619,840.00000,860.59234,0.63452,0.49872,12.45769
15.61719,840.00000,858.94537,0.63451,0.49872,12.45785
15.61819,840.00000,858.12420,0.63450,0.49872,12.45802
15.61919,840.00000,858.12420,0.63450,0.49872,12.45819
15.62019,840.00000,858.12420,0.63449,0.49872,12.45836
15.62119,840.00000,858.12420,0.63448,0.49872,12.45854
15.62219,840.00000,858.12420,0.63447,0.49872,12.45872
15.62319,840.00000,856.48657,0.63446,0.49872,12.45890
15.62419,840.00000,858.12420,0.63445,0.49872,12.45909
15.62519,840.00000,856.48657,0.63444,0.49872,12.45927
15.62619,840.00000,858.12420,0.63443,0.49872,12.45946
15.62719,840.00000,860.59234,0.63442,0.49872,12.45965
15.62819,840.00000,860.59234,0.63441,0.49872,12.45985
15.62919,840.00000,865.15460,0.63440,0.49872,12.46004
15.63019,840.00000,865.15460,0.63439,0.49872,12.46024
15.63119,840.00000,865.15460,0.63438,0.49872,12.46045
15.63219,840.00000,863.07495,0.63437,0.49872,12.46065
15.63319,840.00000,863.07495,0.63436,0.49872,12.46086
15.63419,840.00000,863.07495,0.63435,0.49872,12.46107
15.63519,840.00000,863.07495,0.63434,0.49872,12.46129
15.63619,840.00000,863.07495,0.63433,0.49872,12.46151
15.63719,840.00000,863.07495,0.63432,0.49872,12.46173
15.63819,840.00000,863.07495,0.63430,0.49872,12.46195
15.63919,840.00000,863.07495,0.63429,0.49872,12.46218
15.64019,840.00000,863.07495,0.63428,0.49872,12.46240
15.64119,840.00000,863.07495,0.63427,0.49872,12.46264
15.64219,840.00000,863.07495,0.63426,0.49872,12.46287
15.64319,840.00000,864.73785,0.63424,0.49872,12.46311
15.64419,840.00000,861.41833,0.63423,0.49872,12.46334
15.64519,840.00000,861.41833,0.63422,0.49872,12.46358
15.64619,840.00000,861.41833,0.63421,0.49872,12.46382
15.64719,840.00000,861.41833,0.63420,0.49872,12.46405
15.64819,840.00000,858.94537,0.63418,0.49872,12.46429
15.64919,840.00000,858.94537,0.63417,0.49872,12.46452
15.65019,840.00000,858.94537,0.63416,0.49872,12.46476
15.65119,840.00000,858.94537,0.63415,0.49872,12.46499
15.65219,840.00000,858.94537,0.63414,0.49872,12.46523
15.65319,840.00000,858.94537,0.63412,0.49872,12.46548
15.65419,840.00000,858.94537,0.63411,0.49872,12.46572
15.65519,840.00000,858.94537,0.63410,0.49872,12.46596
15.65619,840.00000,858.94537,0.63409,0.49872,12.46621
15.65719,840.00000,863.07495,0.63407,0.49872,12.46646
15.65819,840.00000,864.73785,0.63406,0.49872,12.46671
15.65919,840.00000,864.73785,0.63405,0.49872,12.46696
15.66019,840.00000,864.73785,0.63404,0.49872,12.46721
15.66119,840.00000,864.73785,0.63402,0.49872,12.46747
15.66219,840.00000,864.73785,0.63401,0.49872,12.46773
15.66319,840.00000,864.73785,0.63400,0.49872,12.46798
15.66420,840.00000,864.73785,0.63398,0.49872,12.46824
15.66522,840.00000,863.07495,0.63397,0.49872,12.46851
15.66619,840.00000,861.41833,0.63396,0.49872,12.46877
15.66719,840.00000,861.41833,0.63394,0.49872,12.46904
15.66819,840.00000,861.41833,0.63393,0.49872,12.46930
15.66919,840.00000,858.12420,0.63392,0.49872,12.46957
15.67019,840.00000,858.12420,0.63390,0.49872,12.46984
15.67119,840.00000,858.12420,0.63389,0.49872,12.47011
15.67219,840.00000,858.12420,0.63387,0.49872,12.47039
15.67319,840.00000,858.12420,0.63386,0.49872,12.47066
15.67419,840.00000,858.12420,0.63385,0.49872,12.47094
15.67519,840.00000,858.12420,0.63383,0.49872,12.47121
15.67619,840.00000,862.24578,0.63382,0.49872,12.47149
15.67719,840.00000,864.73785,0.63380,0.49872,12.47177
15.67819,840.00000,864.73785,0.63379,0.49872,12.47205
15.67919,840.00000,862.24578,0.63378,0.49872,12.47233
15.68019,840.00000,864.73785,0.63376,0.49872,12.47262
15.68119,840.00000,870.60894,0.63375,0.49872,12.47290
15.68219,840.00000,870.60894,0.63373,0.49872,12.47319
15.68319,840.00000,870.60894,0.63372,0.49872,12.47348
15.68419,840.00000,871.45428,0.63370,0.49872,12.47377
15.68519,840.00000,871.45428,0.63369,0.49872,12.47407
15.68619,840.00000,870.60894,0.63367,0.49872,12.47437
15.68719,840.00000,863.90557,0.63366,0.49872,12.47467
15.68819,840.00000,862.24578,0.63364,0.49872,12.47498
15.68919,840.00000,863.90557,0.63363,0.49872,12.47529
15.69019,840.00000,863.90557,0.63361,0.49872,12.47560
15.69119,840.00000,863.90557,0.63359,0.49872,12.47591
15.69219,840.00000,862.24578,0.63358,0.49872,12.47623
15.69319,840.00000,862.24578,0.63356,0.49872,12.47655
15.69419,840.00000,861.41833,0.63355,0.49872,12.47687
15.69519,840.00000,862.24578,0.63353,0.49872,12.47719
15.69619,840.00000,862.24578,0.63351,0.49872,12.47752
15.69719,840.00000,861.41833,0.63350,0.49872,12.47784
15.69819,840.00000,861.41833,0.63348,0.49872,12.47818
15.69919,840.00000,858.12420,0.63346,0.49872,12.47851
15.70019,840.00000,854.85510,0.63344,0.49872,12.47884
15.70119,840.00000,854.85510,0.63343,0.49872,12.47918
15.70219,840.00000,854.85510,0.63341,0.49872,12.47952
15.70319,840.00000,858.12420,0.63339,0.49872,12.47986
15.70419,840.00000,858.12420,0.63338,0.49872,12.48021
15.70519,840.00000,859.76806,0.63336,0.49872,12.48056
15.70619,840.00000,859.76806,0.63334,0.49872,12.48091
15.70719,840.00000,859.76806,0.63332,0.49872,12.48126
15.70819,840.00000,861.41833,0.63330,0.49872,12.48161
15.70919,840.00000,862.24578,0.63329,0.49872,12.48197
15.71019,840.00000,864.73785,0.63327,0.49872,12.48233
15.71119,840.00000,864.73785,0.63325,0.49872,12.48269
15.71219,840.00000,863.90557,0.63323,0.49872,12.48305
15.71319,840.00000,863.90557,0.63321,0.49872,12.48341
15.71419,840.00000,864.73785,0.63319,0.49872,12.48378
15.71519,840.00000,867.24438,0.63318,0.49872,12.48415
15.71619,840.00000,864.73785,0.63316,0.49872,12.48452
15.71719,840.00000,867.24438,0.63314,0.49872,12.48489
15.71819,840.00000,864.73785,0.63312,0.49872,12.48527
15.71919,840.00000,863.90557,0.63310,0.49872,12.48564
15.72019,840.00000,863.90557,0.63308,0.49872,12.48602
15.72119,840.00000,863.07495,0.63306,0.49872,12.48640
15.72219,840.00000,863.07495,0.63304,0.49872,12.48678
15.72319,840.00000,863.07495,0.63302,0.49872,12.48716
15.72419,840.00000,862.24578,0.63300,0.49872,12.48754
15.72519,840.00000,862.24578,0.63298,0.49872,12.48793
15.72619,840.00000,862.24578,0.63296,0.49872,12.48832
15.72719,840.00000,862.24578,0.63294,0.49872,12.48870
15.72819,840.00000,862.24578,0.63293,0.49872,12.48909
15.72919,840.00000,862.24578,0.63291,0.49872,12.48948
15.73019,840.00000,862.24578,0.63289,0.49872,12.48987
15.73119,840.00000,862.24578,0.63287,0.49872,12.49025
15.73219,840.00000,860.59234,0.63285,0.49872,12.49064
15.73319,840.00000,860.59234,0.63283,0.49872,12.49103
15.73419,840.00000,862.24578,0.63281,0.49872,12.49141
15.73519,840.00000,862.24578,0.63279,0.49872,12.49180
15.73619,840.00000,862.24578,0.63277,0.49872,12.49218
15.73719,840.00000,860.59234,0.63275,0.49872,12.49257
15.73819,840.00000,860.59234,0.63273,0.49872,12.49295
15.73919,840.00000,860.59234,0.63271,0.49872,12.49333
15.74019,840.00000,855.67004,0.63269,0.49872,12.49371
15.74119,840.00000,855.67004,0.63267,0.49872,12.49409
15.74219,840.00000,854.85510,0.63265,0.49872,12.49447
15.74319,840.00000,855.67004,0.63263,0.49872,12.49484
15.74419,840.00000,855.67004,0.63262,0.49872,12.49521
15.74519,840.00000,855.67004,0.63260,0.49872,12.49558
15.74619,840.00000,855.67004,0.63258,0.49872,12.49594
15.74719,840.00000,855.67004,0.63256,0.49872,12.49631
15.74819,840.00000,857.30456,0.63254,0.49872,12.49667
15.74919,840.00000,857.30456,0.63252,0.49872,12.49703
15.75019,840.00000,857.30456,0.63251,0.49872,12.49738
15.75119,840.00000,860.59234,0.63249,0.49872,12.49774
15.75218,840.00000,860.59234,0.63247,0.49872,12.49809
15.75319,840.00000,863.07495,0.63245,0.49872,12.49844
15.75419,840.00000,860.59234,0.63243,0.49872,12.49879
15.75519,840.00000,863.07495,0.63242,0.49872,12.49913
15.75619,840.00000,863.90557,0.63240,0.49872,12.49947
15.75719,840.00000,863.07495,0.63238,0.49872,12.49981
15.75819,840.00000,863.07495,0.63237,0.49872,12.50015
15.75919,840.00000,863.07495,0.63235,0.49872,12.50048
15.76019,840.00000,863.07495,0.63233,0.49872,12.50080
15.76119,840.00000,863.90557,0.63232,0.49872,12.50112
15.76219,840.00000,863.07495,0.63230,0.49872,12.50144
15.76319,840.00000,863.07495,0.63228,0.49872,12.50175
15.76419,840.00000,863.90557,0.63227,0.49872,12.50206
15.76519,840.00000,863.07495,0.63225,0.49872,12.50236
15.76619,840.00000,862.24578,0.63224,0.49872,12.50267
15.76719,840.00000,862.24578,0.63222,0.49872,12.50296
15.76819,840.00000,862.24578,0.63221,0.49872,12.50326
15.76919,840.00000,862.24578,0.63219,0.49872,12.50355
15.77019,840.00000,860.59234,0.63218,0.49872,12.50383
15.77119,840.00000,858.94537,0.63216,0.49872,12.50411
15.77219,840.00000,858.94537,0.63215,0.49872,12.50439
15.77319,840.00000,858.12420,0.63214,0.49872,12.50466
15.77419,840.00000,858.12420,0.63212,0.49872,12.50492
15.77519,840.00000,857.30456,0.63211,0.49872,12.50518
15.77619,840.00000,857.30456,0.63210,0.49872,12.50544
15.77719,840.00000,856.48657,0.63209,0.49872,12.50568
15.77819,840.00000,856.48657,0.63207,0.49872,12.50592
15.77919,840.00000,856.48657,0.63206,0.49872,12.50616
15.78019,840.00000,856.48657,0.63205,0.49872,12.50639
15.78119,840.00000,856.48657,0.63204,0.49872,12.50662
15.78219,840.00000,856.48657,0.63203,0.49872,12.50684
15.78319,840.00000,856.48657,0.63202,0.49872,12.50705
15.78419,840.00000,856.48657,0.63201,0.49872,12.50726
15.78519,840.00000,862.24578,0.63200,0.49872,12.50747
15.78619,840.00000,863.07495,0.63199,0.49872,12.50766
15.78719,840.00000,863.07495,0.63198,0.49872,12.50785
15.78819,840.00000,863.07495,0.63197,0.49872,12.50804
15.78919,840.00000,863.07495,0.63196,0.49872,12.50821
15.79019,840.00000,863.07495,0.63195,0.49872,12.50838
15.79119,840.00000,862.24578,0.63194,0.49872,12.50854
15.79219,840.00000,863.07495,0.63193,0.49872,12.50870
15.79319,840.00000,862.24578,0.63193,0.49872,12.50885
15.79419,840.00000,863.07495,0.63192,0.49872,12.50899
15.79519,840.00000,862.24578,0.63191,0.49872,12.50912
15.79619,840.00000,862.24578,0.63191,0.49872,12.50925
15.79719,840.00000,861.41833,0.63190,0.49872,12.50937
15.79819,840.00000,862.24578,0.63189,0.49872,12.50949
15.79919,840.00000,863.07495,0.63189,0.49872,12.50960
15.80019,840.00000,863.07495,0.63188,0.49872,12.50970
15.80119,840.00000,863.07495,0.63188,0.49872,12.50980
15.80219,840.00000,863.07495,0.63187,0.49872,12.50989
15.80319,840.00000,863.07495,0.63187,0.49872,12.50998
15.80419,840.00000,863.07495,0.63186,0.49872,12.51006
15.80519,840.00000,863.07495,0.63186,0.49872,12.51014
15.80619,840.00000,863.07495,0.63186,0.49872,12.51021
15.80719,840.00000,863.07495,0.63185,0.49872,12.51028
15.80819,840.00000,863.07495,0.63185,0.49872,12.51035
15.80919,840.00000,863.07495,0.63185,0.49872,12.51041
15.81019,840.00000,867.24438,0.63184,0.49872,12.51047
15.81120,840.00000,867.24438,0.63184,0.49872,12.51052
15.81222,840.00000,867.24438,0.63184,0.49872,12.51057
15.81319,840.00000,867.24438,0.63184,0.49872,12.51062
15.81419,840.00000,867.24438,0.63183,0.49872,12.51066
15.81519,840.00000,867.24438,0.63183,0.49872,12.51070
15.81619,840.00000,867.24438,0.63183,0.49872,12.51073
15.81719,840.00000,867.24438,0.63183,0.49872,12.51076
15.81819,840.00000,864.73785,0.63183,0.49872,12.51079
15.81919,840.00000,864.73785,0.63183,0.49872,12.51081
15.82019,840.00000,863.07495,0.63183,0.49872,12.51083
15.82119,840.00000,861.41833,0.63182,0.49872,12.51084
15.82219,840.00000,861.41833,0.63182,0.49872,12.51085
15.82319,840.00000,860.59234,0.63182,0.49872,12.51086
15.82419,840.00000,860.59234,0.63182,0.49872,12.51086
15.82519,840.00000,861.41833,0.63182,0.49872,12.51086
15.82619,840.00000,860.59234,0.63182,0.49872,12.51086
15.82719,840.00000,860.59234,0.63182,0.49872,12.51085
15.82819,840.00000,859.76806,0.63182,0.49872,12.51084
15.82919,840.00000,859.76806,0.63183,0.49872,12.51082
15.83019,840.00000,859.76806,0.63183,0.49872,12.51080
15.83119,840.00000,859.76806,0.63183,0.49872,12.51078
15.83219,840.00000,859.76806,0.63183,0.49872,12.51075
15.83319,840.00000,859.76806,0.63183,0.49872,12.51073
15.83419,840.00000,862.24578,0.63183,0.49872,12.51070
15.83519,840.00000,862.24578,0.63183,0.49872,12.51067
15.83619,840.00000,862.24578,0.63183,0.49872,12.51064
15.83719,840.00000,863.07495,0.63184,0.49872,12.51061
15.83819,840.00000,863.07495,0.63184,0.49872,12.51058
15.83919,840.00000,863.07495,0.63184,0.49872,12.51055
15.84019,840.00000,862.24578,0.63184,0.49872,12.51052
15.84119,840.00000,862.24578,0.63184,0.49872,12.51049
15.84219,840.00000,862.24578,0.63184,0.49872,12.51046
15.84319,840.00000,862.24578,0.63185,0.49872,12.51043
15.84419,840.00000,862.24578,0.63185,0.49872,12.51040
15.84519,840.00000,859.76806,0.63185,0.49872,12.51037
15.84619,840.00000,859.76806,0.63185,0.49872,12.51035
15.84719,840.00000,860.59234,0.63185,0.49872,12.51032
15.84819,840.00000,860.59234,0.63185,0.49872,12.51029
15.84919,840.00000,861.41833,0.63185,0.49872,12.51027
15.85019,840.00000,861.41833,0.63185,0.49872,12.51025
15.85119,840.00000,860.59234,0.63186,0.49872,12.51022
15.85219,840.00000,860.59234,0.63186,0.49872,12.51020
15.85319,840.00000,860.59234,0.63186,0.49872,12.51018
15.85419,840.00000,860.59234,0.63186,0.49872,12.51017
15.85519,840.00000,860.59234,0.63186,0.49872,12.51015
15.85619,840.00000,861.41833,0.63186,0.49872,12.51014
15.85719,840.00000,862.24578,0.63186,0.49872,12.51013
15.85819,840.00000,861.41833,0.63186,0.49872,12.51012
15.85919,840.00000,862.24578,0.63186,0.49872,12.51012
15.86019,840.00000,862.24578,0.63186,0.49872,12.51011
15.86119,840.00000,862.24578,0.63186,0.49872,12.51011
15.86219,840.00000,862.24578,0.63186,0.49872,12.51011
15.86319,840.00000,860.59234,0.63186,0.49872,12.51011
15.86419,840.00000,858.94537,0.63186,0.49872,12.51011
15.86519,840.00000,858.94537,0.63186,0.49872,12.51012
15.86619,840.00000,858.94537,0.63186,0.49872,12.51014
15.86719,840.00000,858.94537,0.63186,0.49872,12.51015
15.86819,840.00000,856.48657,0.63186,0.49872,12.51017
15.86919,840.00000,856.48657,0.63186,0.49872,12.51020
15.87019,840.00000,856.48657,0.63186,0.49872,12.51022
15.87119,840.00000,856.48657,0.63185,0.49872,12.51026
15.87219,840.00000,858.12420,0.63185,0.49872,12.51029
15.87319,840.00000,860.59234,0.63185,0.49872,12.51033
15.87419,840.00000,860.59234,0.63185,0.49872,12.51037
15.87519,840.00000,860.59234,0.63185,0.49872,12.51042
15.87619,840.00000,860.59234,0.63184,0.49872,12.51047
15.87719,840.00000,858.12420,0.63184,0.49872,12.51052
15.87819,840.00000,858.12420,0.63184,0.49872,12.51058
15.87919,840.00000,858.12420,0.63183,0.49872,12.51064
15.88019,840.00000,855.67004,0.63183,0.49872,12.51071
15.88119,840.00000,855.67004,0.63183,0.49872,12.51078
15.88219,840.00000,855.67004,0.63182,0.49872,12.51085
15.88319,840.00000,855.67004,0.63182,0.49872,12.51092
15.88419,840.00000,855.67004,0.63182,0.49872,12.51100
15.88519,840.00000,855.67004,0.63181,0.49872,12.51108
15.88619,840.00000,862.24578,0.63181,0.49872,12.51117
15.88719,840.00000,862.24578,0.63180,0.49872,12.51126
15.88819,840.00000,861.41833,0.63180,0.49872,12.51135
15.88919,840.00000,862.24578,0.63179,0.49872,12.51144
15.89019,840.00000,862.24578,0.63179,0.49872,12.51154
15.89119,840.00000,862.24578,0.63178,0.49872,12.51163
15.89219,840.00000,862.24578,0.63178,0.49872,12.51173
15.89319,840.00000,862.24578,0.63178,0.49872,12.51182
15.89419,840.00000,861.41833,0.63177,0.49872,12.51192
15.89519,840.00000,860.59234,0.63177,0.49872,12.51202
15.89618,840.00000,860.59234,0.63176,0.49872,12.51213
15.89719,840.00000,860.59234,0.63175,0.49872,12.51223
15.89819,840.00000,860.59234,0.63175,0.49872,12.51233
15.89919,840.00000,860.59234,0.63174,0.49872,12.51244
15.90019,840.00000,860.59234,0.63174,0.49872,12.51255
15.90119,840.00000,860.59234,0.63173,0.49872,12.51266
15.90219,840.00000,860.59234,0.63173,0.49872,12.51277
15.90319,840.00000,860.59234,0.63172,0.49872,12.51288
15.90419,840.00000,860.59234,0.63172,0.49872,12.51299
15.90519,840.00000,860.59234,0.63171,0.49872,12.51309
15.90619,840.00000,861.41833,0.63171,0.49872,12.51320
15.90719,840.00000,861.41833,0.63170,0.49872,12.51331
15.90819,840.00000,860.59234,0.63169,0.49872,12.51342
15.90919,840.00000,860.59234,0.63169,0.49872,12.51353
15.91019,840.00000,860.59234,0.63168,0.49872,12.51363
15.91119,840.00000,861.41833,0.63168,0.49872,12.51374
15.91219,840.00000,861.41833,0.63167,0.49872,12.51384
15.91320,840.00000,861.41833,0.63167,0.49872,12.51395
15.91419,840.00000,862.24578,0.63166,0.49872,12.51405
15.91519,840.00000,862.24578,0.63166,0.49872,12.51415
15.91619,840.00000,860.59234,0.63165,0.49872,12.51424
15.91719,840.00000,860.59234,0.63165,0.49872,12.51434
15.91819,840.00000,860.59234,0.63164,0.49872,12.51443
15.91919,840.00000,863.07495,0.63164,0.49872,12.51452
15.92019,840.00000,863.07495,0.63163,0.49872,12.51460
15.92119,840.00000,860.59234,0.63163,0.49872,12.51469
15.92219,840.00000,859.76806,0.63163,0.49872,12.51477
15.92319,840.00000,859.76806,0.63162,0.49872,12.51484
15.92419,840.00000,859.76806,0.63162,0.49872,12.51492
15.92519,840.00000,858.94537,0.63162,0.49872,12.51498
15.92619,840.00000,857.30456,0.63161,0.49872,12.51505
15.92719,840.00000,858.94537,0.63161,0.49872,12.51511
15.92819,840.00000,857.30456,0.63161,0.49872,12.51516
15.92919,840.00000,855.67004,0.63160,0.49872,12.51521
15.93019,840.00000,854.85510,0.63160,0.49872,12.51526
15.93119,840.00000,854.85510,0.63160,0.49872,12.51530
15.93219,840.00000,854.85510,0.63160,0.49872,12.51534
15.93319,840.00000,857.30456,0.63160,0.49872,12.51538
15.93419,840.00000,857.30456,0.63159,0.49872,12.51541
15.93519,840.00000,857.30456,0.63159,0.49872,12.51544
15.93619,840.00000,858.12420,0.63159,0.49872,12.51546
15.93719,840.00000,858.12420,0.63159,0.49872,12.51548
15.93819,840.00000,858.12420,0.63159,0.49872,12.51550
15.93919,840.00000,858.12420,0.63159,0.49872,12.51551
15.94019,840.00000,858.12420,0.63159,0.49872,12.51552
15.94119,840.00000,858.12420,0.63159,0.49872,12.51551
15.94219,840.00000,858.94537,0.63159,0.49872,12.51550
15.94319,840.00000,858.94537,0.63159,0.49872,12.51549
15.94419,840.00000,859.76806,0.63159,0.49872,12.51547
15.94519,840.00000,859.76806,0.63159,0.49872,12.51544
15.94619,840.00000,859.76806,0.63159,0.49872,12.51541
15.94719,840.00000,859.76806,0.63160,0.49872,12.51538
15.94819,840.00000,859.76806,0.63160,0.49872,12.51534
15.94919,840.00000,859.76806,0.63160,0.49872,12.51529
15.95019,840.00000,860.59234,0.63160,0.49872,12.51524
15.95119,840.00000,860.59234,0.63161,0.49872,12.51518
15.95219,840.00000,860.59234,0.63161,0.49872,12.51512
15.95319,840.00000,860.59234,0.63161,0.49872,12.51506
15.95419,840.00000,858.94537,0.63162,0.49872,12.51498
15.95519,840.00000,858.94537,0.63162,0.49872,12.51491
15.95619,840.00000,857.30456,0.63162,0.49872,12.51482
15.95721,840.00000,857.30456,0.63163,0.49872,12.51474
15.95822,840.00000,857.30456,0.63163,0.49872,12.51465
15.95919,840.00000,852.41961,0.63164,0.49872,12.51455
15.96019,840.00000,852.41961,0.63164,0.49872,12.51444
15.96119,840.00000,852.41961,0.63165,0.49872,12.51432
15.96219,840.00000,852.41961,0.63165,0.49872,12.51421
15.96319,840.00000,851.61090,0.63166,0.49872,12.51408
15.96419,840.00000,852.41961,0.63167,0.49872,12.51395
15.96519,840.00000,856.48657,0.63168,0.49872,12.51381
15.96619,840.00000,861.41833,0.63168,0.49872,12.51366
15.96719,840.00000,862.24578,0.63169,0.49872,12.51351
15.96819,840.00000,862.24578,0.63170,0.49872,12.51335
15.96919,840.00000,863.07495,0.63171,0.49872,12.51319
15.97019,840.00000,863.07495,0.63171,0.49872,12.51303
15.97119,840.00000,863.90557,0.63172,0.49872,12.51286
15.97219,840.00000,863.90557,0.63173,0.49872,12.51269
15.97319,840.00000,863.90557,0.63174,0.49872,12.51251
15.97419,840.00000,863.07495,0.63175,0.49872,12.51233
15.97519,840.00000,863.07495,0.63176,0.49872,12.51214
15.97619,840.00000,858.94537,0.63177,0.49872,12.51195
15.97719,840.00000,857.30456,0.63178,0.49872,12.51176
15.97819,840.00000,857.30456,0.63179,0.49872,12.51156
15.97919,840.00000,857.30456,0.63180,0.49872,12.51136
15.98019,840.00000,857.30456,0.63181,0.49872,12.51116
15.98119,840.00000,857.30456,0.63182,0.49872,12.51095
15.98219,840.00000,858.94537,0.63183,0.49872,12.51074
15.98319,840.00000,861.41833,0.63184,0.49872,12.51053
15.98419,840.00000,861.41833,0.63185,0.49872,12.51032
15.98519,840.00000,861.41833,0.63186,0.49872,12.51010
15.98619,840.00000,861.41833,0.63187,0.49872,12.50988
15.98719,840.00000,861.41833,0.63188,0.49872,12.50965
15.98819,840.00000,861.41833,0.63190,0.49872,12.50943
15.98919,840.00000,861.41833,0.63191,0.49872,12.50920
15.99019,840.00000,862.24578,0.63192,0.49872,12.50897
15.99119,840.00000,862.24578,0.63193,0.49872,12.50873
15.99219,840.00000,861.41833,0.63194,0.49872,12.50850
15.99319,840.00000,859.35656,0.63196,0.49872,12.50826
15.99419,840.00000,858.94537,0.63197,0.49872,12.50801
15.99519,840.00000,858.94537,0.63198,0.49872,12.50776
15.99619,840.00000,858.12420,0.63199,0.49872,12.50751
15.99719,840.00000,858.12420,0.63201,0.49872,12.50726
15.99819,840.00000,857.30456,0.63202,0.49872,12.50700
15.99919,840.00000,857.30456,0.63203,0.49872,12.50674
16.00019,840.00000,856.48657,0.63205,0.49872,12.50648
16.00119,840.00000,857.30456,0.63206,0.49872,12.50621
16.00219,840.00000,858.12420,0.63207,0.49872,12.50595
16.00319,840.00000,858.12420,0.63209,0.49872,12.50568
16.00419,840.00000,854.85510,0.63210,0.49872,12.50540
16.00519,840.00000,854.85510,0.63211,0.49872,12.50512
16.00619,840.00000,859.76806,0.63213,0.49872,12.50484
16.00719,840.00000,858.94537,0.63214,0.49872,12.50456
16.00819,840.00000,858.94537,0.63216,0.49872,12.50428
16.00919,840.00000,859.76806,0.63217,0.49872,12.50400
16.01019,840.00000,859.76806,0.63218,0.49872,12.50372
16.01119,840.00000,861.41833,0.63220,0.49872,12.50344
16.01219,840.00000,861.41833,0.63221,0.49872,12.50315
16.01319,840.00000,861.41833,0.63223,0.49872,12.50287
16.01419,840.00000,861.41833,0.63224,0.49872,12.50258
16.01520,840.00000,862.24578,0.63226,0.49872,12.50230
16.01619,840.00000,862.24578,0.63227,0.49872,12.50201
16.01719,840.00000,862.24578,0.63229,0.49872,12.50173
16.01819,840.00000,862.24578,0.63230,0.49872,12.50144
16.01919,840.00000,859.76806,0.63231,0.49872,12.50115
16.02019,840.00000,856.48657,0.63233,0.49872,12.50087
16.02119,840.00000,854.85510,0.63234,0.49872,12.50058
16.02219,840.00000,854.85510,0.63236,0.49872,12.50029
16.02319,840.00000,856.48657,0.63237,0.49872,12.50001
16.02419,840.00000,858.12420,0.63239,0.49872,12.49972
16.02519,840.00000,854.85510,0.63240,0.49872,12.49943
16.02619,840.00000,854.85510,0.63242,0.49872,12.49914
16.02719,840.00000,854.85510,0.63243,0.49872,12.49885
16.02819,840.00000,854.85510,0.63245,0.49872,12.49856
16.02919,840.00000,858.12420,0.63246,0.49872,12.49827
16.03019,840.00000,858.12420,0.63247,0.49872,12.49798
16.03119,840.00000,861.41833,0.63249,0.49872,12.49769
16.03219,840.00000,861.41833,0.63250,0.49872,12.49740
16.03319,840.00000,862.24578,0.63252,0.49872,12.49711
16.03419,840.00000,862.24578,0.63253,0.49872,12.49682
16.03519,840.00000,862.24578,0.63255,0.49872,12.49653
16.03619,840.00000,862.24578,0.63256,0.49872,12.49624
16.03719,840.00000,863.07495,0.63258,0.49872,12.49594
16.03819,840.00000,862.24578,0.63259,0.49872,12.49565
16.03919,840.00000,862.24578,0.63261,0.49872,12.49536
16.04019,840.00000,862.24578,0.63262,0.49872,12.49506
16.04119,840.00000,862.24578,0.63264,0.49872,12.49477
16.04219,840.00000,860.59234,0.63265,0.49872,12.49447
16.04319,840.00000,853.22991,0.63267,0.49872,12.49418
16.04418,840.00000,853.22991,0.63268,0.49872,12.49388
16.04519,840.00000,853.22991,0.63270,0.49872,12.49359
16.04619,840.00000,853.22991,0.63271,0.49872,12.49329
16.04719,840.00000,853.22991,0.63273,0.49872,12.49300
16.04820,840.00000,854.04180,0.63274,0.49872,12.49270
16.04919,840.00000,857.30456,0.63276,0.49872,12.49241
16.05019,840.00000,857.30456,0.63277,0.49872,12.49211
16.05119,840.00000,860.59234,0.63279,0.49872,12.49181
16.05219,840.00000,860.59234,0.63280,0.49872,12.49152
16.05319,840.00000,860.59234,0.63282,0.49872,12.49122
16.05419,840.00000,860.59234,0.63283,0.49872,12.49092
16.05519,840.00000,860.59234,0.63285,0.49872,12.49063
16.05619,840.00000,860.59234,0.63286,0.49872,12.49033
16.05719,840.00000,860.59234,0.63288,0.49872,12.49003
16.05819,840.00000,860.59234,0.63289,0.49872,12.48973
16.05919,840.00000,860.59234,0.63291,0.49872,12.48943
16.06019,840.00000,860.59234,0.63292,0.49872,12.48914
16.06119,840.00000,860.59234,0.63294,0.49872,12.48884
16.06219,840.00000,862.24578,0.63295,0.49872,12.48854
16.06319,840.00000,862.24578,0.63297,0.49872,12.48824
16.06419,840.00000,862.24578,0.63298,0.49872,12.48794
16.06519,840.00000,860.59234,0.63300,0.49872,12.48765
16.06619,840.00000,860.59234,0.63301,0.49872,12.48735
16.06719,840.00000,858.12420,0.63303,0.49872,12.48705
16.06819,840.00000,856.48657,0.63304,0.49872,12.48676
16.06919,840.00000,856.48657,0.63306,0.49872,12.48646
16.07019,840.00000,856.48657,0.63307,0.49872,12.48616
16.07119,840.00000,856.48657,0.63309,0.49872,12.48586
16.07219,840.00000,855.67004,0.63310,0.49872,12.48557
16.07319,840.00000,855.67004,0.63312,0.49872,12.48527
16.07419,840.00000,855.67004,0.63313,0.49872,12.48497
16.07519,840.00000,856.48657,0.63315,0.49872,12.48468
16.07619,840.00000,856.48657,0.63316,0.49872,12.48438
16.07719,840.00000,857.30456,0.63318,0.49872,12.48408
16.07819,840.00000,861.41833,0.63319,0.49872,12.48378
16.07919,840.00000,861.41833,0.63321,0.49872,12.48349
16.08019,840.00000,863.07495,0.63322,0.49872,12.48319
16.08119,840.00000,861.41833,0.63324,0.49872,12.48290
16.08219,840.00000,863.07495,0.63325,0.49872,12.48260
16.08319,840.00000,863.07495,0.63327,0.49872,12.48231
16.08419,840.00000,863.07495,0.63328,0.49872,12.48201
16.08519,840.00000,862.24578,0.63330,0.49872,12.48172
16.08619,840.00000,862.24578,0.63331,0.49872,12.48142
16.08719,840.00000,863.07495,0.63333,0.49872,12.48113
16.08819,840.00000,862.24578,0.63334,0.49872,12.48083
16.08919,840.00000,862.24578,0.63336,0.49872,12.48054
16.09019,840.00000,861.41833,0.63337,0.49872,12.48025
16.09119,840.00000,861.41833,0.63339,0.49872,12.47996
16.09219,840.00000,859.76806,0.63340,0.49872,12.47966
16.09319,840.00000,859.76806,0.63342,0.49872,12.47937
16.09419,840.00000,858.94537,0.63343,0.49872,12.47907
16.09519,840.00000,858.94537,0.63345,0.49872,12.47877
16.09619,840.00000,859.76806,0.63346,0.49872,12.47847
16.09719,840.00000,859.76806,0.63348,0.49872,12.47817
16.09819,840.00000,859.76806,0.63349,0.49872,12.47787
16.09919,840.00000,859.76806,0.63351,0.49872,12.47757
16.10019,840.00000,859.76806,0.63353,0.49872,12.47726
16.10119,840.00000,862.24578,0.63354,0.49872,12.47696
16.10219,840.00000,862.24578,0.63356,0.49872,12.47665
16.10320,840.00000,862.24578,0.63357,0.49872,12.47634
16.10422,840.00000,862.24578,0.63359,0.49872,12.47603
16.10519,840.00000,862.24578,0.63360,0.49872,12.47572
16.10619,840.00000,862.24578,0.63362,0.49872,12.47541
16.10719,840.00000,862.24578,0.63364,0.49872,12.47510
16.10819,840.00000,860.59234,0.63365,0.49872,12.47478
16.10919,840.00000,860.59234,0.63367,0.49872,12.47447
16.11019,840.00000,860.59234,0.63368,0.49872,12.47415
16.11119,840.00000,860.59234,0.63370,0.49872,12.47384
16.11219,840.00000,859.76806,0.63372,0.49872,12.47352
16.11319,840.00000,856.48657,0.63373,0.49872,12.47320
16.11419,840.00000,854.04180,0.63375,0.49872,12.47288
16.11519,840.00000,852.41961,0.63376,0.49872,12.47256
16.11619,840.00000,852.41961,0.63378,0.49872,12.47224
16.11719,840.00000,852.41961,0.63380,0.49872,12.47191
16.11819,840.00000,852.41961,0.63381,0.49872,12.47159
16.11919,840.00000,852.41961,0.63383,0.49872,12.47126
16.12019,840.00000,852.41961,0.63385,0.49872,12.47093
16.12119,840.00000,852.41961,0.63386,0.49872,12.47060
16.12219,840.00000,852.41961,0.63388,0.49872,12.47027
16.12319,840.00000,853.22991,0.63390,0.49872,12.46995
16.12419,840.00000,854.04180,0.63391,0.49872,12.46962
16.12519,840.00000,854.04180,0.63393,0.49872,12.46929
16.12619,840.00000,859.76806,0.63395,0.49872,12.46896
16.12719,840.00000,859.76806,0.63396,0.49872,12.46863
16.12819,840.00000,863.90557,0.63398,0.49872,12.46829
16.12919,840.00000,859.76806,0.63400,0.49872,12.46796
16.13019,840.00000,863.90557,0.63401,0.49872,12.46763
16.13119,840.00000,863.90557,0.63403,0.49872,12.46730
16.13219,840.00000,863.90557,0.63405,0.49872,12.46696
16.13319,840.00000,863.90557,0.63407,0.49872,12.46663
16.13419,840.00000,868.08306,0.63408,0.49872,12.46629
16.13519,840.00000,868.08306,0.63410,0.49872,12.46596
16.13619,840.00000,861.41833,0.63412,0.49872,12.46562
16.13719,840.00000,861.41833,0.63413,0.49872,12.46528
16.13819,840.00000,861.41833,0.63415,0.49872,12.46495
16.13919,840.00000,861.41833,0.63417,0.49872,12.46461
16.14019,840.00000,859.76806,0.63419,0.49872,12.46428
16.14119,840.00000,859.76806,0.63420,0.49872,12.46395
16.14219,840.00000,856.48657,0.63422,0.49872,12.46362
16.14319,840.00000,855.67004,0.63424,0.49872,12.46329
16.14419,840.00000,855.67004,0.63425,0.49872,12.46296
16.14519,840.00000,855.67004,0.63427,0.49872,12.46263
16.14619,840.00000,854.85510,0.63429,0.49872,12.46231
16.14719,840.00000,854.85510,0.63430,0.49872,12.46198
16.14819,840.00000,854.04180,0.63432,0.49872,12.46166
16.14919,840.00000,854.85510,0.63433,0.49872,12.46134
16.15019,840.00000,855.67004,0.63435,0.49872,12.46102
16.15119,840.00000,856.48657,0.63437,0.49872,12.46070
16.15219,840.00000,857.30456,0.63438,0.49872,12.46039
16.15319,840.00000,860.59234,0.63440,0.49872,12.46007
16.15419,840.00000,860.59234,0.63441,0.49872,12.45977
16.15519,840.00000,860.59234,0.63443,0.49872,12.45946
16.15619,840.00000,860.59234,0.63445,0.49872,12.45916
16.15719,840.00000,860.59234,0.63446,0.49872,12.45886
16.15819,840.00000,860.59234,0.63448,0.49872,12.45856
16.15919,840.00000,860.59234,0.63449,0.49872,12.45827
16.16019,840.00000,858.94537,0.63451,0.49872,12.45798
16.16119,840.00000,858.94537,0.63452,0.49872,12.45769
16.16219,840.00000,858.94537,0.63453,0.49872,12.45741
16.16319,840.00000,858.94537,0.63455,0.49872,12.45712
16.16419,840.00000,861.41833,0.63456,0.49872,12.45685
16.16519,840.00000,859.76806,0.63458,0.49872,12.45658
16.16619,840.00000,859.76806,0.63459,0.49872,12.45631
16.16719,840.00000,860.59234,0.63460,0.49872,12.45605
16.16819,840.00000,860.59234,0.63462,0.49872,12.45579
16.16919,840.00000,860.59234,0.63463,0.49872,12.45553
16.17019,840.00000,860.59234,0.63464,0.49872,12.45529
16.17119,840.00000,861.41833,0.63466,0.49872,12.45504
16.17219,840.00000,861.41833,0.63467,0.49872,12.45481
16.17319,840.00000,861.41833,0.63468,0.49872,12.45457
16.17419,840.00000,861.41833,0.63469,0.49872,12.45434
16.17519,840.00000,860.59234,0.63470,0.49872,12.45412
16.17619,840.00000,861.41833,0.63471,0.49872,12.45389
16.17719,840.00000,860.59234,0.63473,0.49872,12.45368
16.17819,840.00000,860.59234,0.63474,0.49872,12.45346
16.17919,840.00000,860.59234,0.63475,0.49872,12.45325
16.18019,840.00000,861.41833,0.63476,0.49872,12.45304
16.18119,840.00000,860.59234,0.63477,0.49872,12.45284
16.18219,840.00000,861.41833,0.63478,0.49872,12.45264
16.18319,840.00000,861.41833,0.63479,0.49872,12.45244
16.18419,840.00000,860.59234,0.63480,0.49872,12.45225
16.18519,840.00000,860.59234,0.63481,0.49872,12.45207
16.18619,840.00000,860.59234,0.63482,0.49872,12.45188
16.18719,840.00000,860.59234,0.63483,0.49872,12.45170
16.18819,840.00000,860.59234,0.63483,0.49872,12.45153
16.18919,840.00000,860.59234,0.63484,0.49872,12.45136
16.19019,840.00000,860.59234,0.63485,0.49872,12.45119
16.19119,840.00000,860.59234,0.63486,0.49872,12.45103
16.19219,840.00000,860.59234,0.63487,0.49872,12.45088
16.19319,840.00000,860.59234,0.63488,0.49872,12.45072
16.19419,840.00000,859.76806,0.63488,0.49872,12.45057
16.19519,840.00000,860.59234,0.63489,0.49872,12.45042
16.19619,840.00000,860.59234,0.63490,0.49872,12.45028
16.19719,840.00000,860.59234,0.63491,0.49872,12.45014
16.19819,840.00000,860.59234,0.63491,0.49872,12.45001
16.19919,840.00000,860.59234,0.63492,0.49872,12.44988
16.20019,840.00000,860.59234,0.63493,0.49872,12.44975
16.20119,840.00000,860.59234,0.63493,0.49872,12.44963
16.20219,840.00000,854.85510,0.63494,0.49872,12.44951
16.20319,840.00000,854.85510,0.63494,0.49872,12.44940
16.20419,840.00000,854.85510,0.63495,0.49872,12.44929
16.20519,840.00000,854.85510,0.63495,0.49872,12.44918
16.20619,840.00000,854.85510,0.63496,0.49872,12.44908
16.20719,840.00000,857.30456,0.63496,0.49872,12.44898
16.20819,840.00000,857.30456,0.63497,0.49872,12.44888
16.20919,840.00000,857.30456,0.63497,0.49872,12.44879
16.21019,840.00000,854.85510,0.63498,0.49872,12.44870
16.21119,840.00000,857.30456,0.63498,0.49872,12.44861
16.21219,840.00000,863.90557,0.63499,0.49872,12.44853
16.21319,840.00000,863.90557,0.63499,0.49872,12.44845
16.21419,840.00000,863.90557,0.63500,0.49872,12.44838
16.21519,840.00000,863.90557,0.63500,0.49872,12.44830
16.21619,840.00000,863.90557,0.63500,0.49872,12.44823
16.21719,840.00000,863.90557,0.63501,0.49872,12.44817
16.21819,840.00000,863.90557,0.63501,0.49872,12.44810
16.21920,840.00000,863.90557,0.63501,0.49872,12.44804
16.22019,840.00000,862.24578,0.63502,0.49872,12.44799
16.22119,840.00000,862.24578,0.63502,0.49872,12.44794
16.22219,840.00000,862.24578,0.63502,0.49872,12.44789
16.22319,840.00000,862.24578,0.63502,0.49872,12.44784
16.22419,840.00000,861.41833,0.63502,0.49872,12.44780
16.22519,840.00000,860.59234,0.63503,0.49872,12.44776
16.22619,840.00000,858.94537,0.63503,0.49872,12.44772
16.22719,840.00000,860.59234,0.63503,0.49872,12.44769
16.22819,840.00000,858.94537,0.63503,0.49872,12.44766
16.22919,840.00000,858.94537,0.63503,0.49872,12.44763
16.23019,840.00000,859.76806,0.63503,0.49872,12.44762
16.23119,840.00000,860.59234,0.63503,0.49872,12.44760
16.23219,840.00000,860.59234,0.63504,0.49872,12.44759
16.23319,840.00000,860.59234,0.63504,0.49872,12.44759
16.23419,840.00000,860.59234,0.63504,0.49872,12.44760
16.23519,840.00000,860.59234,0.63503,0.49872,12.44760
16.23619,840.00000,860.59234,0.63503,0.49872,12.44762
16.23719,840.00000,861.41833,0.63503,0.49872,12.44763
16.23819,840.00000,861.41833,0.63503,0.49872,12.44766
16.23919,840.00000,861.41833,0.63503,0.49872,12.44768
16.24019,840.00000,861.41833,0.63503,0.49872,12.44771
16.24119,840.00000,861.41833,0.63503,0.49872,12.44773
16.24219,840.00000,861.41833,0.63503,0.49872,12.44776
16.24319,840.00000,861.41833,0.63502,0.49872,12.44780
16.24419,840.00000,861.41833,0.63502,0.49872,12.44783
16.24519,840.00000,861.41833,0.63502,0.49872,12.44787
16.24619,840.00000,860.59234,0.63502,0.49872,12.44791
16.24719,840.00000,861.41833,0.63502,0.49872,12.44796
16.24819,840.00000,861.41833,0.63501,0.49872,12.44800
16.24919,840.00000,859.76806,0.63501,0.49872,12.44805
16.25020,840.00000,860.59234,0.63501,0.49872,12.44810
16.25122,840.00000,859.76806,0.63501,0.49872,12.44815
16.25219,840.00000,858.94537,0.63500,0.49872,12.44821
16.25319,840.00000,858.94537,0.63500,0.49872,12.44826
16.25419,840.00000,858.94537,0.63500,0.49872,12.44832
16.25519,840.00000,860.59234,0.63499,0.49872,12.44839
16.25619,840.00000,860.59234,0.63499,0.49872,12.44845
16.25719,840.00000,860.59234,0.63499,0.49872,12.44852
16.25819,840.00000,860.59234,0.63498,0.49872,12.44858
16.25919,840.00000,860.59234,0.63498,0.49872,12.44865
16.26019,840.00000,859.76806,0.63498,0.49872,12.44872
16.26119,840.00000,861.41833,0.63497,0.49872,12.44879
16.26219,840.00000,861.41833,0.63497,0.49872,12.44886
16.26319,840.00000,861.41833,0.63497,0.49872,12.44893
16.26419,840.00000,861.41833,0.63496,0.49872,12.44900
16.26519,840.00000,859.76806,0.63496,0.49872,12.44907
16.26619,840.00000,860.59234,0.63496,0.49872,12.44915
16.26719,840.00000,859.76806,0.63495,0.49872,12.44922
16.26819,840.00000,859.76806,0.63495,0.49872,12.44929
16.26919,840.00000,859.76806,0.63494,0.49872,12.44937
16.27019,840.00000,859.76806,0.63494,0.49872,12.44944
16.27119,840.00000,859.76806,0.63494,0.49872,12.44951
16.27219,840.00000,860.59234,0.63493,0.49872,12.44959
16.27319,840.00000,860.59234,0.63493,0.49872,12.44966
16.27419,840.00000,860.59234,0.63493,0.49872,12.44973
16.27519,840.00000,860.59234,0.63492,0.49872,12.44981
16.27619,840.00000,859.76806,0.63492,0.49872,12.44988
16.27719,840.00000,860.59234,0.63491,0.49872,12.44996
16.27819,840.00000,860.59234,0.63491,0.49872,12.45003
16.27919,840.00000,860.59234,0.63491,0.49872,12.45010
16.28019,840.00000,860.59234,0.63490,0.49872,12.45018
16.28119,840.00000,860.59234,0.63490,0.49872,12.45025
16.28219,840.00000,860.59234,0.63490,0.49872,12.45032
16.28319,840.00000,860.59234,0.63489,0.49872,12.45040
16.28419,840.00000,860.59234,0.63489,0.49872,12.45047
16.28519,840.00000,860.59234,0.63488,0.49872,12.45055
16.28619,840.00000,860.59234,0.63488,0.49872,12.45062
16.28719,840.00000,863.07495,0.63488,0.49872,12.45069
16.28819,840.00000,862.24578,0.63487,0.49872,12.45077
16.28919,840.00000,862.24578,0.63487,0.49872,12.45084
16.29019,840.00000,862.24578,0.63487,0.49872,12.45092
16.29119,840.00000,862.24578,0.63486,0.49872,12.45099
16.29219,840.00000,862.24578,0.63486,0.49872,12.45107
16.29319,840.00000,862.24578,0.63485,0.49872,12.45114
16.29419,840.00000,862.24578,0.63485,0.49872,12.45122
16.29519,840.00000,862.24578,0.63485,0.49872,12.45130
16.29619,840.00000,862.24578,0.63484,0.49872,12.45137
16.29719,840.00000,860.59234,0.63484,0.49872,12.45145
16.29819,840.00000,859.76806,0.63483,0.49872,12.45152
16.29919,840.00000,860.59234,0.63483,0.49872,12.45160
16.30019,840.00000,860.59234,0.63483,0.49872,12.45168
16.30119,840.00000,860.59234,0.63482,0.49872,12.45175
16.30219,840.00000,859.76806,0.63482,0.49872,12.45183
16.30319,840.00000,859.76806,0.63482,0.49872,12.45190
16.30419,840.00000,859.76806,0.63481,0.49872,12.45198
16.30519,840.00000,860.59234,0.63481,0.49872,12.45205
16.30619,840.00000,861.41833,0.63480,0.49872,12.45213
16.30719,840.00000,861.41833,0.63480,0.49872,12.45221
16.30819,840.00000,861.41833,0.63480,0.49872,12.45228
16.30919,840.00000,861.41833,0.63479,0.49872,12.45236
16.31019,840.00000,861.41833,0.63479,0.49872,12.45244
16.31119,840.00000,860.59234,0.63478,0.49872,12.45251
16.31219,840.00000,858.94537,0.63478,0.49872,12.45259
16.31319,840.00000,858.94537,0.63478,0.49872,12.45267
16.31419,840.00000,858.94537,0.63477,0.49872,12.45274
16.31519,840.00000,858.94537,0.63477,0.49872,12.45282
16.31619,840.00000,858.94537,0.63476,0.49872,12.45290
16.31719,840.00000,858.94537,0.63476,0.49872,12.45297
16.31819,840.00000,858.94537,0.63476,0.49872,12.45304
16.31919,840.00000,857.30456,0.63475,0.49872,12.45311
16.32019,840.00000,857.30456,0.63475,0.49872,12.45318
16.32119,840.00000,857.30456,0.63475,0.49872,12.45325
16.32219,840.00000,857.30456,0.63474,0.49872,12.45332
16.32319,840.00000,859.76806,0.63474,0.49872,12.45338
16.32419,840.00000,858.94537,0.63474,0.49872,12.45344
16.32519,840.00000,859.76806,0.63473,0.49872,12.45350
16.32619,840.00000,859.76806,0.63473,0.49872,12.45356
16.32719,840.00000,858.94537,0.63473,0.49872,12.45362
16.32819,840.00000,859.76806,0.63473,0.49872,12.45367
16.32919,840.00000,859.76806,0.63472,0.49872,12.45373
16.33019,840.00000,859.76806,0.63472,0.49872,12.45378
16.33119,840.00000,862.24578,0.63472,0.49872,12.45383
16.33219,840.00000,862.24578,0.63471,0.49872,12.45388
16.33319,840.00000,862.24578,0.63471,0.49872,12.45392
16.33419,840.00000,862.24578,0.63471,0.49872,12.45397
16.33519,840.00000,862.24578,0.63471,0.49872,12.45401
16.33619,840.00000,862.24578,0.63471,0.49872,12.45405
16.33719,840.00000,860.59234,0.63470,0.49872,12.45409
16.33819,840.00000,862.24578,0.63470,0.49872,12.45413
16.33919,840.00000,862.24578,0.63470,0.49872,12.45416
16.34019,840.00000,860.59234,0.63470,0.49872,12.45420
16.34119,840.00000,861.41833,0.63470,0.49872,12.45423
16.34219,840.00000,861.41833,0.63470,0.49872,12.45426
16.34319,840.00000,860.59234,0.63469,0.49872,12.45429
16.34419,840.00000,860.59234,0.63469,0.49872,12.45432
16.34519,840.00000,860.59234,0.63469,0.49872,12.45434
16.34619,840.00000,860.59234,0.63469,0.49872,12.45437
16.34719,840.00000,860.59234,0.63469,0.49872,12.45439
16.34819,840.00000,860.59234,0.63469,0.49872,12.45441
16.34919,840.00000,860.59234,0.63469,0.49872,12.45443
16.35019,840.00000,860.59234,0.63469,0.49872,12.45445
16.35119,840.00000,860.59234,0.63468,0.49872,12.45447
16.35219,840.00000,860.59234,0.63468,0.49872,12.45449
16.35319,840.00000,860.59234,0.63468,0.49872,12.45450
16.35419,840.00000,860.59234,0.63468,0.49872,12.45452
16.35519,840.00000,860.59234,0.63468,0.49872,12.45453
16.35619,840.00000,860.59234,0.63468,0.49872,12.45454
16.35719,840.00000,859.76806,0.63468,0.49872,12.45455
16.35819,840.00000,858.94537,0.63468,0.49872,12.45456
16.35919,840.00000,858.94537,0.63468,0.49872,12.45456
16.36019,840.00000,858.94537,0.63468,0.49872,12.45456
16.36119,840.00000,857.30456,0.63468,0.49872,12.45455
16.36219,840.00000,857.30456,0.63468,0.49872,12.45454
16.36319,840.00000,868.92340,0.63468,0.49872,12.45453
16.36419,840.00000,857.30456,0.63468,0.49872,12.45451
16.36519,840.00000,857.30456,0.63468,0.49872,12.45449
16.36619,840.00000,857.30456,0.63468,0.49872,12.45447
16.36719,840.00000,857.30456,0.63469,0.49872,12.45445
16.36819,840.00000,875.70526,0.63469,0.49872,12.45442
16.36919,840.00000,857.30456,0.63469,0.49872,12.45439
16.37019,840.00000,855.67004,0.63469,0.49872,12.45436
16.37119,840.00000,863.90557,0.63469,0.49872,12.45432
16.37219,840.00000,863.90557,0.63469,0.49872,12.45429
16.37319,840.00000,862.24578,0.63470,0.49872,12.45425
16.37419,840.00000,862.24578,0.63470,0.49872,12.45421
16.37519,840.00000,863.90557,0.63470,0.49872,12.45417
16.37619,840.00000,863.90557,0.63470,0.49872,12.45413
16.37719,840.00000,863.90557,0.63470,0.49872,12.45409
16.37819,840.00000,863.90557,0.63471,0.49872,12.45405
16.37919,840.00000,863.90557,0.63471,0.49872,12.45401
16.38019,840.00000,863.90557,0.63471,0.49872,12.45397
16.38119,840.00000,864.73785,0.63471,0.49872,12.45392
16.38219,840.00000,864.73785,0.63471,0.49872,12.45388
16.38319,840.00000,863.90557,0.63472,0.49872,12.45383
16.38419,840.00000,863.90557,0.63472,0.49872,12.45379
16.38519,840.00000,863.90557,0.63472,0.49872,12.45374
16.38619,840.00000,863.90557,0.63472,0.49872,12.45369
16.38719,840.00000,863.90557,0.63473,0.49872,12.45364
16.38819,840.00000,863.90557,0.63473,0.49872,12.45359
16.38919,840.00000,863.07495,0.63473,0.49872,12.45354
16.39019,840.00000,863.07495,0.63473,0.49872,12.45349
16.39119,840.00000,863.07495,0.63474,0.49872,12.45343
16.39219,840.00000,863.07495,0.63474,0.49872,12.45338
16.39319,840.00000,863.90557,0.63474,0.49872,12.45333
16.39419,840.00000,863.07495,0.63475,0.49872,12.45327
16.39519,840.00000,863.07495,0.63475,0.49872,12.45322
16.39620,840.00000,863.07495,0.63475,0.49872,12.45316
16.39726,840.00000,863.07495,0.63475,0.49872,12.45309
16.39823,840.00000,862.24578,0.63476,0.49872,12.45303
16.39923,840.00000,860.59234,0.63476,0.49872,12.45296
16.40021,840.00000,860.59234,0.63477,0.49872,12.45289
16.40128,840.00000,858.94537,0.63477,0.49872,12.45282
16.40220,840.00000,858.94537,0.63477,0.49872,12.45274
16.40322,840.00000,858.94537,0.63478,0.49872,12.45266
16.40419,840.00000,858.94537,0.63478,0.49872,12.45258
16.40519,840.00000,858.94537,0.63479,0.49872,12.45250
16.40619,840.00000,858.94537,0.63479,0.49872,12.45241
16.40719,840.00000,858.94537,0.63479,0.49872,12.45232
16.40819,840.00000,861.41833,0.63480,0.49872,12.45223
16.40919,840.00000,862.24578,0.63480,0.49872,12.45214
16.41019,840.00000,862.24578,0.63481,0.49872,12.45205
16.41119,840.00000,862.24578,0.63481,0.49872,12.45195
16.41219,840.00000,862.24578,0.63482,0.49872,12.45186
16.41319,840.00000,863.07495,0.63482,0.49872,12.45175
16.41419,840.00000,863.07495,0.63483,0.49872,12.45165
16.41519,840.00000,863.07495,0.63483,0.49872,12.45154
16.41619,840.00000,863.07495,0.63484,0.49872,12.45142
16.41719,840.00000,863.07495,0.63485,0.49872,12.45130
16.41819,840.00000,863.07495,0.63485,0.49872,12.45118
16.41919,840.00000,863.07495,0.63486,0.49872,12.45105
16.42019,840.00000,860.59234,0.63487,0.49872,12.45092
16.42119,840.00000,860.59234,0.63487,0.49872,12.45078
16.42219,840.00000,861.41833,0.63488,0.49872,12.45065
16.42319,840.00000,861.41833,0.63489,0.49872,12.45051
16.42419,840.00000,861.41833,0.63489,0.49872,12.45036
16.42519,840.00000,861.41833,0.63490,0.49872,12.45021
16.42619,840.00000,861.41833,0.63491,0.49872,12.45006
16.42719,840.00000,861.41833,0.63492,0.49872,12.44990
16.42819,840.00000,861.41833,0.63493,0.49872,12.44974
16.42919,840.00000,861.41833,0.63493,0.49872,12.44958
16.43019,840.00000,861.41833,0.63494,0.49872,12.44942
16.43119,840.00000,861.41833,0.63495,0.49872,12.44925
16.43219,840.00000,861.41833,0.63496,0.49872,12.44907
16.43319,840.00000,861.41833,0.63497,0.49872,12.44889
16.43419,840.00000,860.59234,0.63498,0.49872,12.44871
16.43519,840.00000,860.59234,0.63499,0.49872,12.44853
16.43619,840.00000,860.59234,0.63500,0.49872,12.44834
16.43719,840.00000,860.59234,0.63501,0.49872,12.44816
16.43819,840.00000,860.59234,0.63502,0.49872,12.44796
16.43919,840.00000,860.59234,0.63503,0.49872,12.44777
16.44019,840.00000,860.59234,0.63504,0.49872,12.44757
16.44119,840.00000,858.94537,0.63505,0.49872,12.44736
16.44219,840.00000,858.94537,0.63506,0.49872,12.44716
16.44319,840.00000,858.94537,0.63507,0.49872,12.44695
16.44419,840.00000,860.59234,0.63508,0.49872,12.44674
16.44519,840.00000,858.94537,0.63509,0.49872,12.44653
16.44619,840.00000,858.94537,0.63510,0.49872,12.44631
16.44719,840.00000,858.94537,0.63511,0.49872,12.44610
16.44819,840.00000,858.94537,0.63512,0.49872,12.44588
16.44919,840.00000,861.41833,0.63513,0.49872,12.44566
16.45019,840.00000,861.41833,0.63515,0.49872,12.44544
16.45119,840.00000,861.41833,0.63516,0.49872,12.44521
16.45219,840.00000,861.41833,0.63517,0.49872,12.44498
16.45319,840.00000,861.41833,0.63518,0.49872,12.44475
16.45419,840.00000,861.41833,0.63519,0.49872,12.44452
16.45519,840.00000,867.24438,0.63520,0.49872,12.44429
16.45619,840.00000,867.24438,0.63522,0.49872,12.44405
16.45719,840.00000,867.24438,0.63523,0.49872,12.44381
16.45819,840.00000,867.24438,0.63524,0.49872,12.44356
16.45919,840.00000,863.90557,0.63525,0.49872,12.44332
16.46019,840.00000,863.90557,0.63527,0.49872,12.44307
16.46119,840.00000,861.41833,0.63528,0.49872,12.44282
16.46219,840.00000,861.41833,0.63529,0.49872,12.44257
16.46319,840.00000,861.41833,0.63530,0.49872,12.44231
16.46419,840.00000,858.12420,0.63532,0.49872,12.44206
16.46519,840.00000,858.12420,0.63533,0.49872,12.44181
16.46619,840.00000,861.41833,0.63534,0.49872,12.44155
16.46719,840.00000,861.41833,0.63536,0.49872,12.44130
16.46819,840.00000,862.24578,0.63537,0.49872,12.44105
16.46919,840.00000,862.24578,0.63538,0.49872,12.44079
16.47019,840.00000,862.24578,0.63540,0.49872,12.44054
16.47119,840.00000,868.92340,0.63541,0.49872,12.44028
16.47219,840.00000,868.92340,0.63542,0.49872,12.44003
16.47319,840.00000,868.92340,0.63543,0.49872,12.43977
16.47419,840.00000,868.92340,0.63545,0.49872,12.43951
16.47519,840.00000,863.07495,0.63546,0.49872,12.43926
16.47619,840.00000,863.07495,0.63547,0.49872,12.43900
16.47719,840.00000,862.24578,0.63549,0.49872,12.43874
16.47819,840.00000,863.07495,0.63550,0.49872,12.43849
16.47919,840.00000,862.24578,0.63551,0.49872,12.43823
16.48019,840.00000,860.59234,0.63553,0.49872,12.43797
16.48119,840.00000,860.59234,0.63554,0.49872,12.43771
16.48219,840.00000,860.59234,0.63555,0.49872,12.43746
16.48319,840.00000,859.76806,0.63557,0.49872,12.43720
16.48419,840.00000,859.76806,0.63558,0.49872,12.43694
16.48519,840.00000,859.76806,0.63559,0.49872,12.43668
16.48619,840.00000,859.76806,0.63561,0.49872,12.43641
16.48719,840.00000,859.76806,0.63562,0.49872,12.43615
16.48819,840.00000,859.76806,0.63563,0.49872,12.43588
16.48919,840.00000,859.76806,0.63565,0.49872,12.43561
16.49019,840.00000,859.76806,0.63566,0.49872,12.43533
16.49119,840.00000,859.76806,0.63568,0.49872,12.43506
16.49219,840.00000,859.76806,0.63569,0.49872,12.43479
16.49319,840.00000,859.76806,0.63570,0.49872,12.43451
16.49419,840.00000,859.76806,0.63572,0.49872,12.43423
16.49519,840.00000,860.59234,0.63573,0.49872,12.43395
16.49619,840.00000,868.08306,0.63575,0.49872,12.43366
16.49719,840.00000,868.08306,0.63576,0.49872,12.43338
16.49819,840.00000,867.24438,0.63578,0.49872,12.43309
16.49919,840.00000,867.24438,0.63579,0.49872,12.43280
16.50019,840.00000,867.24438,0.63581,0.49872,12.43251
16.50119,840.00000,861.41833,0.63582,0.49872,12.43222
16.50219,840.00000,867.24438,0.63584,0.49872,12.43193
16.50319,840.00000,867.24438,0.63585,0.49872,12.43163
16.50419,840.00000,867.24438,0.63587,0.49872,12.43133
16.50519,840.00000,867.24438,0.63588,0.49872,12.43103
16.50619,840.00000,866.40722,0.63590,0.49872,12.43073
16.50719,840.00000,866.40722,0.63591,0.49872,12.43043
16.50819,840.00000,866.40722,0.63593,0.49872,12.43013
16.50919,840.00000,862.24578,0.63594,0.49872,12.42982
16.51019,840.00000,862.24578,0.63596,0.49872,12.42952
16.51119,840.00000,866.40722,0.63597,0.49872,12.42921
16.51219,840.00000,866.40722,0.63599,0.49872,12.42890
16.51319,840.00000,862.24578,0.63601,0.49872,12.42859
16.51419,840.00000,862.24578,0.63602,0.49872,12.42828
16.51519,840.00000,861.41833,0.63604,0.49872,12.42797
16.51619,840.00000,861.41833,0.63605,0.49872,12.42765
16.51719,840.00000,861.41833,0.63607,0.49872,12.42734
16.51819,840.00000,861.41833,0.63609,0.49872,12.42702
16.51919,840.00000,863.90557,0.63610,0.49872,12.42670
16.52019,840.00000,863.90557,0.63612,0.49872,12.42639
16.52119,840.00000,861.41833,0.63614,0.49872,12.42607
16.52219,840.00000,861.41833,0.63615,0.49872,12.42575
16.52319,840.00000,861.41833,0.63617,0.49872,12.42543
16.52419,840.00000,861.41833,0.63618,0.49872,12.42511
16.52519,840.00000,861.41833,0.63620,0.49872,12.42479
16.52619,840.00000,861.41833,0.63622,0.49872,12.42447
16.52719,840.00000,858.94537,0.63623,0.49872,12.42414
16.52819,840.00000,858.94537,0.63625,0.49872,12.42382
16.52919,840.00000,858.94537,0.63627,0.49872,12.42349
16.53019,840.00000,858.94537,0.63628,0.49872,12.42317
16.53119,840.00000,858.94537,0.63630,0.49872,12.42284
16.53219,840.00000,859.76806,0.63632,0.49872,12.42251
16.53319,840.00000,859.76806,0.63633,0.49872,12.42219
16.53419,840.00000,858.94537,0.63635,0.49872,12.42186
16.53519,840.00000,859.76806,0.63637,0.49872,12.42153
16.53619,840.00000,859.76806,0.63638,0.49872,12.42120
16.53719,840.00000,860.59234,0.63640,0.49872,12.42087
16.53819,840.00000,860.59234,0.63642,0.49872,12.42054
16.53919,840.00000,860.59234,0.63644,0.49872,12.42020
16.54019,840.00000,860.59234,0.63645,0.49872,12.41986
16.54119,840.00000,859.76806,0.63647,0.49872,12.41952
16.54219,840.00000,859.76806,0.63649,0.49872,12.41917
16.54322,840.00000,860.59234,0.63651,0.49872,12.41883
16.54419,840.00000,860.59234,0.63652,0.49872,12.41848
16.54519,840.00000,860.59234,0.63654,0.49872,12.41813
16.54619,840.00000,860.59234,0.63656,0.49872,12.41777
16.54719,840.00000,858.12420,0.63658,0.49872,12.41742
16.54819,840.00000,858.12420,0.63660,0.49872,12.41706
16.54919,840.00000,856.48657,0.63662,0.49872,12.41669
16.55019,840.00000,856.48657,0.63663,0.49872,12.41633
16.55119,840.00000,858.12420,0.63665,0.49872,12.41596
16.55219,840.00000,858.12420,0.63667,0.49872,12.41560
16.55319,840.00000,856.48657,0.63669,0.49872,12.41522
16.55419,840.00000,856.48657,0.63671,0.49872,12.41485
16.55519,840.00000,856.48657,0.63673,0.49872,12.41448
16.55619,840.00000,856.48657,0.63675,0.49872,12.41410
16.55719,840.00000,855.67004,0.63677,0.49872,12.41372
16.55819,840.00000,855.67004,0.63679,0.49872,12.41334
16.55919,840.00000,859.76806,0.63681,0.49872,12.41296
16.56019,840.00000,859.76806,0.63683,0.49872,12.41258
16.56119,840.00000,855.67004,0.63685,0.49872,12.41219
16.56219,840.00000,858.94537,0.63687,0.49872,12.41180
16.56319,840.00000,859.76806,0.63689,0.49872,12.41141
16.56419,840.00000,859.76806,0.63691,0.49872,12.41102
16.56519,840.00000,859.76806,0.63693,0.49872,12.41063
16.56619,840.00000,859.76806,0.63695,0.49872,12.41023
16.56720,840.00000,859.76806,0.63697,0.49872,12.40983
16.56819,840.00000,858.94537,0.63699,0.49872,12.40943
16.56919,840.00000,858.94537,0.63701,0.49872,12.40903
16.57019,840.00000,859.76806,0.63703,0.49872,12.40863
16.57119,840.00000,867.24438,0.63705,0.49872,12.40823
16.57219,840.00000,867.24438,0.63707,0.49872,12.40782
16.57319,840.00000,868.08306,0.63709,0.49872,12.40741
16.57419,840.00000,868.08306,0.63711,0.49872,12.40700
16.57519,840.00000,867.24438,0.63713,0.49872,12.40659
16.57619,840.00000,868.08306,0.63715,0.49872,12.40618
16.57719,840.00000,868.92340,0.63718,0.49872,12.40577
16.57819,840.00000,868.08306,0.63720,0.49872,12.40535
16.57919,840.00000,868.08306,0.63722,0.49872,12.40494
16.58019,840.00000,868.08306,0.63724,0.49872,12.40452
16.58119,840.00000,868.08306,0.63726,0.49872,12.40409
16.58219,840.00000,863.90557,0.63728,0.49872,12.40366
16.58319,840.00000,863.07495,0.63731,0.49872,12.40323
16.58419,840.00000,862.24578,0.63733,0.49872,12.40280
16.58519,840.00000,863.07495,0.63735,0.49872,12.40236
16.58619,840.00000,862.24578,0.63737,0.49872,12.40191
16.58719,840.00000,861.41833,0.63740,0.49872,12.40147
16.58819,840.00000,861.41833,0.63742,0.49872,12.40102
16.58919,840.00000,861.41833,0.63744,0.49872,12.40057
16.59019,840.00000,861.41833,0.63747,0.49872,12.40012
16.59119,840.00000,861.41833,0.63749,0.49872,12.39966
16.59219,840.00000,861.41833,0.63751,0.49872,12.39921
16.59319,840.00000,861.41833,0.63754,0.49872,12.39875
16.59419,840.00000,861.41833,0.63756,0.49872,12.39828
16.59519,840.00000,861.41833,0.63758,0.49872,12.39782
16.59618,840.00000,861.41833,0.63761,0.49872,12.39735
16.59719,840.00000,861.41833,0.63763,0.49872,12.39688
16.59819,840.00000,861.41833,0.63766,0.49872,12.39641
16.59919,840.00000,857.30456,0.63768,0.49872,12.39594
16.60019,840.00000,861.41833,0.63771,0.49872,12.39546
16.60119,840.00000,861.41833,0.63773,0.49872,12.39499
16.60219,840.00000,861.41833,0.63775,0.49872,12.39452
16.60319,840.00000,861.41833,0.63778,0.49872,12.39405
16.60419,840.00000,861.41833,0.63780,0.49872,12.39357
16.60519,840.00000,861.41833,0.63783,0.49872,12.39310
16.60619,840.00000,860.59234,0.63785,0.49872,12.39263
16.60719,840.00000,860.59234,0.63788,0.49872,12.39215
16.60819,840.00000,860.59234,0.63790,0.49872,12.39168
16.60919,840.00000,861.41833,0.63793,0.49872,12.39120
16.61019,840.00000,860.59234,0.63795,0.49872,12.39073
16.61119,840.00000,860.59234,0.63797,0.49872,12.39025
16.61219,840.00000,860.59234,0.63800,0.49872,12.38978
16.61319,840.00000,860.59234,0.63802,0.49872,12.38930
16.61419,840.00000,860.59234,0.63805,0.49872,12.38882
16.61519,840.00000,865.57177,0.63807,0.49872,12.38835
16.61619,840.00000,865.57177,0.63810,0.49872,12.38787
16.61719,840.00000,865.57177,0.63812,0.49872,12.38740
16.61819,840.00000,866.40722,0.63815,0.49872,12.38692
16.61919,840.00000,866.40722,0.63817,0.49872,12.38644
16.62019,840.00000,866.40722,0.63819,0.49872,12.38596
16.62119,840.00000,866.40722,0.63822,0.49872,12.38549
16.62219,840.00000,866.40722,0.63824,0.49872,12.38501
16.62319,840.00000,866.40722,0.63827,0.49872,12.38453
16.62419,840.00000,866.40722,0.63829,0.49872,12.38406
16.62519,840.00000,866.40722,0.63832,0.49872,12.38358
16.62619,840.00000,862.24578,0.63834,0.49872,12.38310
16.62719,840.00000,863.90557,0.63837,0.49872,12.38263
16.62819,840.00000,863.90557,0.63839,0.49872,12.38215
16.62919,840.00000,861.41833,0.63842,0.49872,12.38168
16.63019,840.00000,860.59234,0.63844,0.49872,12.38121
16.63119,840.00000,860.59234,0.63846,0.49872,12.38074
16.63219,840.00000,858.12420,0.63849,0.49872,12.38028
16.63319,840.00000,858.12420,0.63851,0.49872,12.37981
16.63419,840.00000,858.12420,0.63854,0.49872,12.37935
16.63519,840.00000,858.12420,0.63856,0.49872,12.37889
16.63619,840.00000,861.41833,0.63858,0.49872,12.37843
16.63719,840.00000,861.41833,0.63861,0.49872,12.37798
16.63819,840.00000,862.24578,0.63863,0.49872,12.37752
16.63919,840.00000,864.73785,0.63865,0.49872,12.37707
16.64019,840.00000,864.73785,0.63868,0.49872,12.37662
16.64119,840.00000,865.57177,0.63870,0.49872,12.37617
16.64219,840.00000,865.57177,0.63872,0.49872,12.37572
16.64319,840.00000,864.73785,0.63875,0.49872,12.37528
16.64419,840.00000,864.73785,0.63877,0.49872,12.37484
16.64519,840.00000,862.24578,0.63879,0.49872,12.37441
16.64619,840.00000,862.24578,0.63881,0.49872,12.37398
16.64719,840.00000,861.41833,0.63883,0.49872,12.37356
16.64819,840.00000,858.94537,0.63886,0.49872,12.37314
16.64919,840.00000,858.94537,0.63888,0.49872,12.37272
16.65019,840.00000,858.94537,0.63890,0.49872,12.37231
16.65119,840.00000,861.41833,0.63892,0.49872,12.37191
16.65219,840.00000,861.41833,0.63894,0.49872,12.37150
16.65319,840.00000,861.41833,0.63896,0.49872,12.37110
16.65419,840.00000,861.41833,0.63898,0.49872,12.37071
16.65519,840.00000,861.41833,0.63900,0.49872,12.37031
16.65619,840.00000,862.24578,0.63902,0.49872,12.36993
16.65719,840.00000,863.90557,0.63904,0.49872,12.36954
16.65819,840.00000,865.57177,0.63906,0.49872,12.36916
16.65919,840.00000,865.57177,0.63908,0.49872,12.36878
16.66019,840.00000,865.57177,0.63910,0.49872,12.36841
16.66119,840.00000,864.73785,0.63912,0.49872,12.36804
16.66219,840.00000,863.90557,0.63914,0.49872,12.36767
16.66319,840.00000,862.24578,0.63916,0.49872,12.36730
16.66419,840.00000,862.24578,0.63918,0.49872,12.36695
16.66519,840.00000,863.90557,0.63919,0.49872,12.36659
16.66619,840.00000,861.41833,0.63921,0.49872,12.36625
16.66719,840.00000,861.41833,0.63923,0.49872,12.36590
16.66819,840.00000,861.41833,0.63925,0.49872,12.36557
16.66919,840.00000,861.41833,0.63926,0.49872,12.36523
16.67019,840.00000,865.57177,0.63928,0.49872,12.36491
16.67119,840.00000,865.57177,0.63930,0.49872,12.36458
16.67219,840.00000,867.24438,0.63931,0.49872,12.36427
16.67319,840.00000,869.76538,0.63933,0.49872,12.36395
16.67419,840.00000,869.76538,0.63935,0.49872,12.36364
16.67519,840.00000,869.76538,0.63936,0.49872,12.36334
16.67619,840.00000,869.76538,0.63938,0.49872,12.36305
16.67719,840.00000,865.57177,0.63939,0.49872,12.36277
16.67819,840.00000,863.90557,0.63941,0.49872,12.36249
16.67919,840.00000,863.90557,0.63942,0.49872,12.36222
16.68019,840.00000,863.90557,0.63943,0.49872,12.36195
16.68119,840.00000,863.90557,0.63945,0.49872,12.36169
16.68219,840.00000,863.90557,0.63946,0.49872,12.36144
16.68319,840.00000,863.90557,0.63947,0.49872,12.36120
16.68419,840.00000,865.57177,0.63949,0.49872,12.36096
16.68519,840.00000,865.57177,0.63950,0.49872,12.36072
16.68619,840.00000,865.57177,0.63951,0.49872,12.36049
16.68719,840.00000,865.57177,0.63952,0.49872,12.36027
16.68820,840.00000,865.57177,0.63953,0.49872,12.36006
16.68922,840.00000,861.41833,0.63954,0.49872,12.35986
16.69019,840.00000,861.41833,0.63955,0.49872,12.35966
16.69119,840.00000,859.76806,0.63956,0.49872,12.35946
16.69219,840.00000,859.76806,0.63957,0.49872,12.35928
16.69319,840.00000,859.76806,0.63958,0.49872,12.35910
16.69419,840.00000,859.76806,0.63959,0.49872,12.35892
16.69519,840.00000,859.76806,0.63960,0.49872,12.35875
16.69619,840.00000,864.73785,0.63961,0.49872,12.35859
16.69719,840.00000,864.73785,0.63962,0.49872,12.35843
16.69819,840.00000,864.73785,0.63962,0.49872,12.35828
16.69919,840.00000,864.73785,0.63963,0.49872,12.35813
16.70019,840.00000,866.40722,0.63964,0.49872,12.35800
16.70119,840.00000,864.73785,0.63965,0.49872,12.35786
16.70219,840.00000,864.73785,0.63965,0.49872,12.35773
16.70319,840.00000,864.73785,0.63966,0.49872,12.35761
16.70419,840.00000,864.73785,0.63967,0.49872,12.35749
16.70519,840.00000,862.24578,0.63967,0.49872,12.35738
16.70619,840.00000,862.24578,0.63968,0.49872,12.35728
16.70719,840.00000,861.41833,0.63968,0.49872,12.35718
16.70819,840.00000,862.24578,0.63969,0.49872,12.35709
16.70919,840.00000,862.24578,0.63969,0.49872,12.35700
16.71019,840.00000,860.59234,0.63970,0.49872,12.35692
16.71119,840.00000,860.59234,0.63970,0.49872,12.35684
16.71219,840.00000,863.90557,0.63970,0.49872,12.35677
16.71319,840.00000,864.73785,0.63971,0.49872,12.35670
16.71419,840.00000,865.57177,0.63971,0.49872,12.35664
16.71519,840.00000,865.57177,0.63971,0.49872,12.35659
16.71619,840.00000,865.57177,0.63972,0.49872,12.35653
16.71719,840.00000,865.57177,0.63972,0.49872,12.35649
16.71819,840.00000,865.57177,0.63972,0.49872,12.35645
16.71919,840.00000,865.57177,0.63972,0.49872,12.35641
16.72019,840.00000,865.57177,0.63972,0.49872,12.35638
16.72119,840.00000,865.57177,0.63972,0.49872,12.35636
16.72219,840.00000,865.57177,0.63972,0.49872,12.35634
16.72319,840.00000,865.57177,0.63973,0.49872,12.35634
16.72419,840.00000,865.57177,0.63973,0.49872,12.35634
16.72519,840.00000,865.57177,0.63972,0.49872,12.35634
16.72619,840.00000,865.57177,0.63972,0.49872,12.35635
16.72719,840.00000,864.73785,0.63972,0.49872,12.35637
16.72819,840.00000,864.73785,0.63972,0.49872,12.35640
16.72919,840.00000,863.90557,0.63972,0.49872,12.35643
16.73019,840.00000,863.90557,0.63972,0.49872,12.35647
16.73119,840.00000,863.90557,0.63972,0.49872,12.35651
16.73219,840.00000,863.90557,0.63971,0.49872,12.35656
16.73319,840.00000,863.90557,0.63971,0.49872,12.35662
16.73419,840.00000,863.90557,0.63971,0.49872,12.35668
16.73519,840.00000,863.90557,0.63970,0.49872,12.35675
16.73619,840.00000,863.90557,0.63970,0.49872,12.35683
16.73719,840.00000,863.90557,0.63970,0.49872,12.35691
16.73819,840.00000,863.07495,0.63969,0.49872,12.35699
16.73919,840.00000,863.90557,0.63969,0.49872,12.35709
16.74019,840.00000,863.90557,0.63968,0.49872,12.35718
16.74119,840.00000,863.90557,0.63968,0.49872,12.35729
16.74219,840.00000,863.90557,0.63967,0.49872,12.35739
16.74319,840.00000,864.73785,0.63966,0.49872,12.35751
16.74419,840.00000,863.07495,0.63966,0.49872,12.35763
16.74519,840.00000,863.07495,0.63965,0.49872,12.35775
16.74619,840.00000,863.90557,0.63965,0.49872,12.35788
16.74719,840.00000,863.90557,0.63964,0.49872,12.35801
16.74819,840.00000,863.90557,0.63963,0.49872,12.35815
16.74919,840.00000,863.90557,0.63962,0.49872,12.35830
16.75019,840.00000,863.90557,0.63962,0.49872,12.35845
16.75119,840.00000,863.90557,0.63961,0.49872,12.35860
16.75219,840.00000,863.90557,0.63960,0.49872,12.35876
16.75319,840.00000,863.90557,0.63959,0.49872,12.35892
16.75419,840.00000,863.90557,0.63958,0.49872,12.35909
16.75519,840.00000,863.90557,0.63957,0.49872,12.35927
16.75619,840.00000,863.90557,0.63956,0.49872,12.35945
16.75719,840.00000,863.90557,0.63955,0.49872,12.35963
16.75819,840.00000,863.90557,0.63954,0.49872,12.35982
16.75919,840.00000,863.90557,0.63953,0.49872,12.36001
16.76019,840.00000,863.90557,0.63952,0.49872,12.36021
16.76119,840.00000,863.90557,0.63951,0.49872,12.36042
16.76219,840.00000,863.90557,0.63950,0.49872,12.36063
16.76319,840.00000,863.90557,0.63949,0.49872,12.36084
16.76419,840.00000,864.73785,0.63948,0.49872,12.36106
16.76519,840.00000,864.73785,0.63947,0.49872,12.36128
16.76619,840.00000,864.73785,0.63946,0.49872,12.36151
16.76719,840.00000,864.73785,0.63945,0.49872,12.36174
16.76819,840.00000,864.73785,0.63943,0.49872,12.36198
16.76919,840.00000,865.57177,0.63942,0.49872,12.36222
16.77019,840.00000,864.73785,0.63941,0.49872,12.36247
16.77119,840.00000,864.73785,0.63940,0.49872,12.36272
16.77219,840.00000,864.73785,0.63938,0.49872,12.36297
16.77319,840.00000,864.73785,0.63937,0.49872,12.36323
16.77419,840.00000,863.90557,0.63936,0.49872,12.36349
16.77519,840.00000,863.90557,0.63934,0.49872,12.36375
16.77619,840.00000,863.90557,0.63933,0.49872,12.36402
16.77719,840.00000,863.90557,0.63931,0.49872,12.36429
16.77819,840.00000,863.90557,0.63930,0.49872,12.36456
16.77919,840.00000,863.90557,0.63929,0.49872,12.36484
16.78019,840.00000,863.90557,0.63927,0.49872,12.36512
16.78119,840.00000,863.07495,0.63926,0.49872,12.36540
16.78219,840.00000,863.07495,0.63924,0.49872,12.36568
16.78319,840.00000,863.07495,0.63923,0.49872,12.36596
16.78419,840.00000,864.73785,0.63921,0.49872,12.36625
16.78519,840.00000,864.73785,0.63920,0.49872,12.36653
16.78619,840.00000,864.73785,0.63918,0.49872,12.36682
16.78719,840.00000,864.73785,0.63917,0.49872,12.36711
16.78819,840.00000,864.73785,0.63915,0.49872,12.36740
16.78919,840.00000,864.73785,0.63914,0.49872,12.36769
16.79019,840.00000,864.73785,0.63912,0.49872,12.36798
16.79119,840.00000,864.73785,0.63911,0.49872,12.36828
16.79219,840.00000,864.73785,0.63909,0.49872,12.36858
16.79319,840.00000,863.90557,0.63908,0.49872,12.36888
16.79419,840.00000,863.90557,0.63906,0.49872,12.36917
16.79519,840.00000,863.90557,0.63905,0.49872,12.36948
16.79619,840.00000,863.90557,0.63903,0.49872,12.36978
16.79719,840.00000,863.90557,0.63901,0.49872,12.37008
16.79819,840.00000,864.73785,0.63900,0.49872,12.37039
16.79919,840.00000,864.73785,0.63898,0.49872,12.37069
16.80019,840.00000,863.90557,0.63897,0.49872,12.37100
16.80119,840.00000,863.90557,0.63895,0.49872,12.37131
16.80219,840.00000,863.90557,0.63894,0.49872,12.37161
16.80319,840.00000,863.90557,0.63892,0.49872,12.37193
16.80419,840.00000,863.90557,0.63890,0.49872,12.37224
16.80519,840.00000,863.90557,0.63889,0.49872,12.37255
16.80619,840.00000,865.57177,0.63887,0.49872,12.37286
16.80719,840.00000,865.57177,0.63885,0.49872,12.37318
16.80819,840.00000,865.57177,0.63884,0.49872,12.37349
16.80919,840.00000,864.73785,0.63882,0.49872,12.37380
16.81019,840.00000,863.90557,0.63881,0.49872,12.37412
16.81119,840.00000,864.73785,0.63879,0.49872,12.37443
16.81219,840.00000,864.73785,0.63877,0.49872,12.37474
16.81319,840.00000,865.57177,0.63876,0.49872,12.37505
16.81419,840.00000,865.57177,0.63874,0.49872,12.37536
16.81519,840.00000,864.73785,0.63873,0.49872,12.37567
16.81619,840.00000,864.73785,0.63871,0.49872,12.37597
16.81719,840.00000,864.73785,0.63869,0.49872,12.37628
16.81819,840.00000,863.90557,0.63868,0.49872,12.37659
16.81919,840.00000,863.90557,0.63866,0.49872,12.37689
16.82019,840.00000,864.73785,0.63865,0.49872,12.37720
16.82119,840.00000,864.73785,0.63863,0.49872,12.37750
16.82219,840.00000,865.57177,0.63862,0.49872,12.37780
16.82319,840.00000,864.73785,0.63860,0.49872,12.37810
16.82419,840.00000,862.24578,0.63859,0.49872,12.37840
16.82519,840.00000,862.24578,0.63857,0.49872,12.37869
16.82619,840.00000,862.24578,0.63856,0.49872,12.37898
16.82719,840.00000,862.24578,0.63854,0.49872,12.37927
16.82819,840.00000,862.24578,0.63853,0.49872,12.37955
16.82919,840.00000,862.24578,0.63851,0.49872,12.37983
16.83019,840.00000,862.24578,0.63850,0.49872,12.38011
16.83119,840.00000,860.59234,0.63848,0.49872,12.38039
16.83219,840.00000,860.59234,0.63847,0.49872,12.38066
16.83319,840.00000,860.59234,0.63845,0.49872,12.38093
16.83419,840.00000,860.59234,0.63844,0.49872,12.38120
16.83520,840.00000,862.24578,0.63843,0.49872,12.38146
16.83622,840.00000,862.24578,0.63841,0.49872,12.38171
16.83719,840.00000,864.73785,0.63840,0.49872,12.38197
16.83819,840.00000,864.73785,0.63839,0.49872,12.38221
16.83919,840.00000,864.73785,0.63838,0.49872,12.38246
16.84019,840.00000,864.73785,0.63836,0.49872,12.38269
16.84119,840.00000,864.73785,0.63835,0.49872,12.38293
16.84219,840.00000,864.73785,0.63834,0.49872,12.38315
16.84319,840.00000,863.07495,0.63833,0.49872,12.38338
16.84419,840.00000,863.07495,0.63832,0.49872,12.38360
16.84519,840.00000,863.07495,0.63831,0.49872,12.38381
16.84619,840.00000,863.90557,0.63829,0.49872,12.38403
16.84719,840.00000,863.07495,0.63828,0.49872,12.38424
16.84819,840.00000,863.90557,0.63827,0.49872,12.38444
16.84919,840.00000,863.90557,0.63826,0.49872,12.38464
16.85019,840.00000,863.90557,0.63825,0.49872,12.38484
16.85119,840.00000,863.90557,0.63824,0.49872,12.38503
16.85219,840.00000,863.90557,0.63823,0.49872,12.38522
16.85319,840.00000,863.90557,0.63822,0.49872,12.38541
16.85419,840.00000,863.90557,0.63821,0.49872,12.38559
16.85519,840.00000,863.90557,0.63821,0.49872,12.38576
16.85619,840.00000,862.24578,0.63820,0.49872,12.38593
16.85719,840.00000,862.24578,0.63819,0.49872,12.38610
16.85819,840.00000,863.90557,0.63818,0.49872,12.38627
16.85919,840.00000,862.24578,0.63817,0.49872,12.38643
16.86019,840.00000,862.24578,0.63816,0.49872,12.38659
16.86119,840.00000,863.07495,0.63815,0.49872,12.38674
16.86219,840.00000,863.07495,0.63815,0.49872,12.38689
16.86319,840.00000,861.41833,0.63814,0.49872,12.38704
16.86419,840.00000,861.41833,0.63813,0.49872,12.38718
16.86519,840.00000,861.41833,0.63813,0.49872,12.38732
16.86619,840.00000,861.41833,0.63812,0.49872,12.38745
16.86719,840.00000,860.59234,0.63811,0.49872,12.38759
16.86819,840.00000,858.94537,0.63810,0.49872,12.38772
16.86919,840.00000,858.94537,0.63810,0.49872,12.38784
16.87019,840.00000,858.94537,0.63809,0.49872,12.38796
16.87119,840.00000,858.94537,0.63809,0.49872,12.38808
16.87219,840.00000,858.94537,0.63808,0.49872,12.38820
16.87319,840.00000,860.59234,0.63807,0.49872,12.38831
16.87419,840.00000,864.73785,0.63807,0.49872,12.38842
16.87520,840.00000,864.73785,0.63806,0.49872,12.38852
16.87619,840.00000,864.73785,0.63806,0.49872,12.38862
16.87719,840.00000,864.73785,0.63805,0.49872,12.38872
16.87819,840.00000,864.73785,0.63805,0.49872,12.38882
16.87919,840.00000,864.73785,0.63804,0.49872,12.38891
16.88019,840.00000,864.73785,0.63804,0.49872,12.38901
16.88119,840.00000,863.07495,0.63803,0.49872,12.38910
16.88219,840.00000,863.07495,0.63803,0.49872,12.38919
16.88319,840.00000,861.41833,0.63802,0.49872,12.38928
16.88419,840.00000,861.41833,0.63802,0.49872,12.38937
16.88519,840.00000,860.59234,0.63801,0.49872,12.38946
16.88619,840.00000,861.41833,0.63801,0.49872,12.38955
16.88719,840.00000,861.41833,0.63801,0.49872,12.38963
16.88819,840.00000,863.07495,0.63800,0.49872,12.38972
16.88919,840.00000,861.41833,0.63800,0.49872,12.38980
16.89019,840.00000,861.41833,0.63799,0.49872,12.38989
16.89119,840.00000,861.41833,0.63799,0.49872,12.38997
16.89219,840.00000,864.73785,0.63798,0.49872,12.39006
16.89319,840.00000,864.73785,0.63798,0.49872,12.39014
16.89419,840.00000,863.07495,0.63798,0.49872,12.39023
16.89519,840.00000,863.07495,0.63797,0.49872,12.39032
16.89619,840.00000,860.59234,0.63797,0.49872,12.39041
16.89719,840.00000,860.59234,0.63796,0.49872,12.39050
16.89819,840.00000,860.59234,0.63796,0.49872,12.39059
16.89919,840.00000,863.07495,0.63795,0.49872,12.39068
16.90019,840.00000,863.90557,0.63795,0.49872,12.39077
16.90119,840.00000,863.90557,0.63794,0.49872,12.39086
16.90219,840.00000,863.90557,0.63794,0.49872,12.39095
16.90319,840.00000,868.08306,0.63793,0.49872,12.39104
16.90419,840.00000,868.08306,0.63793,0.49872,12.39113
16.90519,840.00000,868.08306,0.63792,0.49872,12.39122
16.90619,840.00000,868.08306,0.63792,0.49872,12.39131
16.90719,840.00000,868.08306,0.63791,0.49872,12.39140
16.90819,840.00000,863.90557,0.63791,0.49872,12.39150
16.90919,840.00000,863.90557,0.63791,0.49872,12.39159
16.91019,840.00000,863.90557,0.63790,0.49872,12.39168
16.91119,840.00000,861.41833,0.63790,0.49872,12.39178
16.91219,840.00000,861.41833,0.63789,0.49872,12.39187
16.91319,840.00000,861.41833,0.63789,0.49872,12.39197
16.91419,840.00000,861.41833,0.63788,0.49872,12.39206
16.91519,840.00000,863.07495,0.63788,0.49872,12.39216
16.91619,840.00000,863.07495,0.63787,0.49872,12.39226
16.91719,840.00000,863.07495,0.63787,0.49872,12.39235
16.91819,840.00000,863.07495,0.63786,0.49872,12.39245
16.91919,840.00000,863.07495,0.63786,0.49872,12.39255
16.92019,840.00000,863.07495,0.63785,0.49872,12.39264
16.92119,840.00000,863.07495,0.63785,0.49872,12.39274
16.92219,840.00000,859.76806,0.63784,0.49872,12.39284
16.92319,840.00000,858.94537,0.63784,0.49872,12.39294
16.92419,840.00000,857.30456,0.63783,0.49872,12.39304
16.92519,840.00000,857.30456,0.63783,0.49872,12.39314
16.92619,840.00000,857.30456,0.63782,0.49872,12.39323
16.92719,840.00000,858.94537,0.63782,0.49872,12.39333
16.92819,840.00000,859.76806,0.63781,0.49872,12.39343
16.92919,840.00000,859.76806,0.63781,0.49872,12.39353
16.93019,840.00000,859.76806,0.63780,0.49872,12.39363
16.93119,840.00000,859.76806,0.63779,0.49872,12.39373
16.93219,840.00000,859.76806,0.63779,0.49872,12.39383
16.93319,840.00000,859.76806,0.63778,0.49872,12.39393
16.93419,840.00000,859.76806,0.63778,0.49872,12.39404
16.93519,840.00000,861.41833,0.63777,0.49872,12.39414
16.93619,840.00000,861.41833,0.63777,0.49872,12.39424
16.93719,840.00000,861.41833,0.63776,0.49872,12.39434
16.93819,840.00000,861.41833,0.63776,0.49872,12.39445
16.93919,840.00000,861.41833,0.63775,0.49872,12.39456
16.94019,840.00000,861.41833,0.63775,0.49872,12.39467
16.94119,840.00000,867.24438,0.63774,0.49872,12.39478
16.94219,840.00000,868.08306,0.63774,0.49872,12.39490
16.94319,840.00000,868.08306,0.63773,0.49872,12.39501
16.94419,840.00000,868.08306,0.63772,0.49872,12.39513
16.94519,840.00000,868.08306,0.63772,0.49872,12.39526
16.94619,840.00000,868.08306,0.63771,0.49872,12.39538
16.94719,840.00000,868.08306,0.63770,0.49872,12.39551
16.94819,840.00000,861.41833,0.63770,0.49872,12.39564
16.94919,840.00000,860.59234,0.63769,0.49872,12.39577
16.95019,840.00000,860.59234,0.63768,0.49872,12.39590
16.95119,840.00000,860.59234,0.63768,0.49872,12.39603
16.95219,840.00000,860.59234,0.63767,0.49872,12.39617
16.95319,840.00000,860.59234,0.63766,0.49872,12.39630
16.95419,840.00000,860.59234,0.63766,0.49872,12.39644
16.95519,840.00000,860.59234,0.63765,0.49872,12.39659
16.95619,840.00000,860.59234,0.63764,0.49872,12.39673
16.95719,840.00000,863.07495,0.63763,0.49872,12.39687
16.95819,840.00000,863.07495,0.63763,0.49872,12.39702
16.95919,840.00000,863.07495,0.63762,0.49872,12.39716
16.96019,840.00000,863.07495,0.63761,0.49872,12.39731
16.96119,840.00000,863.07495,0.63760,0.49872,12.39746
16.96219,840.00000,863.07495,0.63760,0.49872,12.39762
16.96319,840.00000,863.07495,0.63759,0.49872,12.39777
16.96419,840.00000,863.07495,0.63758,0.49872,12.39792
16.96519,840.00000,862.24578,0.63757,0.49872,12.39808
16.96619,840.00000,862.24578,0.63756,0.49872,12.39824
16.96719,840.00000,861.41833,0.63755,0.49872,12.39840
16.96819,840.00000,860.59234,0.63755,0.49872,12.39856
16.96919,840.00000,860.59234,0.63754,0.49872,12.39871
16.97019,840.00000,859.76806,0.63753,0.49872,12.39887
16.97119,840.00000,858.12420,0.63752,0.49872,12.39903
16.97219,840.00000,859.76806,0.63751,0.49872,12.39919
16.97319,840.00000,860.59234,0.63751,0.49872,12.39934
16.97419,840.00000,859.76806,0.63750,0.49872,12.39950
16.97520,840.00000,860.59234,0.63749,0.49872,12.39966
16.97619,840.00000,858.12420,0.63748,0.49872,12.39981
16.97719,840.00000,858.12420,0.63747,0.49872,12.39997
16.97819,840.00000,866.40722,0.63747,0.49872,12.40012
16.97919,840.00000,866.40722,0.63746,0.49872,12.40027
16.98019,840.00000,866.40722,0.63745,0.49872,12.40043
16.98120,840.00000,867.24438,0.63744,0.49872,12.40058
16.98222,840.00000,867.24438,0.63743,0.49872,12.40073
16.98319,840.00000,867.24438,0.63743,0.49872,12.40089
16.98419,840.00000,866.40722,0.63742,0.49872,12.40104
16.98519,840.00000,864.73785,0.63741,0.49872,12.40119
16.98619,840.00000,864.73785,0.63740,0.49872,12.40134
16.98719,840.00000,863.90557,0.63740,0.49872,12.40149
16.98819,840.00000,863.90557,0.63739,0.49872,12.40163
16.98919,840.00000,863.90557,0.63738,0.49872,12.40178
16.99019,840.00000,863.90557,0.63737,0.49872,12.40192
16.99119,840.00000,858.94537,0.63737,0.49872,12.40206
16.99219,840.00000,858.94537,0.63736,0.49872,12.40219
16.99319,840.00000,858.94537,0.63735,0.49872,12.40233
16.99419,840.00000,858.94537,0.63735,0.49872,12.40246
16.99519,840.00000,858.94537,0.63734,0.49872,12.40259
16.99619,840.00000,858.94537,0.63733,0.49872,12.40272
16.99719,840.00000,858.94537,0.63733,0.49872,12.40284
16.99819,840.00000,858.94537,0.63732,0.49872,12.40297
16.99919,840.00000,858.94537,0.63731,0.49872,12.40309
17.00019,840.00000,863.07495,0.63731,0.49872,12.40321
17.00119,840.00000,863.07495,0.63730,0.49872,12.40333
17.00219,840.00000,858.94537,0.63730,0.49872,12.40344
17.00319,840.00000,856.48657,0.63729,0.49872,12.40356
17.00419,840.00000,856.48657,0.63728,0.49872,12.40367
17.00519,840.00000,856.48657,0.63728,0.49872,12.40378
17.00619,840.00000,859.76806,0.63727,0.49872,12.40388
17.00719,840.00000,859.76806,0.63727,0.49872,12.40399
17.00819,840.00000,859.76806,0.63726,0.49872,12.40409
17.00919,840.00000,863.90557,0.63726,0.49872,12.40418
17.01019,840.00000,863.90557,0.63725,0.49872,12.40427
17.01119,840.00000,859.76806,0.63725,0.49872,12.40436
17.01219,840.00000,859.76806,0.63724,0.49872,12.40445
17.01319,840.00000,863.90557,0.63724,0.49872,12.40453
17.01419,840.00000,863.90557,0.63724,0.49872,12.40460
17.01519,840.00000,863.90557,0.63723,0.49872,12.40468
17.01619,840.00000,865.57177,0.63723,0.49872,12.40475
17.01719,840.00000,865.57177,0.63723,0.49872,12.40481
17.01819,840.00000,865.57177,0.63722,0.49872,12.40487
17.01919,840.00000,865.57177,0.63722,0.49872,12.40493
17.02019,840.00000,862.24578,0.63722,0.49872,12.40499
17.02119,840.00000,862.24578,0.63721,0.49872,12.40504
17.02219,840.00000,862.24578,0.63721,0.49872,12.40509
17.02319,840.00000,862.24578,0.63721,0.49872,12.40513
17.02419,840.00000,863.07495,0.63721,0.49872,12.40517
17.02519,840.00000,862.24578,0.63720,0.49872,12.40521
17.02618,840.00000,862.24578,0.63720,0.49872,12.40524
17.02719,840.00000,862.24578,0.63720,0.49872,12.40528
17.02819,840.00000,862.24578,0.63720,0.49872,12.40530
17.02919,840.00000,862.24578,0.63720,0.49872,12.40533
17.03019,840.00000,862.24578,0.63720,0.49872,12.40535
17.03119,840.00000,862.24578,0.63720,0.49872,12.40537
17.03219,840.00000,862.24578,0.63720,0.49872,12.40538
17.03319,840.00000,862.24578,0.63720,0.49872,12.40540
17.03419,840.00000,861.41833,0.63719,0.49872,12.40540
17.03519,840.00000,861.41833,0.63719,0.49872,12.40541
17.03619,840.00000,860.59234,0.63719,0.49872,12.40541
17.03719,840.00000,861.41833,0.63719,0.49872,12.40540
17.03819,840.00000,861.41833,0.63720,0.49872,12.40540
17.03919,840.00000,862.24578,0.63720,0.49872,12.40538
17.04019,840.00000,861.41833,0.63720,0.49872,12.40537
17.04119,840.00000,860.59234,0.63720,0.49872,12.40535
17.04219,840.00000,862.24578,0.63720,0.49872,12.40533
17.04319,840.00000,862.24578,0.63720,0.49872,12.40531
17.04419,840.00000,862.24578,0.63720,0.49872,12.40529
17.04519,840.00000,862.24578,0.63720,0.49872,12.40526
17.04619,840.00000,862.24578,0.63720,0.49872,12.40524
17.04719,840.00000,862.24578,0.63720,0.49872,12.40521
17.04819,840.00000,862.24578,0.63721,0.49872,12.40519
17.04919,840.00000,862.24578,0.63721,0.49872,12.40516
17.05019,840.00000,862.24578,0.63721,0.49872,12.40513
17.05119,840.00000,862.24578,0.63721,0.49872,12.40510
17.05219,840.00000,862.24578,0.63721,0.49872,12.40507
17.05319,840.00000,862.24578,0.63721,0.49872,12.40504
17.05419,840.00000,862.24578,0.63722,0.49872,12.40501
17.05519,840.00000,862.24578,0.63722,0.49872,12.40498
17.05619,840.00000,862.24578,0.63722,0.49872,12.40494
17.05719,840.00000,862.24578,0.63722,0.49872,12.40491
17.05819,840.00000,861.41833,0.63722,0.49872,12.40487
17.05919,840.00000,858.94537,0.63722,0.49872,12.40483
17.06019,840.00000,858.94537,0.63723,0.49872,12.40480
17.06119,840.00000,858.94537,0.63723,0.49872,12.40476
17.06219,840.00000,858.94537,0.63723,0.49872,12.40472
17.06319,840.00000,858.94537,0.63723,0.49872,12.40468
17.06419,840.00000,858.94537,0.63723,0.49872,12.40464
17.06519,840.00000,859.76806,0.63724,0.49872,12.40460
17.06619,840.00000,859.76806,0.63724,0.49872,12.40456
17.06719,840.00000,859.76806,0.63724,0.49872,12.40452
17.06819,840.00000,859.76806,0.63724,0.49872,12.40449
17.06919,840.00000,859.76806,0.63724,0.49872,12.40445
17.07019,840.00000,859.76806,0.63725,0.49872,12.40442
17.07119,840.00000,859.76806,0.63725,0.49872,12.40438
17.07219,840.00000,859.76806,0.63725,0.49872,12.40435
17.07319,840.00000,859.76806,0.63725,0.49872,12.40432
17.07419,840.00000,859.76806,0.63725,0.49872,12.40429
17.07519,840.00000,859.76806,0.63725,0.49872,12.40426
17.07619,840.00000,859.76806,0.63726,0.49872,12.40423
17.07719,840.00000,859.76806,0.63726,0.49872,12.40421
17.07819,840.00000,859.76806,0.63726,0.49872,12.40418
17.07919,840.00000,859.76806,0.63726,0.49872,12.40416
17.08019,840.00000,859.76806,0.63726,0.49872,12.40413
17.08119,840.00000,859.76806,0.63726,0.49872,12.40411
17.08219,840.00000,859.76806,0.63726,0.49872,12.40409
17.08319,840.00000,859.76806,0.63726,0.49872,12.40406
17.08419,840.00000,859.76806,0.63726,0.49872,12.40405
17.08519,840.00000,857.30456,0.63727,0.49872,12.40403
17.08619,840.00000,857.30456,0.63727,0.49872,12.40402
17.08719,840.00000,859.76806,0.63727,0.49872,12.40402
17.08819,840.00000,859.76806,0.63727,0.49872,12.40401
17.08919,840.00000,857.30456,0.63727,0.49872,12.40401
17.09019,840.00000,859.76806,0.63727,0.49872,12.40402
17.09119,840.00000,860.59234,0.63727,0.49872,12.40402
17.09219,840.00000,860.59234,0.63727,0.49872,12.40403
17.09319,840.00000,860.59234,0.63727,0.49872,12.40404
17.09419,840.00000,858.94537,0.63726,0.49872,12.40405
17.09519,840.00000,858.94537,0.63726,0.49872,12.40407
17.09619,840.00000,858.94537,0.63726,0.49872,12.40409
17.09719,840.00000,858.94537,0.63726,0.49872,12.40411
17.09819,840.00000,858.94537,0.63726,0.49872,12.40413
17.09919,840.00000,860.59234,0.63726,0.49872,12.40416
17.10019,840.00000,860.59234,0.63726,0.49872,12.40419
17.10119,840.00000,858.94537,0.63726,0.49872,12.40422
17.10219,840.00000,858.94537,0.63725,0.49872,12.40425
17.10319,840.00000,858.94537,0.63725,0.49872,12.40429
17.10419,840.00000,858.94537,0.63725,0.49872,12.40433
17.10519,840.00000,858.94537,0.63725,0.49872,12.40437
17.10619,840.00000,858.94537,0.63725,0.49872,12.40441
17.10719,840.00000,858.94537,0.63724,0.49872,12.40446
17.10819,840.00000,858.12420,0.63724,0.49872,12.40450
17.10919,840.00000,858.12420,0.63724,0.49872,12.40455
17.11019,840.00000,857.30456,0.63724,0.49872,12.40461
17.11119,840.00000,858.12420,0.63723,0.49872,12.40466
17.11219,840.00000,858.94537,0.63723,0.49872,12.40472
17.11319,840.00000,858.94537,0.63723,0.49872,12.40477
17.11419,840.00000,859.76806,0.63722,0.49872,12.40484
17.11519,840.00000,859.76806,0.63722,0.49872,12.40490
17.11619,840.00000,859.76806,0.63722,0.49872,12.40496
17.11719,840.00000,859.76806,0.63721,0.49872,12.40503
17.11819,840.00000,859.76806,0.63721,0.49872,12.40510
17.11919,840.00000,859.76806,0.63721,0.49872,12.40517
17.12019,840.00000,859.76806,0.63720,0.49872,12.40524
17.12119,840.00000,859.76806,0.63720,0.49872,12.40532
17.12219,840.00000,859.76806,0.63720,0.49872,12.40540
17.12319,840.00000,859.76806,0.63719,0.49872,12.40547
17.12419,840.00000,859.76806,0.63719,0.49872,12.40555
17.12519,840.00000,859.76806,0.63718,0.49872,12.40564
17.12619,840.00000,859.76806,0.63718,0.49872,12.40572
17.12720,840.00000,859.76806,0.63717,0.49872,12.40581
17.12822,840.00000,859.76806,0.63717,0.49872,12.40590
17.12919,840.00000,860.59234,0.63717,0.49872,12.40599
17.13019,840.00000,860.59234,0.63716,0.49872,12.40608
17.13119,840.00000,859.76806,0.63716,0.49872,12.40617
17.13219,840.00000,860.59234,0.63715,0.49872,12.40627
17.13319,840.00000,863.90557,0.63715,0.49872,12.40637
17.13419,840.00000,863.90557,0.63714,0.49872,12.40647
17.13519,840.00000,863.07495,0.63714,0.49872,12.40657
17.13619,840.00000,863.90557,0.63713,0.49872,12.40667
17.13719,840.00000,863.90557,0.63712,0.49872,12.40677
17.13819,840.00000,863.07495,0.63712,0.49872,12.40688
17.13919,840.00000,863.07495,0.63711,0.49872,12.40698
17.14019,840.00000,863.07495,0.63711,0.49872,12.40709
17.14119,840.00000,863.07495,0.63710,0.49872,12.40720
17.14219,840.00000,858.12420,0.63710,0.49872,12.40731
17.14319,840.00000,858.12420,0.63709,0.49872,12.40742
17.14419,840.00000,855.67004,0.63709,0.49872,12.40753
17.14519,840.00000,858.12420,0.63708,0.49872,12.40765
17.14619,840.00000,855.67004,0.63707,0.49872,12.40776
17.14719,840.00000,858.12420,0.63707,0.49872,12.40788
17.14819,840.00000,858.12420,0.63706,0.49872,12.40800
17.14919,840.00000,858.12420,0.63706,0.49872,12.40812
17.15019,840.00000,858.12420,0.63705,0.49872,12.40824
17.15119,840.00000,858.12420,0.63704,0.49872,12.40837
17.15219,840.00000,856.48657,0.63704,0.49872,12.40849
17.15319,840.00000,858.12420,0.63703,0.49872,12.40861
17.15419,840.00000,856.48657,0.63702,0.49872,12.40873
17.15519,840.00000,858.12420,0.63702,0.49872,12.40886
17.15619,840.00000,857.30456,0.63701,0.49872,12.40898
17.15719,840.00000,858.12420,0.63701,0.49872,12.40910
17.15819,840.00000,859.76806,0.63700,0.49872,12.40922
17.15919,840.00000,857.30456,0.63699,0.49872,12.40934
17.16019,840.00000,859.76806,0.63699,0.49872,12.40946
17.16119,840.00000,859.76806,0.63698,0.49872,12.40958
17.16219,840.00000,859.76806,0.63697,0.49872,12.40970
17.16319,840.00000,858.94537,0.63697,0.49872,12.40982
17.16419,840.00000,858.94537,0.63696,0.49872,12.40993
17.16519,840.00000,857.30456,0.63696,0.49872,12.41005
17.16619,840.00000,857.30456,0.63695,0.49872,12.41017
17.16719,840.00000,857.30456,0.63694,0.49872,12.41028
17.16819,840.00000,857.30456,0.63694,0.49872,12.41040
17.16919,840.00000,857.30456,0.63693,0.49872,12.41052
17.17019,840.00000,857.30456,0.63693,0.49872,12.41063
17.17119,840.00000,857.30456,0.63692,0.49872,12.41074
17.17219,840.00000,854.85510,0.63691,0.49872,12.41086
17.17319,840.00000,854.85510,0.63691,0.49872,12.41097
17.17419,840.00000,857.30456,0.63690,0.49872,12.41108
17.17519,840.00000,865.57177,0.63690,0.49872,12.41119
17.17619,840.00000,865.57177,0.63689,0.49872,12.41130
17.17719,840.00000,865.57177,0.63689,0.49872,12.41141
17.17819,840.00000,865.57177,0.63688,0.49872,12.41153
17.17919,840.00000,865.57177,0.63687,0.49872,12.41164
17.18019,840.00000,861.41833,0.63687,0.49872,12.41176
17.18119,840.00000,861.41833,0.63686,0.49872,12.41188
17.18219,840.00000,861.41833,0.63686,0.49872,12.41200
17.18319,840.00000,861.41833,0.63685,0.49872,12.41212
17.18419,840.00000,858.12420,0.63684,0.49872,12.41224
17.18519,840.00000,858.12420,0.63684,0.49872,12.41236
17.18619,840.00000,861.41833,0.63683,0.49872,12.41249
17.18719,840.00000,858.12420,0.63682,0.49872,12.41261
17.18819,840.00000,858.12420,0.63682,0.49872,12.41274
17.18919,840.00000,858.12420,0.63681,0.49872,12.41287
17.19020,840.00000,858.12420,0.63681,0.49872,12.41300
17.19119,840.00000,863.07495,0.63680,0.49872,12.41313
17.19219,840.00000,863.07495,0.63679,0.49872,12.41326
17.19319,840.00000,863.07495,0.63679,0.49872,12.41339
17.19419,840.00000,867.24438,0.63678,0.49872,12.41351
17.19519,840.00000,868.08306,0.63677,0.49872,12.41364
17.19619,840.00000,868.08306,0.63677,0.49872,12.41377
17.19719,840.00000,867.24438,0.63676,0.49872,12.41390
17.19819,840.00000,867.24438,0.63675,0.49872,12.41403
17.19919,840.00000,863.07495,0.63675,0.49872,12.41415
17.20019,840.00000,867.24438,0.63674,0.49872,12.41428
17.20119,840.00000,867.24438,0.63673,0.49872,12.41440
17.20219,840.00000,863.07495,0.63673,0.49872,12.41452
17.20319,840.00000,863.07495,0.63672,0.49872,12.41465
17.20419,840.00000,860.59234,0.63671,0.49872,12.41477
17.20519,840.00000,860.59234,0.63671,0.49872,12.41489
17.20619,840.00000,860.59234,0.63670,0.49872,12.41501
17.20719,840.00000,860.59234,0.63670,0.49872,12.41514
17.20819,840.00000,860.59234,0.63669,0.49872,12.41526
17.20919,840.00000,860.59234,0.63668,0.49872,12.41538
17.21019,840.00000,859.76806,0.63668,0.49872,12.41551
17.21119,840.00000,858.94537,0.63667,0.49872,12.41564
17.21219,840.00000,859.76806,0.63666,0.49872,12.41577
17.21319,840.00000,862.24578,0.63666,0.49872,12.41590
17.21419,840.00000,862.24578,0.63665,0.49872,12.41602
17.21519,840.00000,861.41833,0.63664,0.49872,12.41616
17.21619,840.00000,859.76806,0.63664,0.49872,12.41629
17.21719,840.00000,859.76806,0.63663,0.49872,12.41642
17.21819,840.00000,860.59234,0.63662,0.49872,12.41656
17.21919,840.00000,860.59234,0.63662,0.49872,12.41669
17.22019,840.00000,860.59234,0.63661,0.49872,12.41683
17.22119,840.00000,860.59234,0.63660,0.49872,12.41696
17.22219,840.00000,860.59234,0.63659,0.49872,12.41710
17.22319,840.00000,860.59234,0.63659,0.49872,12.41724
17.22419,840.00000,859.76806,0.63658,0.49872,12.41738
17.22519,840.00000,860.59234,0.63657,0.49872,12.41753
17.22619,840.00000,859.76806,0.63657,0.49872,12.41768
17.22719,840.00000,859.76806,0.63656,0.49872,12.41783
17.22819,840.00000,859.76806,0.63655,0.49872,12.41798
17.22919,840.00000,858.12420,0.63654,0.49872,12.41814
17.23019,840.00000,858.12420,0.63653,0.49872,12.41829
17.23119,840.00000,858.12420,0.63653,0.49872,12.41845
17.23219,840.00000,858.12420,0.63652,0.49872,12.41862
17.23319,840.00000,858.12420,0.63651,0.49872,12.41878
17.23419,840.00000,858.12420,0.63650,0.49872,12.41895
17.23519,840.00000,858.12420,0.63649,0.49872,12.41913
17.23619,840.00000,858.12420,0.63648,0.49872,12.41930
17.23719,840.00000,858.12420,0.63647,0.49872,12.41948
17.23819,840.00000,858.12420,0.63646,0.49872,12.41966
17.23919,840.00000,880.86151,0.63645,0.49872,12.41984
17.24019,840.00000,880.86151,0.63644,0.49872,12.42002
17.24119,840.00000,863.90557,0.63644,0.49872,12.42021
17.24219,840.00000,863.90557,0.63643,0.49872,12.42040
17.24319,840.00000,863.90557,0.63642,0.49872,12.42058
17.24419,840.00000,863.90557,0.63641,0.49872,12.42077
17.24519,840.00000,861.83184,0.63640,0.49872,12.42096
17.24619,840.00000,863.07495,0.63639,0.49872,12.42116
17.24719,840.00000,861.83184,0.63638,0.49872,12.42135
17.24819,840.00000,861.83184,0.63637,0.49872,12.42154
17.24919,840.00000,861.41833,0.63636,0.49872,12.42173
17.25019,840.00000,861.41833,0.63635,0.49872,12.42192
17.25119,840.00000,860.59234,0.63634,0.49872,12.42212
17.25219,840.00000,858.94537,0.63633,0.49872,12.42231
17.25319,840.00000,860.59234,0.63632,0.49872,12.42250
17.25419,840.00000,858.94537,0.63631,0.49872,12.42269
17.25519,840.00000,858.94537,0.63630,0.49872,12.42288
17.25619,840.00000,858.94537,0.63629,0.49872,12.42308
17.25719,840.00000,858.94537,0.63628,0.49872,12.42327
17.25819,840.00000,858.94537,0.63627,0.49872,12.42346
17.25919,840.00000,858.94537,0.63626,0.49872,12.42366
17.26019,840.00000,859.76806,0.63625,0.49872,12.42385
17.26119,840.00000,859.76806,0.63624,0.49872,12.42404
17.26219,840.00000,859.76806,0.63623,0.49872,12.42424
17.26319,840.00000,859.76806,0.63622,0.49872,12.42443
17.26419,840.00000,859.76806,0.63621,0.49872,12.42462
17.26519,840.00000,860.59234,0.63620,0.49872,12.42482
17.26619,840.00000,860.59234,0.63619,0.49872,12.42501
17.26719,840.00000,860.59234,0.63618,0.49872,12.42521
17.26819,840.00000,860.59234,0.63617,0.49872,12.42540
17.26919,840.00000,860.59234,0.63616,0.49872,12.42560
17.27019,840.00000,860.59234,0.63615,0.49872,12.42579
17.27119,840.00000,861.41833,0.63614,0.49872,12.42598
17.27219,840.00000,862.24578,0.63613,0.49872,12.42618
17.27319,840.00000,862.24578,0.63612,0.49872,12.42637
17.27420,840.00000,862.24578,0.63611,0.49872,12.42656
17.27522,840.00000,862.24578,0.63610,0.49872,12.42676
17.27619,840.00000,862.24578,0.63609,0.49872,12.42695
17.27719,840.00000,862.24578,0.63608,0.49872,12.42715
17.27819,840.00000,863.90557,0.63607,0.49872,12.42735
17.27919,840.00000,862.24578,0.63606,0.49872,12.42754
17.28019,840.00000,863.90557,0.63605,0.49872,12.42774
17.28119,840.00000,861.41833,0.63604,0.49872,12.42793
17.28219,840.00000,860.59234,0.63603,0.49872,12.42813
17.28319,840.00000,859.76806,0.63602,0.49872,12.42832
17.28419,840.00000,859.76806,0.63601,0.49872,12.42851
17.28519,840.00000,859.76806,0.63600,0.49872,12.42870
17.28619,840.00000,859.76806,0.63599,0.49872,12.42889
17.28719,840.00000,859.76806,0.63598,0.49872,12.42908
17.28819,840.00000,859.76806,0.63597,0.49872,12.42926
17.28919,840.00000,859.76806,0.63596,0.49872,12.42944
17.29019,840.00000,859.76806,0.63595,0.49872,12.42962
17.29119,840.00000,859.76806,0.63594,0.49872,12.42980
17.29219,840.00000,859.76806,0.63594,0.49872,12.42998
17.29319,840.00000,858.12420,0.63593,0.49872,12.43015
17.29419,840.00000,858.12420,0.63592,0.49872,12.43033
17.29519,840.00000,859.76806,0.63591,0.49872,12.43050
17.29619,840.00000,858.12420,0.63590,0.49872,12.43066
17.29719,840.00000,858.12420,0.63589,0.49872,12.43083
17.29819,840.00000,858.12420,0.63588,0.49872,12.43100
17.29919,840.00000,856.48657,0.63587,0.49872,12.43116
17.30019,840.00000,858.12420,0.63587,0.49872,12.43132
17.30119,840.00000,858.12420,0.63586,0.49872,12.43148
17.30219,840.00000,858.94537,0.63585,0.49872,12.43164
17.30319,840.00000,858.94537,0.63584,0.49872,12.43180
17.30419,840.00000,858.94537,0.63583,0.49872,12.43195
17.30519,840.00000,857.30456,0.63583,0.49872,12.43210
17.30619,840.00000,857.30456,0.63582,0.49872,12.43226
17.30719,840.00000,857.30456,0.63581,0.49872,12.43241
17.30819,840.00000,857.30456,0.63580,0.49872,12.43255
17.30919,840.00000,857.30456,0.63580,0.49872,12.43270
17.31019,840.00000,857.30456,0.63579,0.49872,12.43285
17.31119,840.00000,856.48657,0.63578,0.49872,12.43299
17.31219,840.00000,856.48657,0.63577,0.49872,12.43313
17.31319,840.00000,855.67004,0.63577,0.49872,12.43327
17.31419,840.00000,855.67004,0.63576,0.49872,12.43341
17.31519,840.00000,854.85510,0.63575,0.49872,12.43355
17.31619,840.00000,854.85510,0.63575,0.49872,12.43368
17.31719,840.00000,854.85510,0.63574,0.49872,12.43382
17.31819,840.00000,855.67004,0.63573,0.49872,12.43395
17.31919,840.00000,855.67004,0.63573,0.49872,12.43408
17.32019,840.00000,854.85510,0.63572,0.49872,12.43420
17.32119,840.00000,855.67004,0.63571,0.49872,12.43432
17.32219,840.00000,855.67004,0.63571,0.49872,12.43444
17.32319,840.00000,855.67004,0.63570,0.49872,12.43455
17.32419,840.00000,856.48657,0.63570,0.49872,12.43466
17.32519,840.00000,857.30456,0.63569,0.49872,12.43477
17.32619,840.00000,857.30456,0.63568,0.49872,12.43487
17.32719,840.00000,858.94537,0.63568,0.49872,12.43497
17.32819,840.00000,859.76806,0.63567,0.49872,12.43507
17.32919,840.00000,859.76806,0.63567,0.49872,12.43516
17.33019,840.00000,859.76806,0.63567,0.49872,12.43525
17.33119,840.00000,864.73785,0.63566,0.49872,12.43534
17.33219,840.00000,868.92340,0.63566,0.49872,12.43543
17.33319,840.00000,868.92340,0.63565,0.49872,12.43551
17.33419,840.00000,877.41723,0.63565,0.49872,12.43558
17.33519,840.00000,864.73785,0.63564,0.49872,12.43566
17.33619,840.00000,864.73785,0.63564,0.49872,12.43573
17.33719,840.00000,864.73785,0.63564,0.49872,12.43580
17.33819,840.00000,860.59234,0.63563,0.49872,12.43586
17.33919,840.00000,858.94537,0.63563,0.49872,12.43592
17.34019,840.00000,860.59234,0.63563,0.49872,12.43598
17.34119,840.00000,861.41833,0.63563,0.49872,12.43603
17.34219,840.00000,860.59234,0.63562,0.49872,12.43609
17.34319,840.00000,860.59234,0.63562,0.49872,12.43614
17.34419,840.00000,860.59234,0.63562,0.49872,12.43618
17.34519,840.00000,860.59234,0.63562,0.49872,12.43623
17.34619,840.00000,861.41833,0.63561,0.49872,12.43627
17.34719,840.00000,861.41833,0.63561,0.49872,12.43631
17.34819,840.00000,861.41833,0.63561,0.49872,12.43635
17.34919,840.00000,862.24578,0.63561,0.49872,12.43638
17.35019,840.00000,862.24578,0.63561,0.49872,12.43641
17.35119,840.00000,862.24578,0.63560,0.49872,12.43644
17.35219,840.00000,862.24578,0.63560,0.49872,12.43646
17.35319,840.00000,862.24578,0.63560,0.49872,12.43649
17.35419,840.00000,862.24578,0.63560,0.49872,12.43651
17.35519,840.00000,862.24578,0.63560,0.49872,12.43652
17.35619,840.00000,863.07495,0.63560,0.49872,12.43654
17.35719,840.00000,863.07495,0.63560,0.49872,12.43655
17.35819,840.00000,863.07495,0.63560,0.49872,12.43656
17.35919,840.00000,862.24578,0.63560,0.49872,12.43657
17.36019,840.00000,862.24578,0.63560,0.49872,12.43657
17.36119,840.00000,860.59234,0.63560,0.49872,12.43658
17.36219,840.00000,860.59234,0.63560,0.49872,12.43659
17.36319,840.00000,860.59234,0.63560,0.49872,12.43659
17.36419,840.00000,858.94537,0.63560,0.49872,12.43659
17.36519,840.00000,858.94537,0.63560,0.49872,12.43660
17.36619,840.00000,859.76806,0.63560,0.49872,12.43660
17.36719,840.00000,860.59234,0.63560,0.49872,12.43660
17.36819,840.00000,860.59234,0.63560,0.49872,12.43660
17.36919,840.00000,860.59234,0.63560,0.49872,12.43660
17.37019,840.00000,860.59234,0.63560,0.49872,12.43660
17.37119,840.00000,860.59234,0.63560,0.49872,12.43660
17.37219,840.00000,860.59234,0.63560,0.49872,12.43660
17.37319,840.00000,863.07495,0.63560,0.49872,12.43660
17.37419,840.00000,863.07495,0.63560,0.49872,12.43660
17.37519,840.00000,863.07495,0.63560,0.49872,12.43660
17.37619,840.00000,863.07495,0.63560,0.49872,12.43660
17.37719,840.00000,860.59234,0.63560,0.49872,12.43660
17.37819,840.00000,860.59234,0.63560,0.49872,12.43660
17.37919,840.00000,859.76806,0.63560,0.49872,12.43661
17.38019,840.00000,860.59234,0.63560,0.49872,12.43661
17.38119,840.00000,859.76806,0.63560,0.49872,12.43662
17.38219,840.00000,859.76806,0.63560,0.49872,12.43663
17.38319,840.00000,858.94537,0.63559,0.49872,12.43664
17.38418,840.00000,858.94537,0.63559,0.49872,12.43665
17.38519,840.00000,857.30456,0.63559,0.49872,12.43667
17.38619,840.00000,857.30456,0.63559,0.49872,12.43669
17.38719,840.00000,857.30456,0.63559,0.49872,12.43671
17.38819,840.00000,857.30456,0.63559,0.49872,12.43672
17.38919,840.00000,857.30456,0.63559,0.49872,12.43674
17.39019,840.00000,859.76806,0.63559,0.49872,12.43676
17.39119,840.00000,857.30456,0.63559,0.49872,12.43678
17.39219,840.00000,857.30456,0.63559,0.49872,12.43681
17.39319,840.00000,859.76806,0.63558,0.49872,12.43683
17.39419,840.00000,860.59234,0.63558,0.49872,12.43685
17.39519,840.00000,860.59234,0.63558,0.49872,12.43688
17.39619,840.00000,859.76806,0.63558,0.49872,12.43691
17.39719,840.00000,858.12420,0.63558,0.49872,12.43694
17.39819,840.00000,858.12420,0.63558,0.49872,12.43697
17.39919,840.00000,857.30456,0.63558,0.49872,12.43700
17.40019,840.00000,856.48657,0.63557,0.49872,12.43703
17.40119,840.00000,857.30456,0.63557,0.49872,12.43706
17.40219,840.00000,858.12420,0.63557,0.49872,12.43709
17.40319,840.00000,857.30456,0.63557,0.49872,12.43713
17.40419,840.00000,856.48657,0.63557,0.49872,12.43717
17.40519,840.00000,856.48657,0.63557,0.49872,12.43720
17.40619,840.00000,856.48657,0.63556,0.49872,12.43724
17.40719,840.00000,858.12420,0.63556,0.49872,12.43728
17.40819,840.00000,858.12420,0.63556,0.49872,12.43732
17.40919,840.00000,856.48657,0.63556,0.49872,12.43736
17.41019,840.00000,858.12420,0.63556,0.49872,12.43740
17.41119,840.00000,859.76806,0.63555,0.49872,12.43745
17.41219,840.00000,861.41833,0.63555,0.49872,12.43749
17.41319,840.00000,861.41833,0.63555,0.49872,12.43754
17.41419,840.00000,861.41833,0.63555,0.49872,12.43758
17.41519,840.00000,863.07495,0.63554,0.49872,12.43763
17.41619,840.00000,863.07495,0.63554,0.49872,12.43768
17.41719,840.00000,861.41833,0.63554,0.49872,12.43773
17.41819,840.00000,861.41833,0.63554,0.49872,12.43778
17.41919,840.00000,861.41833,0.63553,0.49872,12.43782
17.42020,840.00000,861.41833,0.63553,0.49872,12.43787
17.42122,840.00000,862.24578,0.63553,0.49872,12.43793
17.42219,840.00000,858.94537,0.63553,0.49872,12.43798
17.42319,840.00000,858.94537,0.63552,0.49872,12.43803
17.42419,840.00000,858.94537,0.63552,0.49872,12.43808
17.42519,840.00000,858.94537,0.63552,0.49872,12.43814
17.42619,840.00000,858.94537,0.63552,0.49872,12.43819
17.42719,840.00000,858.94537,0.63551,0.49872,12.43825
17.42819,840.00000,860.59234,0.63551,0.49872,12.43831
17.42919,840.00000,860.59234,0.63551,0.49872,12.43837
17.43019,840.00000,860.59234,0.63550,0.49872,12.43842
17.43119,840.00000,860.59234,0.63550,0.49872,12.43848
17.43219,840.00000,860.59234,0.63550,0.49872,12.43854
17.43319,840.00000,860.59234,0.63549,0.49872,12.43860
17.43419,840.00000,860.59234,0.63549,0.49872,12.43867
17.43519,840.00000,860.59234,0.63549,0.49872,12.43873
17.43619,840.00000,860.59234,0.63548,0.49872,12.43879
17.43719,840.00000,860.59234,0.63548,0.49872,12.43885
17.43819,840.00000,860.59234,0.63548,0.49872,12.43892
17.43919,840.00000,861.41833,0.63547,0.49872,12.43898
17.44019,840.00000,861.41833,0.63547,0.49872,12.43905
17.44119,840.00000,861.41833,0.63547,0.49872,12.43911
17.44219,840.00000,861.41833,0.63546,0.49872,12.43918
17.44319,840.00000,861.41833,0.63546,0.49872,12.43925
17.44419,840.00000,860.59234,0.63546,0.49872,12.43932
17.44519,840.00000,860.59234,0.63545,0.49872,12.43939
17.44619,840.00000,858.94537,0.63545,0.49872,12.43945
17.44719,840.00000,861.41833,0.63545,0.49872,12.43953
17.44819,840.00000,861.41833,0.63544,0.49872,12.43960
17.44919,840.00000,861.41833,0.63544,0.49872,12.43967
17.45019,840.00000,858.94537,0.63544,0.49872,12.43974
17.45119,840.00000,856.48657,0.63543,0.49872,12.43981
17.45219,840.00000,856.48657,0.63543,0.49872,12.43989
17.45319,840.00000,862.24578,0.63542,0.49872,12.43996
17.45419,840.00000,862.24578,0.63542,0.49872,12.44003
17.45519,840.00000,862.24578,0.63542,0.49872,12.44011
17.45619,840.00000,862.24578,0.63541,0.49872,12.44019
17.45719,840.00000,862.24578,0.63541,0.49872,12.44026
17.45819,840.00000,858.94537,0.63541,0.49872,12.44034
17.45919,840.00000,856.48657,0.63540,0.49872,12.44042
17.46019,840.00000,856.48657,0.63540,0.49872,12.44050
17.46119,840.00000,856.48657,0.63539,0.49872,12.44058
17.46219,840.00000,858.94537,0.63539,0.49872,12.44065
17.46319,840.00000,858.94537,0.63539,0.49872,12.44073
17.46419,840.00000,856.48657,0.63538,0.49872,12.44081
17.46519,840.00000,858.12420,0.63538,0.49872,12.44089
17.46619,840.00000,858.12420,0.63537,0.49872,12.44097
17.46719,840.00000,858.12420,0.63537,0.49872,12.44106
17.46819,840.00000,858.12420,0.63536,0.49872,12.44114
17.46919,840.00000,858.12420,0.63536,0.49872,12.44122
17.47019,840.00000,858.12420,0.63536,0.49872,12.44130
17.47119,840.00000,858.12420,0.63535,0.49872,12.44139
17.47219,840.00000,858.12420,0.63535,0.49872,12.44147
17.47319,840.00000,858.12420,0.63534,0.49872,12.44155
17.47419,840.00000,861.41833,0.63534,0.49872,12.44163
17.47519,840.00000,861.41833,0.63534,0.49872,12.44172
17.47619,840.00000,861.41833,0.63533,0.49872,12.44179
17.47719,840.00000,861.41833,0.63533,0.49872,12.44187
17.47819,840.00000,861.41833,0.63532,0.49872,12.44195
17.47919,840.00000,861.41833,0.63532,0.49872,12.44202
17.48019,840.00000,861.41833,0.63532,0.49872,12.44209
17.48119,840.00000,861.41833,0.63531,0.49872,12.44216
17.48218,840.00000,858.94537,0.63531,0.49872,12.44223
17.48319,840.00000,858.94537,0.63531,0.49872,12.44230
17.48419,840.00000,858.12420,0.63530,0.49872,12.44236
17.48519,840.00000,858.12420,0.63530,0.49872,12.44243
17.48619,840.00000,858.94537,0.63530,0.49872,12.44249
17.48719,840.00000,858.94537,0.63529,0.49872,12.44255
17.48819,840.00000,858.94537,0.63529,0.49872,12.44262
17.48919,840.00000,859.76806,0.63529,0.49872,12.44267
17.49019,840.00000,859.76806,0.63528,0.49872,12.44273
17.49119,840.00000,859.76806,0.63528,0.49872,12.44278
17.49219,840.00000,859.76806,0.63528,0.49872,12.44283
17.49319,840.00000,859.76806,0.63528,0.49872,12.44287
17.49419,840.00000,861.41833,0.63527,0.49872,12.44291
17.49519,840.00000,859.76806,0.63527,0.49872,12.44295
17.49619,840.00000,859.76806,0.63527,0.49872,12.44299
17.49719,840.00000,859.76806,0.63527,0.49872,12.44302
17.49819,840.00000,859.76806,0.63527,0.49872,12.44305
17.49919,840.00000,859.76806,0.63527,0.49872,12.44308
17.50019,840.00000,859.76806,0.63526,0.49872,12.44310
17.50119,840.00000,859.76806,0.63526,0.49872,12.44313
17.50219,840.00000,859.76806,0.63526,0.49872,12.44315
17.50319,840.00000,859.76806,0.63526,0.49872,12.44316
17.50419,840.00000,860.59234,0.63526,0.49872,12.44317
17.50519,840.00000,859.76806,0.63526,0.49872,12.44318
17.50619,840.00000,859.76806,0.63526,0.49872,12.44318
17.50719,840.00000,859.76806,0.63526,0.49872,12.44317
17.50819,840.00000,858.94537,0.63526,0.49872,12.44316
17.50919,840.00000,858.94537,0.63526,0.49872,12.44314
17.51019,840.00000,858.94537,0.63526,0.49872,12.44312
17.51119,840.00000,858.94537,0.63526,0.49872,12.44310
17.51219,840.00000,858.94537,0.63527,0.49872,12.44307
17.51319,840.00000,858.12420,0.63527,0.49872,12.44303
17.51419,840.00000,857.30456,0.63527,0.49872,12.44299
17.51519,840.00000,857.30456,0.63527,0.49872,12.44295
17.51619,840.00000,855.67004,0.63527,0.49872,12.44290
17.51719,840.00000,857.30456,0.63528,0.49872,12.44285
17.51819,840.00000,858.12420,0.63528,0.49872,12.44280
17.51919,840.00000,858.12420,0.63528,0.49872,12.44274
17.52019,840.00000,858.12420,0.63529,0.49872,12.44267
17.52119,840.00000,858.12420,0.63529,0.49872,12.44261
17.52219,840.00000,858.12420,0.63529,0.49872,12.44254
17.52319,840.00000,858.12420,0.63530,0.49872,12.44246
17.52419,840.00000,854.85510,0.63530,0.49872,12.44238
17.52519,840.00000,858.12420,0.63531,0.49872,12.44230
17.52619,840.00000,858.12420,0.63531,0.49872,12.44221
17.52719,840.00000,866.40722,0.63531,0.49872,12.44212
17.52819,840.00000,866.40722,0.63532,0.49872,12.44202
17.52919,840.00000,863.07495,0.63532,0.49872,12.44192
17.53019,840.00000,866.40722,0.63533,0.49872,12.44182
17.53119,840.00000,866.40722,0.63534,0.49872,12.44172
17.53219,840.00000,863.07495,0.63534,0.49872,12.44161
17.53319,840.00000,863.07495,0.63535,0.49872,12.44150
17.53419,840.00000,866.40722,0.63535,0.49872,12.44138
17.53519,840.00000,863.07495,0.63536,0.49872,12.44126
17.53619,840.00000,862.24578,0.63536,0.49872,12.44114
17.53719,840.00000,861.41833,0.63537,0.49872,12.44102
17.53819,840.00000,861.41833,0.63538,0.49872,12.44089
17.53919,840.00000,860.59234,0.63538,0.49872,12.44075
17.54019,840.00000,860.59234,0.63539,0.49872,12.44062
17.54119,840.00000,860.59234,0.63540,0.49872,12.44048
17.54219,840.00000,860.59234,0.63541,0.49872,12.44034
17.54319,840.00000,861.41833,0.63541,0.49872,12.44019
17.54418,840.00000,860.59234,0.63542,0.49872,12.44004
17.54519,840.00000,860.59234,0.63543,0.49872,12.43989
17.54619,840.00000,861.41833,0.63544,0.49872,12.43974
17.54719,840.00000,860.59234,0.63544,0.49872,12.43958
17.54819,840.00000,860.59234,0.63545,0.49872,12.43942
17.54919,840.00000,860.59234,0.63546,0.49872,12.43925
17.55019,840.00000,861.41833,0.63547,0.49872,12.43909
17.55119,840.00000,862.24578,0.63548,0.49872,12.43892
17.55219,840.00000,862.24578,0.63549,0.49872,12.43875
17.55319,840.00000,862.24578,0.63550,0.49872,12.43857
17.55419,840.00000,861.41833,0.63550,0.49872,12.43839
17.55519,840.00000,861.41833,0.63551,0.49872,12.43821
17.55619,840.00000,861.41833,0.63552,0.49872,12.43803
17.55719,840.00000,859.76806,0.63553,0.49872,12.43784
17.55819,840.00000,861.41833,0.63554,0.49872,12.43765
17.55919,840.00000,861.41833,0.63555,0.49872,12.43746
17.56019,840.00000,861.41833,0.63556,0.49872,12.43726
17.56119,840.00000,854.85510,0.63557,0.49872,12.43706
17.56219,840.00000,854.85510,0.63558,0.49872,12.43686
17.56319,840.00000,861.41833,0.63559,0.49872,12.43666
17.56419,840.00000,861.41833,0.63560,0.49872,12.43645
17.56519,840.00000,858.12420,0.63561,0.49872,12.43625
17.56621,840.00000,858.12420,0.63562,0.49872,12.43605
17.56722,840.00000,861.41833,0.63564,0.49872,12.43584
17.56819,840.00000,858.12420,0.63565,0.49872,12.43564
17.56919,840.00000,861.41833,0.63566,0.49872,12.43543
17.57019,840.00000,861.41833,0.63567,0.49872,12.43522
17.57119,840.00000,858.12420,0.63568,0.49872,12.43501
17.57219,840.00000,858.12420,0.63569,0.49872,12.43480
17.57319,840.00000,858.12420,0.63570,0.49872,12.43459
17.57419,840.00000,858.12420,0.63571,0.49872,12.43438
17.57519,840.00000,858.12420,0.63572,0.49872,12.43416
17.57619,840.00000,857.30456,0.63573,0.49872,12.43394
17.57719,840.00000,858.94537,0.63574,0.49872,12.43371
17.57819,840.00000,854.85510,0.63576,0.49872,12.43349
17.57919,840.00000,855.67004,0.63577,0.49872,12.43326
17.58019,840.00000,855.67004,0.63578,0.49872,12.43303
17.58119,840.00000,855.67004,0.63579,0.49872,12.43279
17.58219,840.00000,855.67004,0.63580,0.49872,12.43256
17.58319,840.00000,855.67004,0.63582,0.49872,12.43232
17.58419,840.00000,855.67004,0.63583,0.49872,12.43208
17.58519,840.00000,860.59234,0.63584,0.49872,12.43184
17.58619,840.00000,863.07495,0.63585,0.49872,12.43160
17.58719,840.00000,863.07495,0.63586,0.49872,12.43136
17.58819,840.00000,863.07495,0.63588,0.49872,12.43111
17.58919,840.00000,863.07495,0.63589,0.49872,12.43086
17.59019,840.00000,860.59234,0.63590,0.49872,12.43061
17.59119,840.00000,860.59234,0.63592,0.49872,12.43036
17.59219,840.00000,860.59234,0.63593,0.49872,12.43010
17.59319,840.00000,860.59234,0.63594,0.49872,12.42985
17.59419,840.00000,860.59234,0.63596,0.49872,12.42959
17.59519,840.00000,861.41833,0.63597,0.49872,12.42933
17.59619,840.00000,861.41833,0.63598,0.49872,12.42907
17.59719,840.00000,860.59234,0.63600,0.49872,12.42881
17.59819,840.00000,859.76806,0.63601,0.49872,12.42854
17.59919,840.00000,859.76806,0.63602,0.49872,12.42828
17.60019,840.00000,860.59234,0.63604,0.49872,12.42802
17.60119,840.00000,860.59234,0.63605,0.49872,12.42776
17.60219,840.00000,860.59234,0.63606,0.49872,12.42750
17.60319,840.00000,860.59234,0.63608,0.49872,12.42723
17.60419,840.00000,860.59234,0.63609,0.49872,12.42697
17.60519,840.00000,859.76806,0.63610,0.49872,12.42671
17.60619,840.00000,859.76806,0.63612,0.49872,12.42645
17.60719,840.00000,860.59234,0.63613,0.49872,12.42619
17.60819,840.00000,860.59234,0.63614,0.49872,12.42593
17.60919,840.00000,860.59234,0.63616,0.49872,12.42567
17.61019,840.00000,862.24578,0.63617,0.49872,12.42541
17.61119,840.00000,860.59234,0.63618,0.49872,12.42515
17.61219,840.00000,862.24578,0.63620,0.49872,12.42489
17.61319,840.00000,862.24578,0.63621,0.49872,12.42463
17.61419,840.00000,862.24578,0.63622,0.49872,12.42438
17.61519,840.00000,862.24578,0.63624,0.49872,12.42412
17.61619,840.00000,862.24578,0.63625,0.49872,12.42386
17.61719,840.00000,861.41833,0.63626,0.49872,12.42360
17.61819,840.00000,861.41833,0.63627,0.49872,12.42335
17.61919,840.00000,859.76806,0.63629,0.49872,12.42309
17.62019,840.00000,859.76806,0.63630,0.49872,12.42284
17.62119,840.00000,858.94537,0.63631,0.49872,12.42258
17.62219,840.00000,858.94537,0.63633,0.49872,12.42233
17.62319,840.00000,858.94537,0.63634,0.49872,12.42207
17.62419,840.00000,858.94537,0.63635,0.49872,12.42182
17.62519,840.00000,858.94537,0.63637,0.49872,12.42156
17.62619,840.00000,858.94537,0.63638,0.49872,12.42131
17.62719,840.00000,858.94537,0.63639,0.49872,12.42106
17.62819,840.00000,858.94537,0.63640,0.49872,12.42080
17.62919,840.00000,859.76806,0.63642,0.49872,12.42055
17.63019,840.00000,859.76806,0.63643,0.49872,12.42030
17.63119,840.00000,859.76806,0.63644,0.49872,12.42005
17.63219,840.00000,859.76806,0.63646,0.49872,12.41980
17.63319,840.00000,859.76806,0.63647,0.49872,12.41955
17.63419,840.00000,859.76806,0.63648,0.49872,12.41930
17.63519,840.00000,859.76806,0.63649,0.49872,12.41906
17.63619,840.00000,859.76806,0.63651,0.49872,12.41881
17.63719,840.00000,859.76806,0.63652,0.49872,12.41858
17.63819,840.00000,859.76806,0.63653,0.49872,12.41834
17.63919,840.00000,859.76806,0.63654,0.49872,12.41811
17.64019,840.00000,859.76806,0.63655,0.49872,12.41788
17.64119,840.00000,859.76806,0.63657,0.49872,12.41765
17.64219,840.00000,859.76806,0.63658,0.49872,12.41742
17.64319,840.00000,859.76806,0.63659,0.49872,12.41719
17.64419,840.00000,859.76806,0.63660,0.49872,12.41697
17.64519,840.00000,859.76806,0.63661,0.49872,12.41674
17.64619,840.00000,859.76806,0.63662,0.49872,12.41652
17.64719,840.00000,859.76806,0.63664,0.49872,12.41630
17.64819,840.00000,859.76806,0.63665,0.49872,12.41609
17.64919,840.00000,859.76806,0.63666,0.49872,12.41588
17.65019,840.00000,859.76806,0.63667,0.49872,12.41567
17.65119,840.00000,859.76806,0.63668,0.49872,12.41547
17.65219,840.00000,859.76806,0.63669,0.49872,12.41527
17.65319,840.00000,860.59234,0.63670,0.49872,12.41508
17.65419,840.00000,861.41833,0.63671,0.49872,12.41488
17.65519,840.00000,861.41833,0.63672,0.49872,12.41470
17.65619,840.00000,861.41833,0.63673,0.49872,12.41451
17.65719,840.00000,861.41833,0.63674,0.49872,12.41433
17.65819,840.00000,861.41833,0.63675,0.49872,12.41416
17.65919,840.00000,861.41833,0.63675,0.49872,12.41399
17.66019,840.00000,861.41833,0.63676,0.49872,12.41382
17.66119,840.00000,860.59234,0.63677,0.49872,12.41365
17.66219,840.00000,860.59234,0.63678,0.49872,12.41349
17.66319,840.00000,861.41833,0.63679,0.49872,12.41334
17.66419,840.00000,861.41833,0.63680,0.49872,12.41319
17.66519,840.00000,860.59234,0.63680,0.49872,12.41304
17.66619,840.00000,860.59234,0.63681,0.49872,12.41289
17.66719,840.00000,857.30456,0.63682,0.49872,12.41275
17.66819,840.00000,857.30456,0.63682,0.49872,12.41261
17.66919,840.00000,857.30456,0.63683,0.49872,12.41248
17.67019,840.00000,857.30456,0.63684,0.49872,12.41235
17.67119,840.00000,856.48657,0.63685,0.49872,12.41222
17.67219,840.00000,858.94537,0.63685,0.49872,12.41209
17.67319,840.00000,858.12420,0.63686,0.49872,12.41197
17.67419,840.00000,856.48657,0.63686,0.49872,12.41186
17.67519,840.00000,858.12420,0.63687,0.49872,12.41174
17.67619,840.00000,858.12420,0.63687,0.49872,12.41164
17.67719,840.00000,858.94537,0.63688,0.49872,12.41153
17.67819,840.00000,858.94537,0.63689,0.49872,12.41143
17.67919,840.00000,861.41833,0.63689,0.49872,12.41133
17.68019,840.00000,861.41833,0.63690,0.49872,12.41123
17.68119,840.00000,861.41833,0.63690,0.49872,12.41114
17.68219,840.00000,859.76806,0.63691,0.49872,12.41105
17.68319,840.00000,859.76806,0.63691,0.49872,12.41096
17.68419,840.00000,861.41833,0.63691,0.49872,12.41088
17.68519,840.00000,859.76806,0.63692,0.49872,12.41080
17.68618,840.00000,859.76806,0.63692,0.49872,12.41073
17.68719,840.00000,859.76806,0.63692,0.49872,12.41067
17.68819,840.00000,859.76806,0.63693,0.49872,12.41061
17.68919,840.00000,857.30456,0.63693,0.49872,12.41055
17.69019,840.00000,857.30456,0.63693,0.49872,12.41050
17.69119,840.00000,859.76806,0.63694,0.49872,12.41045
17.69219,840.00000,860.59234,0.63694,0.49872,12.41041
17.69319,840.00000,860.59234,0.63694,0.49872,12.41037
17.69419,840.00000,861.41833,0.63694,0.49872,12.41034
17.69519,840.00000,860.59234,0.63694,0.49872,12.41031
17.69619,840.00000,860.59234,0.63694,0.49872,12.41029
17.69719,840.00000,861.41833,0.63695,0.49872,12.41027
17.69819,840.00000,860.59234,0.63695,0.49872,12.41025
17.69919,840.00000,861.41833,0.63695,0.49872,12.41024
17.70019,840.00000,860.59234,0.63695,0.49872,12.41024
17.70119,840.00000,861.41833,0.63695,0.49872,12.41024
17.70219,840.00000,863.90557,0.63695,0.49872,12.41024
17.70319,840.00000,863.90557,0.63695,0.49872,12.41025
17.70419,840.00000,861.41833,0.63695,0.49872,12.41027
17.70519,840.00000,861.41833,0.63694,0.49872,12.41029
17.70619,840.00000,863.90557,0.63694,0.49872,12.41031
17.70719,840.00000,863.07495,0.63694,0.49872,12.41034
17.70819,840.00000,863.07495,0.63694,0.49872,12.41037
17.70919,840.00000,862.24578,0.63694,0.49872,12.41040
17.71019,840.00000,862.24578,0.63694,0.49872,12.41044
17.71119,840.00000,861.41833,0.63693,0.49872,12.41048
17.71221,840.00000,861.41833,0.63693,0.49872,12.41053
17.71322,840.00000,861.41833,0.63693,0.49872,12.41058
17.71419,840.00000,861.41833,0.63693,0.49872,12.41063
17.71519,840.00000,861.41833,0.63692,0.49872,12.41069
17.71619,840.00000,861.41833,0.63692,0.49872,12.41075
17.71719,840.00000,861.41833,0.63692,0.49872,12.41082
17.71819,840.00000,860.59234,0.63691,0.49872,12.41088
17.71919,840.00000,860.59234,0.63691,0.49872,12.41095
17.72019,840.00000,859.76806,0.63691,0.49872,12.41103
17.72119,840.00000,860.59234,0.63690,0.49872,12.41110
17.72219,840.00000,859.76806,0.63690,0.49872,12.41117
17.72319,840.00000,859.76806,0.63689,0.49872,12.41125
17.72419,840.00000,859.76806,0.63689,0.49872,12.41133
17.72519,840.00000,859.76806,0.63689,0.49872,12.41141
17.72619,840.00000,859.76806,0.63688,0.49872,12.41149
17.72719,840.00000,857.30456,0.63688,0.49872,12.41157
17.72819,840.00000,863.90557,0.63687,0.49872,12.41166
17.72919,840.00000,857.30456,0.63687,0.49872,12.41175
17.73019,840.00000,857.30456,0.63686,0.49872,12.41183
17.73119,840.00000,857.30456,0.63686,0.49872,12.41192
17.73219,840.00000,857.30456,0.63686,0.49872,12.41202
17.73319,840.00000,857.30456,0.63685,0.49872,12.41211
17.73419,840.00000,857.30456,0.63685,0.49872,12.41220
17.73519,840.00000,855.67004,0.63684,0.49872,12.41230
17.73619,840.00000,861.41833,0.63684,0.49872,12.41239
17.73719,840.00000,861.41833,0.63683,0.49872,12.41249
17.73819,840.00000,861.41833,0.63683,0.49872,12.41259
17.73919,840.00000,858.12420,0.63682,0.49872,12.41269
17.74019,840.00000,858.12420,0.63682,0.49872,12.41279
17.74119,840.00000,861.41833,0.63681,0.49872,12.41290
17.74219,840.00000,861.41833,0.63680,0.49872,12.41300
17.74319,840.00000,861.41833,0.63680,0.49872,12.41311
17.74419,840.00000,859.76806,0.63679,0.49872,12.41322
17.74519,840.00000,859.76806,0.63679,0.49872,12.41333
17.74619,840.00000,859.76806,0.63678,0.49872,12.41344
17.74719,840.00000,858.12420,0.63678,0.49872,12.41355
17.74819,840.00000,859.76806,0.63677,0.49872,12.41366
17.74919,840.00000,859.76806,0.63677,0.49872,12.41378
17.75019,840.00000,859.76806,0.63676,0.49872,12.41389
17.75119,840.00000,859.76806,0.63675,0.49872,12.41400
17.75219,840.00000,859.76806,0.63675,0.49872,12.41411
17.75319,840.00000,859.76806,0.63674,0.49872,12.41423
17.75419,840.00000,859.76806,0.63674,0.49872,12.41434
17.75519,840.00000,868.08306,0.63673,0.49872,12.41445
17.75619,840.00000,859.76806,0.63673,0.49872,12.41456
17.75719,840.00000,859.76806,0.63672,0.49872,12.41467
17.75819,840.00000,859.76806,0.63671,0.49872,12.41477
17.75919,840.00000,859.76806,0.63671,0.49872,12.41488
17.76019,840.00000,859.76806,0.63670,0.49872,12.41499
17.76119,840.00000,859.76806,0.63670,0.49872,12.41510
17.76219,840.00000,869.34417,0.63669,0.49872,12.41521
17.76319,840.00000,859.76806,0.63669,0.49872,12.41531
17.76419,840.00000,859.76806,0.63668,0.49872,12.41542
17.76519,840.00000,858.94537,0.63668,0.49872,12.41552
17.76619,840.00000,858.94537,0.63667,0.49872,12.41563
17.76719,840.00000,858.94537,0.63666,0.49872,12.41573
17.76819,840.00000,858.94537,0.63666,0.49872,12.41584
17.76919,840.00000,858.94537,0.63665,0.49872,12.41594
17.77019,840.00000,858.94537,0.63665,0.49872,12.41604
17.77119,840.00000,858.94537,0.63664,0.49872,12.41615
17.77219,840.00000,858.94537,0.63664,0.49872,12.41625
17.77319,840.00000,858.94537,0.63663,0.49872,12.41635
17.77419,840.00000,859.76806,0.63663,0.49872,12.41644
17.77519,840.00000,859.76806,0.63662,0.49872,12.41654
17.77619,840.00000,861.41833,0.63662,0.49872,12.41663
17.77719,840.00000,862.24578,0.63661,0.49872,12.41671
17.77819,840.00000,862.24578,0.63661,0.49872,12.41680
17.77919,840.00000,862.24578,0.63661,0.49872,12.41688
17.78019,840.00000,863.90557,0.63660,0.49872,12.41696
17.78119,840.00000,863.90557,0.63660,0.49872,12.41704
17.78219,840.00000,863.90557,0.63659,0.49872,12.41712
17.78319,840.00000,863.90557,0.63659,0.49872,12.41719
17.78419,840.00000,863.90557,0.63659,0.49872,12.41726
17.78519,840.00000,862.24578,0.63658,0.49872,12.41733
17.78619,840.00000,862.24578,0.63658,0.49872,12.41739
17.78719,840.00000,861.41833,0.63658,0.49872,12.41746
17.78819,840.00000,861.41833,0.63657,0.49872,12.41752
17.78919,840.00000,861.41833,0.63657,0.49872,12.41758
17.79019,840.00000,862.24578,0.63657,0.49872,12.41763
17.79119,840.00000,861.41833,0.63656,0.49872,12.41769
17.79219,840.00000,860.59234,0.63656,0.49872,12.41774
17.79319,840.00000,860.59234,0.63656,0.49872,12.41779
17.79419,840.00000,860.59234,0.63656,0.49872,12.41784
17.79519,840.00000,860.59234,0.63655,0.49872,12.41788
17.79619,840.00000,860.59234,0.63655,0.49872,12.41792
17.79719,840.00000,860.59234,0.63655,0.49872,12.41796
17.79819,840.00000,860.59234,0.63655,0.49872,12.41800
17.79919,840.00000,858.12420,0.63655,0.49872,12.41804
17.80019,840.00000,858.12420,0.63654,0.49872,12.41808
17.80119,840.00000,858.12420,0.63654,0.49872,12.41811
17.80219,840.00000,860.59234,0.63654,0.49872,12.41814
17.80319,840.00000,858.12420,0.63654,0.49872,12.41817
17.80418,840.00000,858.12420,0.63654,0.49872,12.41819
17.80519,840.00000,860.59234,0.63654,0.49872,12.41821
17.80619,840.00000,860.59234,0.63654,0.49872,12.41823
17.80719,840.00000,858.12420,0.63654,0.49872,12.41824
17.80819,840.00000,860.59234,0.63654,0.49872,12.41825
17.80919,840.00000,860.59234,0.63654,0.49872,12.41826
17.81019,840.00000,860.59234,0.63654,0.49872,12.41826
17.81119,840.00000,860.59234,0.63654,0.49872,12.41825
17.81219,840.00000,860.59234,0.63654,0.49872,12.41824
17.81319,840.00000,865.57177,0.63654,0.49872,12.41823
17.81419,840.00000,865.57177,0.63654,0.49872,12.41821
17.81519,840.00000,868.92340,0.63654,0.49872,12.41819
17.81619,840.00000,865.57177,0.63654,0.49872,12.41817
17.81719,840.00000,868.92340,0.63654,0.49872,12.41814
17.81819,840.00000,865.57177,0.63654,0.49872,12.41811
17.81919,840.00000,865.57177,0.63654,0.49872,12.41808
17.82019,840.00000,858.94537,0.63655,0.49872,12.41804
17.82119,840.00000,858.94537,0.63655,0.49872,12.41800
17.82219,840.00000,863.07495,0.63655,0.49872,12.41796
17.82319,840.00000,858.94537,0.63655,0.49872,12.41791
17.82419,840.00000,862.24578,0.63656,0.49872,12.41786
17.82519,840.00000,858.94537,0.63656,0.49872,12.41780
17.82619,840.00000,858.94537,0.63656,0.49872,12.41774
17.82719,840.00000,858.94537,0.63657,0.49872,12.41767
17.82819,840.00000,858.94537,0.63657,0.49872,12.41760
17.82919,840.00000,858.94537,0.63657,0.49872,12.41753
17.83019,840.00000,858.94537,0.63658,0.49872,12.41744
17.83119,840.00000,858.94537,0.63658,0.49872,12.41736
17.83219,840.00000,858.12420,0.63659,0.49872,12.41727
17.83319,840.00000,857.30456,0.63659,0.49872,12.41717
17.83419,840.00000,857.30456,0.63660,0.49872,12.41707
17.83519,840.00000,856.48657,0.63660,0.49872,12.41696
17.83619,840.00000,856.48657,0.63661,0.49872,12.41685
17.83719,840.00000,855.67004,0.63661,0.49872,12.41674
17.83819,840.00000,855.67004,0.63662,0.49872,12.41662
17.83919,840.00000,856.48657,0.63663,0.49872,12.41649
17.84019,840.00000,855.67004,0.63663,0.49872,12.41636
17.84119,840.00000,856.48657,0.63664,0.49872,12.41623
17.84219,840.00000,855.67004,0.63665,0.49872,12.41609
17.84319,840.00000,857.30456,0.63665,0.49872,12.41595
17.84419,840.00000,857.30456,0.63666,0.49872,12.41581
17.84519,840.00000,857.30456,0.63667,0.49872,12.41566
17.84619,840.00000,857.30456,0.63668,0.49872,12.41551
17.84719,840.00000,857.30456,0.63668,0.49872,12.41535
17.84819,840.00000,857.30456,0.63669,0.49872,12.41519
17.84919,840.00000,857.30456,0.63670,0.49872,12.41502
17.85019,840.00000,857.30456,0.63671,0.49872,12.41486
17.85119,840.00000,857.30456,0.63672,0.49872,12.41468
17.85219,840.00000,857.30456,0.63673,0.49872,12.41450
17.85319,840.00000,857.30456,0.63674,0.49872,12.41432
17.85419,840.00000,857.30456,0.63675,0.49872,12.41414
17.85519,840.00000,855.67004,0.63676,0.49872,12.41395
17.85619,840.00000,855.67004,0.63677,0.49872,12.41376
17.85719,840.00000,857.30456,0.63678,0.49872,12.41356
17.85819,840.00000,865.57177,0.63679,0.49872,12.41336
17.85920,840.00000,858.94537,0.63680,0.49872,12.41315
17.86022,840.00000,863.07495,0.63681,0.49872,12.41293
17.86119,840.00000,858.94537,0.63682,0.49872,12.41271
17.86219,840.00000,863.07495,0.63683,0.49872,12.41248
17.86319,840.00000,863.07495,0.63684,0.49872,12.41225
17.86419,840.00000,860.59234,0.63686,0.49872,12.41201
17.86519,840.00000,860.59234,0.63687,0.49872,12.41177
17.86619,840.00000,863.07495,0.63688,0.49872,12.41152
17.86719,840.00000,860.59234,0.63689,0.49872,12.41127
17.86819,840.00000,860.59234,0.63691,0.49872,12.41102
17.86919,840.00000,860.59234,0.63692,0.49872,12.41075
17.87019,840.00000,860.59234,0.63693,0.49872,12.41049
17.87119,840.00000,860.59234,0.63695,0.49872,12.41022
17.87219,840.00000,860.59234,0.63696,0.49872,12.40994
17.87319,840.00000,861.41833,0.63698,0.49872,12.40966
17.87419,840.00000,861.41833,0.63699,0.49872,12.40938
17.87519,840.00000,861.41833,0.63701,0.49872,12.40909
17.87619,840.00000,859.76806,0.63702,0.49872,12.40880
17.87719,840.00000,861.41833,0.63704,0.49872,12.40851
17.87819,840.00000,861.41833,0.63705,0.49872,12.40821
17.87919,840.00000,859.76806,0.63707,0.49872,12.40792
17.88019,840.00000,859.76806,0.63708,0.49872,12.40762
17.88119,840.00000,854.04180,0.63710,0.49872,12.40732
17.88219,840.00000,858.94537,0.63711,0.49872,12.40701
17.88319,840.00000,857.30456,0.63713,0.49872,12.40670
17.88419,840.00000,854.04180,0.63714,0.49872,12.40639
17.88519,840.00000,854.04180,0.63716,0.49872,12.40608
17.88619,840.00000,854.04180,0.63718,0.49872,12.40577
17.88719,840.00000,856.48657,0.63719,0.49872,12.40545
17.88819,840.00000,854.04180,0.63721,0.49872,12.40513
17.88919,840.00000,856.48657,0.63723,0.49872,12.40481
17.89019,840.00000,856.48657,0.63724,0.49872,12.40449
17.89119,840.00000,857.30456,0.63726,0.49872,12.40416
17.89219,840.00000,857.30456,0.63728,0.49872,12.40384
17.89319,840.00000,856.48657,0.63729,0.49872,12.40351
17.89419,840.00000,863.07495,0.63731,0.49872,12.40318
17.89519,840.00000,863.07495,0.63733,0.49872,12.40286
17.89619,840.00000,863.07495,0.63734,0.49872,12.40252
17.89719,840.00000,860.59234,0.63736,0.49872,12.40219
17.89819,840.00000,862.24578,0.63738,0.49872,12.40186
17.89919,840.00000,860.59234,0.63739,0.49872,12.40152
17.90019,840.00000,860.59234,0.63741,0.49872,12.40118
17.90119,840.00000,860.59234,0.63743,0.49872,12.40084
17.90219,840.00000,860.59234,0.63745,0.49872,12.40049
17.90319,840.00000,860.59234,0.63747,0.49872,12.40015
17.90419,840.00000,860.59234,0.63748,0.49872,12.39980
17.90519,840.00000,860.59234,0.63750,0.49872,12.39945
17.90619,840.00000,861.41833,0.63752,0.49872,12.39910
17.90719,840.00000,861.41833,0.63754,0.49872,12.39875
17.90819,840.00000,861.41833,0.63756,0.49872,12.39840
17.90919,840.00000,861.41833,0.63757,0.49872,12.39804
17.91019,840.00000,861.41833,0.63759,0.49872,12.39768
17.91119,840.00000,862.24578,0.63761,0.49872,12.39732
17.91219,840.00000,862.24578,0.63763,0.49872,12.39696
17.91319,840.00000,861.41833,0.63765,0.49872,12.39660
17.91419,840.00000,860.59234,0.63767,0.49872,12.39624
17.91519,840.00000,859.76806,0.63768,0.49872,12.39588
17.91619,840.00000,859.76806,0.63770,0.49872,12.39551
17.91719,840.00000,855.67004,0.63772,0.49872,12.39515
17.91819,840.00000,854.85510,0.63774,0.49872,12.39478
17.91919,840.00000,854.85510,0.63776,0.49872,12.39441
17.92019,840.00000,854.04180,0.63778,0.49872,12.39404
17.92119,840.00000,851.61090,0.63780,0.49872,12.39366
17.92219,840.00000,851.61090,0.63782,0.49872,12.39329
17.92319,840.00000,854.04180,0.63784,0.49872,12.39292
17.92419,840.00000,851.61090,0.63786,0.49872,12.39254
17.92519,840.00000,854.04180,0.63788,0.49872,12.39217
17.92619,840.00000,854.04180,0.63789,0.49872,12.39180
17.92719,840.00000,854.04180,0.63791,0.49872,12.39142
17.92819,840.00000,858.12420,0.63793,0.49872,12.39105
17.92919,840.00000,858.12420,0.63795,0.49872,12.39068
17.93019,840.00000,858.12420,0.63797,0.49872,12.39031
17.93119,840.00000,860.59234,0.63799,0.49872,12.38994
17.93219,840.00000,861.41833,0.63801,0.49872,12.38957
17.93319,840.00000,860.59234,0.63803,0.49872,12.38920
17.93419,840.00000,861.41833,0.63805,0.49872,12.38884
17.93519,840.00000,860.59234,0.63807,0.49872,12.38847
17.93619,840.00000,860.59234,0.63808,0.49872,12.38810
17.93719,840.00000,861.41833,0.63810,0.49872,12.38774
17.93819,840.00000,860.59234,0.63812,0.49872,12.38737
17.93919,840.00000,861.41833,0.63814,0.49872,12.38701
17.94019,840.00000,861.41833,0.63816,0.49872,12.38664
17.94119,840.00000,861.41833,0.63818,0.49872,12.38628
17.94219,840.00000,861.41833,0.63820,0.49872,12.38592
17.94319,840.00000,863.07495,0.63822,0.49872,12.38556
17.94419,840.00000,861.41833,0.63823,0.49872,12.38520
17.94519,840.00000,863.07495,0.63825,0.49872,12.38484
17.94619,840.00000,863.07495,0.63827,0.49872,12.38448
17.94719,840.00000,861.41833,0.63829,0.49872,12.38412
17.94819,840.00000,861.41833,0.63831,0.49872,12.38376
17.94919,840.00000,861.41833,0.63833,0.49872,12.38340
17.95019,840.00000,861.41833,0.63835,0.49872,12.38305
17.95119,840.00000,860.59234,0.63836,0.49872,12.38269
17.95219,840.00000,860.59234,0.63838,0.49872,12.38233
17.95319,840.00000,863.07495,0.63840,0.49872,12.38198
17.95419,840.00000,860.59234,0.63842,0.49872,12.38162
17.95519,840.00000,860.59234,0.63844,0.49872,12.38127
17.95619,840.00000,860.59234,0.63846,0.49872,12.38092
17.95719,840.00000,862.24578,0.63847,0.49872,12.38057
17.95819,840.00000,862.24578,0.63849,0.49872,12.38022
17.95919,840.00000,862.24578,0.63851,0.49872,12.37987
17.96019,840.00000,862.24578,0.63853,0.49872,12.37952
17.96119,840.00000,862.24578,0.63855,0.49872,12.37917
17.96219,840.00000,862.24578,0.63856,0.49872,12.37882
17.96319,840.00000,858.12420,0.63858,0.49872,12.37848
17.96419,840.00000,860.59234,0.63860,0.49872,12.37813
17.96519,840.00000,861.41833,0.63862,0.49872,12.37779
17.96619,840.00000,860.59234,0.63863,0.49872,12.37745
17.96719,840.00000,858.94537,0.63865,0.49872,12.37711
17.96819,840.00000,859.76806,0.63867,0.49872,12.37677
17.96919,840.00000,859.76806,0.63869,0.49872,12.37643
17.97019,840.00000,859.76806,0.63870,0.49872,12.37609
17.97119,840.00000,858.94537,0.63872,0.49872,12.37576
17.97219,840.00000,858.94537,0.63874,0.49872,12.37542
17.97319,840.00000,857.30456,0.63876,0.49872,12.37509
17.97419,840.00000,858.94537,0.63877,0.49872,12.37476
17.97519,840.00000,857.30456,0.63879,0.49872,12.37443
17.97619,840.00000,857.30456,0.63881,0.49872,12.37411
17.97719,840.00000,856.48657,0.63882,0.49872,12.37378
17.97819,840.00000,856.48657,0.63884,0.49872,12.37347
17.97919,840.00000,856.48657,0.63886,0.49872,12.37315
17.98019,840.00000,856.48657,0.63887,0.49872,12.37284
17.98119,840.00000,856.48657,0.63889,0.49872,12.37253
17.98219,840.00000,857.30456,0.63890,0.49872,12.37223
17.98319,840.00000,855.67004,0.63892,0.49872,12.37192
17.98419,840.00000,854.85510,0.63893,0.49872,12.37162
17.98519,840.00000,854.85510,0.63895,0.49872,12.37132
17.98619,840.00000,854.85510,0.63897,0.49872,12.37103
17.98719,840.00000,854.85510,0.63898,0.49872,12.37074
17.98819,840.00000,857.30456,0.63900,0.49872,12.37045
17.98919,840.00000,854.85510,0.63901,0.49872,12.37017
17.99019,840.00000,854.85510,0.63902,0.49872,12.36989
17.99119,840.00000,856.48657,0.63904,0.49872,12.36961
17.99219,840.00000,856.48657,0.63905,0.49872,12.36934
17.99319,840.00000,856.48657,0.63907,0.49872,12.36908
17.99419,840.00000,856.48657,0.63908,0.49872,12.36882
17.99519,840.00000,856.48657,0.63909,0.49872,12.36856
17.99619,840.00000,863.07495,0.63911,0.49872,12.36831
17.99719,840.00000,863.90557,0.63912,0.49872,12.36806
17.99819,840.00000,863.07495,0.63913,0.49872,12.36782
17.99919,840.00000,863.07495,0.63914,0.49872,12.36758
18.00019,840.00000,863.07495,0.63916,0.49872,12.36734
